tourney_id,tourney_name,surface,draw_size,tourney_level,tourney_date,match_num,winner1_id,winner2_id,winner_seed,winner_entry,loser1_id,loser2_id,loser_seed,loser_entry,score,best_of,round,winner1_name,winner1_hand,winner1_ht,winner1_ioc,winner1_age,winner2_name,winner2_hand,winner2_ht,winner2_ioc,winner2_age,loser1_name,loser1_hand,loser1_ht,loser1_ioc,loser1_age,loser2_name,loser2_hand,loser2_ht,loser2_ioc,loser2_age,winner1_rank,winner1_rank_points,winner2_rank,winner2_rank_points,loser1_rank,loser1_rank_points,loser2_rank,loser2_rank_points,minutes,w_ace,w_df,w_svpt,w_1stIn,w_1stWon,w_2ndWon,w_SvGms,w_bpSaved,w_bpFaced,l_ace,l_df,l_svpt,l_1stIn,l_1stWon,l_2ndWon,l_SvGms,l_bpSaved,l_bpFaced
2020-0451,Doha,Hard,32,A,20200106,269,103523,105323,3,,106382,104136,,,3-6 6-2 (10-6),3,F,Rohan Bopanna,R,190,IND,39.8412046543,Wesley Koolhof,R,,NED,30.7214236824,Luke Bambridge,R,,GBR,24.9582477755,Santiago Gonzalez,R,190,MEX,36.8651608487,42,1905,18,3660,51,1530,49,1613,72,3,1,53,39,26,9,8,0,1,2,1,57,36,24,9,9,2,4,,,,,,,,,,,,,,,,,,,,
2020-0451,Doha,Hard,32,A,20200106,268,106382,104136,,,104233,105047,,,2-6 6-2 (10-4),3,SF,Luke Bambridge,R,,GBR,24.9582477755,Santiago Gonzalez,R,190,MEX,36.8651608487,Frederik Nielsen,R,190,DEN,36.3613963039,Tim Puetz,R,,GER,32.1314168378,51,1530,49,1613,45,1725,62,1340,64,6,1,45,34,28,5,8,2,4,1,3,49,33,21,8,8,0,2,,,,,,,,,,,,,,,,,,,,
2020-0451,Doha,Hard,32,A,20200106,267,103523,105323,3,,105573,105015,2,,7-5 6-2,3,SF,Rohan Bopanna,R,190,IND,39.8412046543,Wesley Koolhof,R,,NED,30.7214236824,Henri Kontinen,R,,FIN,29.5496235455,Franco Skugor,R,193,CRO,32.295687885,42,1905,18,3660,16,3750,35,2630,70,0,1,53,35,27,13,10,3,3,3,0,56,36,23,9,10,4,7,,,,,,,,,,,,,,,,,,,,
2020-0451,Doha,Hard,32,A,20200106,266,104233,105047,,,106207,103946,1,,4-6 6-2 (10-7),3,QF,Frederik Nielsen,R,190,DEN,36.3613963039,Tim Puetz,R,,GER,32.1314168378,Mate Pavic,L,,CRO,26.507871321,Bruno Soares,R,180,BRA,37.8562628337,45,1725,62,1340,17,3740,21,3570,73,3,4,60,46,34,5,9,9,11,3,3,60,40,27,9,9,4,7,,,,,,,,,,,,,,,,,,,,
2020-0451,Doha,Hard,32,A,20200106,265,106382,104136,,,104871,104802,4,,6-3 7-6(7),3,QF,Luke Bambridge,R,,GBR,24.9582477755,Santiago Gonzalez,R,190,MEX,36.8651608487,Jeremy Chardy,R,188,FRA,32.8980150582,Fabrice Martin,R,,FRA,33.3196440794,51,1530,49,1613,30,3190,29,3225,84,3,4,71,46,39,12,11,7,7,5,1,66,51,36,9,10,2,3,,,,,,,,,,,,,,,,,,,,
2020-0451,Doha,Hard,32,A,20200106,264,103523,105323,3,,126207,104527,,,6-3 6-4,3,QF,Rohan Bopanna,R,190,IND,39.8412046543,Wesley Koolhof,R,,NED,30.7214236824,Francis Tiafoe,R,,USA,21.9603011636,Stanislas Wawrinka,R,183,SUI,34.7761806982,42,1905,18,3660,440,90,287,180,48,3,2,52,37,30,7,10,1,2,4,2,40,25,17,7,9,0,3,,,,,,,,,,,,,,,,,,,,
2020-0451,Doha,Hard,32,A,20200106,263,105573,105015,2,,104159,105439,,,6-7(2) 6-4 (13-11),3,QF,Henri Kontinen,R,,FIN,29.5496235455,Franco Skugor,R,193,CRO,32.295687885,Ken Skupski,L,185,GBR,36.7446954141,Neal Skupski,R,,GBR,30.0971937029,16,3750,35,2630,50,1573,31,3075,103,7,4,75,50,43,11,11,2,3,1,2,78,56,39,14,11,1,3,,,,,,,,,,,,,,,,,,,,
2020-0451,Doha,Hard,32,A,20200106,262,106207,103946,1,,106078,105062,,Alt,6-2 6-4,3,R32,Mate Pavic,L,,CRO,26.507871321,Bruno Soares,R,180,BRA,37.8562628337,Egor Gerasimov,R,,BLR,27.151266256,Mikhail Kukushkin,R,183,KAZ,32.0301163587,17,3740,21,3570,1122,17,138,540,32,2,2,44,34,22,6,9,3,5,0,0,43,38,15,3,9,1,6,,,,,,,,,,,,,,,,,,,,
2020-0451,Doha,Hard,32,A,20200106,261,104233,105047,,,105269,104235,,,7-6(10) 6-7(5) (10-7),3,R32,Frederik Nielsen,R,190,DEN,36.3613963039,Tim Puetz,R,,GER,32.1314168378,Marcelo Demoliner,R,,BRA,30.9650924025,Matwe Middelkoop,R,,NED,36.3422313484,45,1725,62,1340,44,1755,55,1450,110,5,2,91,69,51,12,12,6,8,5,4,91,61,44,17,12,8,10,,,,,,,,,,,,,,,,,,,,
2020-0451,Doha,Hard,32,A,20200106,260,104871,104802,4,,104690,104677,,PR,7-6(4) 6-2,3,R32,Jeremy Chardy,R,188,FRA,32.8980150582,Fabrice Martin,R,,FRA,33.3196440794,Divij Sharan,L,,IND,33.8480492813,Artem Sitak,R,,NZL,33.9082819986,30,3190,29,3225,52,1528,61,1345,75,8,1,56,31,25,19,10,0,0,1,0,59,37,24,14,10,5,7,,,,,,,,,,,,,,,,,,,,
2020-0451,Doha,Hard,32,A,20200106,259,106382,104136,,,105575,105683,,,5-7 7-6(5) (10-5),3,R32,Luke Bambridge,R,,GBR,24.9582477755,Santiago Gonzalez,R,190,MEX,36.8651608487,Ricardas Berankis,R,175,LTU,29.5441478439,Milos Raonic,R,196,CAN,29.0266940452,51,1530,49,1613,292,180,700,45,96,5,3,76,46,35,20,12,4,7,4,3,80,55,42,11,12,3,5,,,,,,,,,,,,,,,,,,,,
2020-0451,Doha,Hard,32,A,20200106,258,126207,104527,,,122330,126094,,,6-3 7-6(6),3,R32,Francis Tiafoe,R,,USA,21.9603011636,Stanislas Wawrinka,R,183,SUI,34.7761806982,Alexander Bublik,R,,KAZ,22.5544147844,Andrey Rublev,R,,RUS,22.212183436,440,90,287,180,339,135,74,1050,64,4,1,62,46,32,10,10,3,4,3,7,62,32,25,13,11,1,4,,,,,,,,,,,,,,,,,,,,
2020-0451,Doha,Hard,32,A,20200106,257,103523,105323,3,,106065,132283,,,6-3 6-2,3,R32,Rohan Bopanna,R,190,IND,39.8412046543,Wesley Koolhof,R,,NED,30.7214236824,Marco Cecchinato,R,,ITA,27.266255989,Lorenzo Sonego,R,,ITA,24.6570841889,42,1905,18,3660,451,90,449,90,56,3,3,55,32,23,12,9,6,7,2,4,40,28,16,3,8,2,6,,,,,,,,,,,,,,,,,,,,
2020-0451,Doha,Hard,32,A,20200106,256,104159,105439,,,105379,111513,,,6-7(2) 6-4 (10-5),3,R32,Ken Skupski,L,185,GBR,36.7446954141,Neal Skupski,R,,GBR,30.0971937029,Aljaz Bedene,R,181,SLO,30.46954141,Laslo Djere,R,,SRB,24.5968514716,50,1573,31,3075,447,90,,,96,3,3,73,52,37,13,11,4,5,2,0,75,51,32,14,11,3,5,,,,,,,,,,,,,,,,,,,,
2020-0451,Doha,Hard,32,A,20200106,255,105573,105015,2,,104291,209327,,WC,6-3 6-1,3,R32,Henri Kontinen,R,,FIN,29.5496235455,Franco Skugor,R,193,CRO,32.295687885,Malek Jaziri,R,185,TUN,35.961670089,Rashed Nawaf,R,,QAT,,16,3750,35,2630,169,405,1907,2,43,6,0,36,26,24,8,8,1,1,2,3,45,33,17,5,8,1,5,,,,,,,,,,,,,,,,,,,,
2020-M056,Adelaide,Hard,32,A,20200113,269,104216,104802,,,104471,104583,4,,7-6(12) 6-3,3,F,Maximo Gonzalez,R,175,ARG,36.4845995893,Fabrice Martin,R,,FRA,33.3388090349,Ivan Dodig,R,183,CRO,35.0280629706,Filip Polasek,R,196,SVK,34.4804928131,33,2775,30,3225,12,4270,13,4220,105,4,3,74,60,44,9,11,7,8,9,3,69,43,35,12,10,4,6,,,,,,,,,,,,,,,,,,,,
2020-M056,Adelaide,Hard,32,A,20200113,268,104471,104583,4,,104679,105439,,,5-7 6-3 (15-13),3,SF,Ivan Dodig,R,183,CRO,35.0280629706,Filip Polasek,R,196,SVK,34.4804928131,Jamie Murray,L,190,GBR,33.9137577002,Neal Skupski,R,,GBR,30.1163586585,12,4270,13,4220,25,3395,31,3075,109,4,6,77,36,29,24,11,7,8,0,4,64,41,37,13,10,2,3,,,,,,,,,,,,,,,,,,,,
2020-M056,Adelaide,Hard,32,A,20200113,267,104216,104802,,,104330,110749,,,6-3 6-4,3,SF,Maximo Gonzalez,R,175,ARG,36.4845995893,Fabrice Martin,R,,FRA,33.3388090349,Rajeev Ram,R,193,USA,35.8220396988,Joe Salisbury,U,,GBR,27.7316906229,33,2775,30,3225,22,3540,21,3570,66,4,0,56,41,29,11,10,5,5,2,1,50,39,27,5,9,4,6,,,,,,,,,,,,,,,,,,,,
2020-M056,Adelaide,Hard,32,A,20200113,266,104679,105439,,,103781,104273,,,6-3 1-6 (13-11),3,QF,Jamie Murray,L,190,GBR,33.9137577002,Neal Skupski,R,,GBR,30.1163586585,Jurgen Melzer,L,183,AUT,38.6447638604,Edouard Roger Vasselin,R,188,FRA,36.1259411362,25,3395,31,3075,36,2445,16,3770,79,1,3,60,49,31,5,8,6,8,1,1,59,45,28,10,8,5,6,,,,,,,,,,,,,,,,,,,,
2020-M056,Adelaide,Hard,32,A,20200113,265,104471,104583,4,,106426,106228,,,6-4 6-3,3,QF,Ivan Dodig,R,183,CRO,35.0280629706,Filip Polasek,R,196,SVK,34.4804928131,Christian Garin,R,,CHI,23.6221765914,Juan Ignacio Londero,R,,ARG,26.4120465435,12,4270,13,4220,299,175,345,135,65,7,4,50,31,27,8,9,1,2,1,2,58,44,25,9,10,4,8,,,,,,,,,,,,,,,,,,,,
2020-M056,Adelaide,Hard,32,A,20200113,264,104330,110749,,,105323,105254,,,6-4 6-3,3,QF,Rajeev Ram,R,193,USA,35.8220396988,Joe Salisbury,U,,GBR,27.7316906229,Wesley Koolhof,R,,NED,30.7405886379,Nikola Mektic,R,,CRO,31.0527036277,22,3540,21,3570,14,3820,15,3810,67,3,1,54,42,31,9,10,6,6,2,1,49,32,22,9,9,7,9,,,,,,,,,,,,,,,,,,,,
2020-M056,Adelaide,Hard,32,A,20200113,263,104216,104802,,,103997,104249,2,,6-4 7-5,3,QF,Maximo Gonzalez,R,175,ARG,36.4845995893,Fabrice Martin,R,,FRA,33.3388090349,Lukasz Kubot,R,190,POL,37.6618754278,Marcelo Melo,R,203,BRA,36.3066392882,33,2775,30,3225,5,5090,7,4910,89,4,0,62,47,33,7,11,4,7,3,1,62,37,21,13,11,5,10,,,,,,,,,,,,,,,,,,,,
2020-M056,Adelaide,Hard,32,A,20200113,262,103781,104273,,,144750,105441,,Alt,6-3 6-3,3,R32,Jurgen Melzer,L,183,AUT,38.6447638604,Edouard Roger Vasselin,R,188,FRA,36.1259411362,Lloyd George Muirhead Harris,R,,RSA,22.8829568789,John Patrick Smith,L,,AUS,30.1081451061,36,2445,16,3770,365,123,101,840,56,2,2,48,41,29,5,9,7,8,6,3,51,35,25,4,9,0,4,,,,,,,,,,,,,,,,,,,,
2020-M056,Adelaide,Hard,32,A,20200113,261,104679,105439,,,105269,104235,,,6-3 4-6 (10-4),3,R32,Jamie Murray,L,190,GBR,33.9137577002,Neal Skupski,R,,GBR,30.1163586585,Marcelo Demoliner,R,,BRA,30.984257358,Matwe Middelkoop,R,,NED,36.3613963039,25,3395,31,3075,47,1700,55,1450,87,0,3,64,39,27,14,10,10,11,1,2,55,29,19,17,9,0,1,,,,,,,,,,,,,,,,,,,,
2020-M056,Adelaide,Hard,32,A,20200113,260,104471,104583,4,,104589,102963,,PR,6-3 7-6(1),3,R32,Ivan Dodig,R,183,CRO,35.0280629706,Filip Polasek,R,196,SVK,34.4804928131,Chris Guccione,L,201,AUS,34.4558521561,Robert Lindstedt,R,190,SWE,42.8199863107,12,4270,13,4220,367,120,72,1090,75,3,0,54,33,29,16,11,0,1,3,1,57,40,28,9,10,1,3,,,,,,,,,,,,,,,,,,,,
2020-M056,Adelaide,Hard,32,A,20200113,259,106426,106228,,,103720,111442,,WC,6-3 2-6 (10-7),3,R32,Christian Garin,R,,CHI,23.6221765914,Juan Ignacio Londero,R,,ARG,26.4120465435,Lleyton Hewitt,R,180,AUS,38.8829568789,Jordan Thompson,R,,AUS,25.7330595483,299,175,345,135,450,90,227,270,66,2,1,56,37,26,10,9,0,2,2,2,53,35,25,9,8,3,4,,,,,,,,,,,,,,,,,,,,
2020-M056,Adelaide,Hard,32,A,20200113,258,104330,110749,,,105433,103938,,,6-2 6-3,3,R32,Rajeev Ram,R,193,USA,35.8220396988,Joe Salisbury,U,,GBR,27.7316906229,Roman Jebavy,R,,CZE,30.1574264203,Igor Zelenay,R,198,SVK,37.9219712526,22,3540,21,3570,63,1276,64,1255,55,2,1,39,25,21,11,8,2,2,3,4,48,27,19,7,9,3,7,,,,,,,,,,,,,,,,,,,,
2020-M056,Adelaide,Hard,32,A,20200113,257,105323,105254,,,105906,105617,3,,7-6(3) 6-2,3,R32,Wesley Koolhof,R,,NED,30.7405886379,Nikola Mektic,R,,CRO,31.0527036277,Kevin Krawietz,R,190,GER,27.9698836413,Andreas Mies,U,,GER,29.3963039014,14,3820,15,3810,8,4660,10,4500,88,2,2,64,37,28,15,10,6,7,0,2,65,47,27,10,10,6,9,,,,,,,,,,,,,,,,,,,,
2020-M056,Adelaide,Hard,32,A,20200113,256,104216,104802,,,106109,200615,,WC,6-4 6-3,3,R32,Maximo Gonzalez,R,175,ARG,36.4845995893,Fabrice Martin,R,,FRA,33.3388090349,Alex Bolt,L,,AUS,27.0198494182,Alexei Popyrin,R,,AUS,20.4407939767,33,2775,30,3225,281,188,273,197,61,2,1,49,31,27,8,9,2,3,4,3,56,33,24,10,10,5,9,,,,,,,,,,,,,,,,,,,,
2020-M056,Adelaide,Hard,32,A,20200113,255,103997,104249,2,,104071,103594,,,6-2 6-4,3,R32,Lukasz Kubot,R,190,POL,37.6618754278,Marcelo Melo,R,203,BRA,36.3066392882,Raven Klaasen,R,180,RSA,37.2429842574,Oliver Marach,R,185,AUT,39.4934976044,5,5090,7,4910,9,4595,32,3060,73,3,3,50,28,20,15,9,1,2,1,0,46,30,18,8,9,6,10,,,,,,,,,,,,,,,,,,,,
2020-0301,Auckland,Hard,32,A,20200113,269,106382,110758,,,105428,104667,,,7-6(3) 6-3,3,F,Luke Bambridge,R,,GBR,24.977412731,Ben Mclachlan,R,,NZL,27.6769336071,Marcus Daniell,R,190,NZL,30.1765913758,Philipp Oswald,R,,AUT,33.9712525667,50,1635,51,1610,48,1695,41,1955,82,8,2,60,44,35,12,11,0,1,4,2,61,49,36,4,10,4,6,,,,,,,,,,,,,,,,,,,,
2020-0301,Auckland,Hard,32,A,20200113,268,106382,110758,,,105695,126115,,,7-6(5) 7-6(4),3,SF,Luke Bambridge,R,,GBR,24.977412731,Ben Mclachlan,R,,NZL,27.6769336071,Sander Gille,R,,BEL,28.9938398357,Joran Vliegen,U,,BEL,26.5188227242,50,1635,51,1610,43,1781,38,2096,110,8,3,76,49,39,19,12,1,1,4,5,77,49,41,14,12,6,6,,,,,,,,,,,,,,,,,,,,
2020-0301,Auckland,Hard,32,A,20200113,267,105428,104667,,,105572,105015,4,,6-2 7-6(5),3,SF,Marcus Daniell,R,190,NZL,30.1765913758,Philipp Oswald,R,,AUT,33.9712525667,Austin Krajicek,L,,USA,29.5770020534,Franco Skugor,R,193,CRO,32.3148528405,48,1695,41,1955,42,1925,35,2720,83,1,1,57,37,30,14,10,1,1,4,1,57,41,29,8,10,2,4,,,,,,,,,,,,,,,,,,,,
2020-0301,Auckland,Hard,32,A,20200113,266,105695,126115,,,104690,104677,,,5-7 7-6(3) (11-9),3,QF,Sander Gille,R,,BEL,28.9938398357,Joran Vliegen,U,,BEL,26.5188227242,Divij Sharan,L,,IND,33.8672142368,Artem Sitak,R,,NZL,33.9274469541,43,1781,38,2096,53,1528,62,1325,110,5,3,81,53,37,17,12,3,6,5,3,77,52,39,11,12,0,2,,,,,,,,,,,,,,,,,,,,
2020-0301,Auckland,Hard,32,A,20200113,265,106382,110758,,,103523,105573,3,,6-3 6-4,3,QF,Luke Bambridge,R,,GBR,24.977412731,Ben Mclachlan,R,,NZL,27.6769336071,Rohan Bopanna,R,190,IND,39.8603696099,Henri Kontinen,R,,FIN,29.568788501,50,1635,51,1610,37,2110,17,3750,59,4,1,50,28,20,16,10,1,2,1,2,47,35,25,5,9,1,4,,,,,,,,,,,,,,,,,,,,
2020-0301,Auckland,Hard,32,A,20200113,264,105572,105015,4,,104693,103529,,,6-2 6-2,3,QF,Austin Krajicek,L,,USA,29.5770020534,Franco Skugor,R,193,CRO,32.3148528405,Dominic Inglot,R,,GBR,33.8562628337,Aisam Ul Haq Qureshi,R,183,PAK,39.8247775496,42,1925,35,2720,58,1385,54,1525,53,3,1,41,29,25,7,8,4,4,5,2,44,27,17,10,8,4,8,,,,,,,,,,,,,,,,,,,,
2020-0301,Auckland,Hard,32,A,20200113,263,105428,104667,,,104233,105047,,,4-6 6-1 (10-7),3,QF,Marcus Daniell,R,190,NZL,30.1765913758,Philipp Oswald,R,,AUT,33.9712525667,Frederik Nielsen,R,190,DEN,36.3805612594,Tim Puetz,R,,GER,32.1505817933,48,1695,41,1955,44,1770,57,1405,68,4,2,57,38,30,12,9,1,2,2,2,54,40,29,6,8,1,3,,,,,,,,,,,,,,,,,,,,
2020-0301,Auckland,Hard,32,A,20200113,262,104690,104677,,,105188,105030,1,,7-6(4) 7-6(3),3,R32,Divij Sharan,L,,IND,33.8672142368,Artem Sitak,R,,NZL,33.9274469541,John Peers,R,,AUS,31.4688569473,Michael Venus,R,,NZL,32.2436687201,53,1528,62,1325,23,3460,11,4380,94,3,3,81,48,35,19,12,6,9,5,4,72,51,33,12,12,3,6,,,,,,,,,,,,,,,,,,,,
2020-0301,Auckland,Hard,32,A,20200113,261,105695,126115,,,104919,105311,,,W/O,3,R32,Sander Gille,R,,BEL,28.9938398357,Joran Vliegen,U,,BEL,26.5188227242,Leonardo Mayer,R,188,ARG,32.6652977413,Joao Sousa,R,185,POR,30.7898699521,43,1781,38,2096,60,1349,39,2070,0,0,0,0,0,0,0,0,0,0,0,0,0,0,0,0,0,0,0,,,,,,,,,,,,,,,,,,,,
2020-0301,Auckland,Hard,32,A,20200113,260,103523,105573,3,,111815,144650,,WC,6-4 6-2,3,R32,Rohan Bopanna,R,190,IND,39.8603696099,Henri Kontinen,R,,FIN,29.568788501,Cameron Norrie,L,,GBR,24.3915126626,Rhett Purcell,R,,GBR,23.9342915811,37,2110,17,3750,159,450,397,108,54,3,1,44,25,23,13,9,0,0,3,0,50,38,25,5,9,7,10,,,,,,,,,,,,,,,,,,,,
2020-0301,Auckland,Hard,32,A,20200113,259,106382,110758,,,111456,208055,,WC,6-3 7-5,3,R32,Luke Bambridge,R,,GBR,24.977412731,Ben Mclachlan,R,,NZL,27.6769336071,Mackenzie Mcdonald,R,,USA,24.7446954141,Ajeet Rai,R,,NZL,20.9856262834,50,1635,51,1610,293,180,965,25,68,6,2,59,38,32,11,11,1,2,6,1,56,42,25,8,10,3,6,,,,,,,,,,,,,,,,,,,,
2020-0301,Auckland,Hard,32,A,20200113,258,104693,103529,,,106198,106329,,,6-3 6-4,3,R32,Dominic Inglot,R,,GBR,33.8562628337,Aisam Ul Haq Qureshi,R,183,PAK,39.8247775496,Hugo Dellien,R,,BOL,26.5763175907,Thiago Monteiro,L,,BRA,25.620807666,58,1385,54,1525,257,215,538,69,58,4,1,48,36,31,9,10,2,2,4,4,54,39,29,3,9,6,8,,,,,,,,,,,,,,,,,,,,
2020-0301,Auckland,Hard,32,A,20200113,257,105572,105015,4,,104136,104159,,,7-5 7-6(6),3,R32,Austin Krajicek,L,,USA,29.5770020534,Franco Skugor,R,193,CRO,32.3148528405,Santiago Gonzalez,R,190,MEX,36.8843258042,Ken Skupski,L,185,GBR,36.7638603696,42,1925,35,2720,45,1763,52,1528,99,3,0,73,45,33,19,12,3,4,3,3,78,55,39,10,12,10,12,,,,,,,,,,,,,,,,,,,,
2020-0301,Auckland,Hard,32,A,20200113,256,105428,104667,,,104620,104926,,,6-3 1-1 RET,3,R32,Marcus Daniell,R,190,NZL,30.1765913758,Philipp Oswald,R,,AUT,33.9712525667,Simone Bolelli,R,183,ITA,34.264202601,Fabio Fognini,R,178,ITA,32.6406570842,48,1695,41,1955,84,981,136,575,38,2,0,30,24,18,4,6,0,1,1,3,33,25,12,4,5,1,3,,,,,,,,,,,,,,,,,,,,
2020-0301,Auckland,Hard,32,A,20200113,255,104233,105047,,,106207,103946,2,,6-7(5) 6-3 (10-7),3,R32,Frederik Nielsen,R,190,DEN,36.3805612594,Tim Puetz,R,,GER,32.1505817933,Mate Pavic,L,,CRO,26.5270362765,Bruno Soares,R,180,BRA,37.8754277892,44,1770,57,1405,18,3740,24,3410,87,4,2,70,51,40,12,10,6,6,3,1,73,50,37,14,11,3,5,,,,,,,,,,,,,,,,,,,,
2020-9158,Cordoba,Clay,32,A,20200203,269,105269,104235,3,,104919,105120,4,,6-3 7-6(4),3,F,Marcelo Demoliner,R,,BRA,31.0417522245,Matwe Middelkoop,R,,NED,36.4188911704,Leonardo Mayer,R,188,ARG,32.7227926078,Andres Molteni,R,,ARG,31.8877481177,58,1530,59,1460,116,719,55,1605,87,1,1,62,45,35,14,11,2,2,4,1,63,44,32,10,10,6,7,,,,,,,,,,,,,,,,,,,,
2020-9158,Cordoba,Clay,32,A,20200203,268,104919,105120,4,,104216,104802,1,,6-4 3-6 (10-8),3,SF,Leonardo Mayer,R,188,ARG,32.7227926078,Andres Molteni,R,,ARG,31.8877481177,Maximo Gonzalez,R,175,ARG,36.5420944559,Fabrice Martin,R,,FRA,33.3963039014,116,719,55,1605,32,2890,22,3395,87,5,1,60,45,34,7,9,4,5,0,1,63,45,33,10,10,5,6,,,,,,,,,,,,,,,,,,,,
2020-9158,Cordoba,Clay,32,A,20200203,267,105269,104235,3,,105431,105271,,,6-4 6-3,3,SF,Marcelo Demoliner,R,,BRA,31.0417522245,Matwe Middelkoop,R,,NED,36.4188911704,Ariel Behar,R,,URU,30.2258726899,Gonzalo Escobar,L,,ECU,31.0362765229,58,1530,59,1460,74,1109,71,1157,69,2,1,53,33,25,13,10,5,6,0,2,51,32,21,9,9,3,6,,,,,,,,,,,,,,,,,,,,
2020-9158,Cordoba,Clay,32,A,20200203,266,104216,104802,1,,106065,105077,,,W/O,3,QF,Maximo Gonzalez,R,175,ARG,36.5420944559,Fabrice Martin,R,,FRA,33.3963039014,Marco Cecchinato,R,,ITA,27.3429158111,Albert Ramos,L,188,ESP,32.0465434634,32,2890,22,3395,417,100,273,190,0,0,0,0,0,0,0,0,0,0,0,0,0,0,0,0,0,0,0,,,,,,,,,,,,,,,,,,,,
2020-9158,Cordoba,Clay,32,A,20200203,265,104919,105120,4,,105487,105550,,,W/O,3,QF,Leonardo Mayer,R,188,ARG,32.7227926078,Andres Molteni,R,,ARG,31.8877481177,Facundo Bagnis,L,,ARG,29.9329226557,Guido Pella,L,185,ARG,29.7166324435,116,719,55,1605,213,305,60,1440,0,0,0,0,0,0,0,0,0,0,0,0,0,0,0,0,0,0,0,,,,,,,,,,,,,,,,,,,,
2020-9158,Cordoba,Clay,32,A,20200203,264,105269,104235,3,,105943,124079,,Alt,7-6(5) 6-2,3,QF,Marcelo Demoliner,R,,BRA,31.0417522245,Matwe Middelkoop,R,,NED,36.4188911704,Federico Gaio,R,,ITA,27.9151266256,Pedro Martinez Portero,R,,ESP,22.7734428474,58,1530,59,1460,855,32,193,358,68,5,2,62,44,33,11,10,5,5,1,3,65,44,34,7,10,5,7,,,,,,,,,,,,,,,,,,,,
2020-9158,Cordoba,Clay,32,A,20200203,263,105431,105271,,,106329,105262,,,4-6 6-3 (13-11),3,QF,Ariel Behar,R,,URU,30.2258726899,Gonzalo Escobar,L,,ECU,31.0362765229,Thiago Monteiro,L,,BRA,25.6783025325,Fernando Romboli,R,180,BRA,31.0800821355,74,1109,71,1157,755,40,100,845,81,2,2,63,46,34,12,10,1,2,3,1,57,40,30,9,9,1,2,,,,,,,,,,,,,,,,,,,,
2020-9158,Cordoba,Clay,32,A,20200203,262,104216,104802,1,,104665,104547,,,6-3 6-2,3,R32,Maximo Gonzalez,R,175,ARG,36.5420944559,Fabrice Martin,R,,FRA,33.3963039014,Pablo Andujar,R,180,ESP,34.0287474333,Horacio Zeballos,L,188,ARG,34.7707049966,32,2890,22,3395,1374,10,3,5430,57,5,1,47,35,28,8,9,2,2,1,1,44,28,20,7,8,0,3,,,,,,,,,,,,,,,,,,,,
2020-9158,Cordoba,Clay,32,A,20200203,261,106065,105077,,,104600,200225,,,6-4 3-6 (10-6),3,R32,Marco Cecchinato,R,,ITA,27.3429158111,Albert Ramos,L,188,ESP,32.0465434634,Treat Conrad Huey,L,178,PHI,34.4339493498,Nathaniel Lammons,U,,USA,26.4777549624,417,100,273,190,157,463,115,725,66,2,1,61,40,28,13,9,3,4,7,2,63,46,35,7,10,2,3,,,,,,,,,,,,,,,,,,,,
2020-9158,Cordoba,Clay,32,A,20200203,260,104919,105120,4,,105160,106228,,,6-3 1-6 (10-5),3,R32,Leonardo Mayer,R,188,ARG,32.7227926078,Andres Molteni,R,,ARG,31.8877481177,Guillermo Duran,R,,ARG,31.6605065024,Juan Ignacio Londero,R,,ARG,26.46954141,116,719,55,1605,87,933,275,190,69,3,6,54,38,26,7,8,5,7,2,1,48,38,25,7,8,4,5,,,,,,,,,,,,,,,,,,,,
2020-9158,Cordoba,Clay,32,A,20200203,259,105487,105550,,,104655,106198,,,6-4 7-5,3,R32,Facundo Bagnis,L,,ARG,29.9329226557,Guido Pella,L,185,ARG,29.7166324435,Pablo Cuevas,R,180,URU,34.0889801506,Hugo Dellien,R,,BOL,26.6338124572,213,305,60,1440,119,715,261,210,75,0,1,64,47,32,12,11,4,4,4,3,64,42,32,7,11,4,6,,,,,,,,,,,,,,,,,,,,
2020-9158,Cordoba,Clay,32,A,20200203,258,105943,124079,,Alt,105948,106426,,,7-6(5) 6-1,3,R32,Federico Gaio,R,,ITA,27.9151266256,Pedro Martinez Portero,R,,ESP,22.7734428474,Federico Coria,R,,ARG,27.9041752225,Christian Garin,R,,CHI,23.6796714579,855,32,193,358,1214,15,252,220,69,3,4,58,40,34,10,10,2,2,1,3,58,42,27,7,9,8,10,,,,,,,,,,,,,,,,,,,,
2020-9158,Cordoba,Clay,32,A,20200203,257,105269,104235,3,,106398,126663,,WC,6-1 6-1,3,R32,Marcelo Demoliner,R,,BRA,31.0417522245,Matwe Middelkoop,R,,NED,36.4188911704,Pedro Cachin,R,,ARG,24.8131416838,Juan Pablo Ficovich,R,,ARG,23.0253251198,58,1530,59,1460,372,116,821,35,41,1,1,37,28,24,4,7,1,1,0,1,41,31,15,4,7,7,12,,,,,,,,,,,,,,,,,,,,
2020-9158,Cordoba,Clay,32,A,20200203,256,106329,105262,,,105561,126149,,Alt,W/O,3,R32,Thiago Monteiro,L,,BRA,25.6783025325,Fernando Romboli,R,180,BRA,31.0800821355,Alessandro Giannessi,L,183,ITA,29.6810403833,Gianluca Mager,R,,ITA,25.1745379877,755,40,100,845,,,380,112,0,0,0,0,0,0,0,0,0,0,0,0,0,0,0,0,0,0,0,,,,,,,,,,,,,,,,,,,,
2020-9158,Cordoba,Clay,32,A,20200203,255,105431,105271,,,105695,126115,2,,3-6 6-3 (11-9),3,R32,Ariel Behar,R,,URU,30.2258726899,Gonzalo Escobar,L,,ECU,31.0362765229,Sander Gille,R,,BEL,29.0513347023,Joran Vliegen,U,,BEL,26.5763175907,74,1109,71,1157,45,1868,37,2183,74,3,1,55,42,35,5,9,4,5,3,2,59,40,31,11,9,1,2,,,,,,,,,,,,,,,,,,,,
2020-0375,Montpellier,Hard,32,A,20200203,269,105677,106207,,,104693,103529,,,6-4 6-7(4) (10-4),3,F,Nikola Cacic,R,,SRB,29.158110883,Mate Pavic,L,,CRO,26.5845311431,Dominic Inglot,R,,GBR,33.9137577002,Aisam Ul Haq Qureshi,R,183,PAK,39.8822724162,73,1117,15,3830,65,1335,56,1560,89,10,0,67,51,44,10,11,4,4,7,0,73,53,39,11,11,4,5,,,,,,,,,,,,,,,,,,,,
2020-0375,Montpellier,Hard,32,A,20200203,268,105677,106207,,,105493,105302,,,7-6(3) 7-5,3,SF,Nikola Cacic,R,,SRB,29.158110883,Mate Pavic,L,,CRO,26.5845311431,Tomislav Brkic,R,,BIH,29.9055441478,Ante Pavic,R,,CRO,30.9103353867,73,1117,15,3830,107,772,106,781,98,7,2,65,51,43,8,12,3,4,4,2,73,46,31,15,12,0,2,,,,,,,,,,,,,,,,,,,,
2020-0375,Montpellier,Hard,32,A,20200203,267,104693,103529,,,104679,105439,4,,4-6 7-6(5) (10-5),3,SF,Dominic Inglot,R,,GBR,33.9137577002,Aisam Ul Haq Qureshi,R,183,PAK,39.8822724162,Jamie Murray,L,190,GBR,33.9712525667,Neal Skupski,R,,GBR,30.173853525,65,1335,56,1560,25,3125,28,3075,104,9,6,74,46,32,18,11,3,5,2,4,71,46,35,14,11,3,4,,,,,,,,,,,,,,,,,,,,
2020-0375,Montpellier,Hard,32,A,20200203,266,105677,106207,,,105906,103917,1,,6-4 7-5,3,QF,Nikola Cacic,R,,SRB,29.158110883,Mate Pavic,L,,CRO,26.5845311431,Kevin Krawietz,R,190,GER,28.0273785079,Nicolas Mahut,R,190,FRA,38.0342231348,73,1117,15,3830,11,4490,6,5190,70,8,3,58,35,29,12,11,8,9,3,4,62,45,33,5,11,4,7,,,,,,,,,,,,,,,,,,,,
2020-0375,Montpellier,Hard,32,A,20200203,265,105493,105302,,,103781,104273,3,,6-4 2-6 (10-7),3,QF,Tomislav Brkic,R,,BIH,29.9055441478,Ante Pavic,R,,CRO,30.9103353867,Jurgen Melzer,L,183,AUT,38.7022587269,Edouard Roger Vasselin,R,188,FRA,36.1834360027,107,772,106,781,35,2445,17,3770,78,7,5,62,42,30,6,9,9,12,4,1,56,39,24,10,9,3,5,,,,,,,,,,,,,,,,,,,,
2020-0375,Montpellier,Hard,32,A,20200203,264,104679,105439,4,,106049,106022,,,3-6 6-2 (10-2),3,QF,Jamie Murray,L,190,GBR,33.9712525667,Neal Skupski,R,,GBR,30.173853525,Ivan Sabanov,R,,CRO,27.4414784394,Matej Sabanov,R,,CRO,27.6084873374,25,3125,28,3075,161,443,161,443,64,4,2,48,35,28,4,8,3,4,0,0,57,45,28,6,9,1,3,,,,,,,,,,,,,,,,,,,,
2020-0375,Montpellier,Hard,32,A,20200203,263,104693,103529,,,103828,104486,2,,7-6(4) 6-7(4) (11-9),3,QF,Dominic Inglot,R,,GBR,33.9137577002,Aisam Ul Haq Qureshi,R,183,PAK,39.8822724162,Jean Julien Rojer,R,183,AHO,38.4421629021,Horia Tecau,R,193,ROU,35.0390143737,65,1335,56,1560,19,3740,18,3740,106,12,5,83,50,40,23,12,6,6,7,1,77,49,43,19,12,0,0,,,,,,,,,,,,,,,,,,,,
2020-0375,Montpellier,Hard,32,A,20200203,262,105906,103917,1,,105173,105714,,,7-6(4) 4-6 (10-4),3,R32,Kevin Krawietz,R,190,GER,28.0273785079,Nicolas Mahut,R,190,FRA,38.0342231348,Adrian Mannarino,L,183,FRA,31.5975359343,Hugo Nys,R,,MON,28.9637234771,11,4490,6,5190,227,270,67,1273,84,2,5,72,46,36,17,11,2,4,6,3,67,40,31,18,11,2,3,,,,,,,,,,,,,,,,,,,,
2020-0375,Montpellier,Hard,32,A,20200203,261,105677,106207,,,104932,200384,,WC,6-4 6-4,3,R32,Nikola Cacic,R,,SRB,29.158110883,Mate Pavic,L,,CRO,26.5845311431,Kenny De Schepper,L,203,FRA,32.6844626968,Hugo Gaston,U,,FRA,19.3538672142,73,1117,15,3830,,,647,51,66,4,0,55,37,30,10,10,3,3,3,1,59,48,31,4,10,8,10,,,,,,,,,,,,,,,,,,,,
2020-0375,Montpellier,Hard,32,A,20200203,260,103781,104273,3,,103852,104043,,WC,6-2 6-2,3,R32,Jurgen Melzer,L,183,AUT,38.7022587269,Edouard Roger Vasselin,R,188,FRA,36.1834360027,Feliciano Lopez,L,188,ESP,38.3709787817,Marc Lopez,R,175,ESP,37.5112936345,35,2445,17,3770,51,1655,186,370,49,3,1,36,20,17,15,8,0,0,3,3,42,30,16,6,8,1,5,,,,,,,,,,,,,,,,,,,,
2020-0375,Montpellier,Hard,32,A,20200203,259,105493,105302,,,104620,105433,,,6-4 6-4,3,R32,Tomislav Brkic,R,,BIH,29.9055441478,Ante Pavic,R,,CRO,30.9103353867,Simone Bolelli,R,183,ITA,34.3216974675,Roman Jebavy,R,,CZE,30.2149212868,107,772,106,781,70,1161,66,1286,68,4,1,54,36,24,12,10,2,4,1,1,56,44,26,7,10,4,8,,,,,,,,,,,,,,,,,,,,
2020-0375,Montpellier,Hard,32,A,20200203,258,106049,106022,,,105807,105311,,,7-6(7) 7-6(8),3,R32,Ivan Sabanov,R,,CRO,27.4414784394,Matej Sabanov,R,,CRO,27.6084873374,Pablo Carreno Busta,R,188,ESP,28.5639972621,Joao Sousa,R,185,POR,30.8473648186,161,443,161,443,99,845,63,1360,98,1,3,82,62,46,11,12,2,3,8,1,86,57,40,17,12,8,9,,,,,,,,,,,,,,,,,,,,
2020-0375,Montpellier,Hard,32,A,20200203,257,104679,105439,4,,102382,110602,,Alt,6-1 6-0,3,R32,Jamie Murray,L,190,GBR,33.9712525667,Neal Skupski,R,,GBR,30.173853525,Julian Knowle,L,188,AUT,45.7659137577,Dennis Novak,R,,AUT,26.4339493498,25,3125,28,3075,,,1201,15,39,5,0,31,24,22,2,6,2,2,1,6,39,25,9,5,7,1,7,,,,,,,,,,,,,,,,,,,,
2020-0375,Montpellier,Hard,32,A,20200203,256,104693,103529,,,122330,106000,,,6-7(5) 6-4 (12-10),3,R32,Dominic Inglot,R,,GBR,33.9137577002,Aisam Ul Haq Qureshi,R,183,PAK,39.8822724162,Alexander Bublik,R,,KAZ,22.6310746064,Damir Dzumhur,R,172,BIH,27.7070499658,65,1335,56,1560,96,855,,,97,4,0,79,52,36,16,11,4,5,5,5,79,52,41,10,11,2,4,,,,,,,,,,,,,,,,,,,,
2020-0375,Montpellier,Hard,32,A,20200203,255,103828,104486,2,,200000,133430,,,6-4 6-4,3,R32,Jean Julien Rojer,R,183,AHO,38.4421629021,Horia Tecau,R,193,ROU,35.0390143737,Felix Auger Aliassime,R,,CAN,19.4880219028,Denis Shapovalov,L,,CAN,20.8049281314,19,3740,18,3740,484,80,50,1715,78,3,2,62,39,27,13,10,7,7,8,4,51,30,22,11,10,7,9,,,,,,,,,,,,,,,,,,,,
2020-0891,Pune,Hard,32,A,20200203,269,122585,105464,,,102968,105781,3,,6-2 3-6 (10-8),3,F,Andre Goransson,U,,SWE,25.7631759069,Christopher Rungkat,R,,INA,30.0533880903,Jonathan Erlich,R,180,ISR,42.8309377139,Andrei Vasilevski,R,,BLR,28.6872005476,108,771,88,932,72,1152,93,866,71,0,3,54,37,27,11,8,6,7,8,1,59,48,33,5,9,4,6,,,,,,,,,,,,,,,,,,,,
2020-0891,Pune,Hard,32,A,20200203,268,122585,105464,,,106033,104398,,,6-4 7-6(1),3,SF,Andre Goransson,U,,SWE,25.7631759069,Christopher Rungkat,R,,INA,30.0533880903,Romain Arneodo,R,,FRA,27.498973306,Andre Begemann,R,188,GER,35.5619438741,108,771,88,932,103,811,104,808,73,2,0,61,45,37,11,11,1,1,1,0,66,53,35,9,11,3,4,,,,,,,,,,,,,,,,,,,,
2020-0891,Pune,Hard,32,A,20200203,267,102968,105781,3,,104646,106368,,,7-6(3) 6-4,3,SF,Jonathan Erlich,R,180,ISR,42.8309377139,Andrei Vasilevski,R,,BLR,28.6872005476,Purav Raja,R,,IND,34.1574264203,Ramkumar Ramanathan,R,,IND,25.2375085558,72,1152,93,866,91,902,129,608,84,3,2,58,46,40,8,11,0,1,9,4,69,53,34,9,11,5,7,,,,,,,,,,,,,,,,,,,,
2020-0891,Pune,Hard,32,A,20200203,266,106033,104398,,,104898,102963,1,,6-3 6-3,3,QF,Romain Arneodo,R,,FRA,27.498973306,Andre Begemann,R,188,GER,35.5619438741,Robin Haase,R,190,NED,32.8295687885,Robert Lindstedt,R,190,SWE,42.8774811773,103,811,104,808,34,2755,75,1100,59,3,1,47,31,23,9,9,0,1,0,6,51,31,18,8,9,6,10,,,,,,,,,,,,,,,,,,,,
2020-0891,Pune,Hard,32,A,20200203,265,122585,105464,,,126156,105332,,,6-3 6-3,3,QF,Andre Goransson,U,,SWE,25.7631759069,Christopher Rungkat,R,,INA,30.0533880903,Antonie Hoang,R,,FRA,24.2491444216,Benoit Paire,R,196,FRA,30.7405886379,108,771,88,932,233,258,79,1028,51,2,2,47,35,28,8,9,1,1,4,3,54,37,25,6,9,8,11,,,,,,,,,,,,,,,,,,,,
2020-0891,Pune,Hard,32,A,20200203,264,102968,105781,3,,103893,105882,,,5-7 6-1 (10-8),3,QF,Jonathan Erlich,R,180,ISR,42.8309377139,Andrei Vasilevski,R,,BLR,28.6872005476,Paolo Lorenzi,R,183,ITA,38.135523614,Stefano Travaglia,U,,ITA,28.128678987,72,1152,93,866,235,252,494,78,78,5,1,57,29,27,20,10,4,5,3,4,61,39,31,10,9,5,7,,,,,,,,,,,,,,,,,,,,
2020-0891,Pune,Hard,32,A,20200203,263,104646,106368,,,105051,102233,,WC,6-2 6-1,3,QF,Purav Raja,R,,IND,34.1574264203,Ramkumar Ramanathan,R,,IND,25.2375085558,Matthew Ebden,R,188,AUS,32.1889117043,Leander Paes,R,178,IND,46.6310746064,91,902,129,608,118,715,117,718,56,3,0,34,25,21,7,7,0,0,0,1,49,28,16,8,8,7,12,,,,,,,,,,,,,,,,,,,,
2020-0891,Pune,Hard,32,A,20200203,262,104898,102963,1,,122644,105801,,,6-7(5) 6-3 (10-8),3,R32,Robin Haase,R,190,NED,32.8295687885,Robert Lindstedt,R,190,SWE,42.8774811773,Sander Arends,U,,NED,28.4873374401,David Pel,L,,NED,28.5722108145,34,2755,75,1100,78,1034,101,825,96,1,5,75,41,33,20,11,0,1,1,5,69,44,34,14,10,4,6,,,,,,,,,,,,,,,,,,,,
2020-0891,Pune,Hard,32,A,20200203,261,106033,104398,,,103977,138550,,,7-6(5) 4-6 (10-8),3,R32,Romain Arneodo,R,,FRA,27.498973306,Andre Begemann,R,188,GER,35.5619438741,Nicholas Monroe,R,178,USA,37.8124572211,Jackson J Withrow,U,,USA,26.5763175907,103,811,104,808,94,864,76,1087,85,2,1,70,51,39,8,11,4,7,4,5,75,49,34,16,11,0,2,,,,,,,,,,,,,,,,,,,,
2020-0891,Pune,Hard,32,A,20200203,260,122585,105464,,,105850,104920,4,,3-6 6-4 (10-8),3,R32,Andre Goransson,U,,SWE,25.7631759069,Christopher Rungkat,R,,INA,30.0533880903,Cheng Peng Hsieh,R,,TPE,28.3668720055,Denys Molchanov,R,,UKR,32.720054757,108,771,88,932,77,1081,89,930,65,2,1,65,47,32,9,10,4,6,3,1,57,40,29,12,9,0,1,,,,,,,,,,,,,,,,,,,,
2020-0891,Pune,Hard,32,A,20200203,259,126156,105332,,,103523,111459,,WC,3-6 7-5 (10-7),3,R32,Antonie Hoang,R,,FRA,24.2491444216,Benoit Paire,R,196,FRA,30.7405886379,Rohan Bopanna,R,190,IND,39.9178644764,Arjun Kadhe,R,,IND,26.0725530459,233,258,79,1028,40,2120,219,294,80,3,3,65,44,32,8,10,8,11,5,4,67,46,36,9,11,1,4,,,,,,,,,,,,,,,,,,,,
2020-0891,Pune,Hard,32,A,20200203,258,103893,105882,,,105575,105539,,,6-3 6-4,3,R32,Paolo Lorenzi,R,183,ITA,38.135523614,Stefano Travaglia,U,,ITA,28.128678987,Ricardas Berankis,R,175,LTU,29.620807666,Evgeny Donskoy,R,185,RUS,29.7385352498,235,252,494,78,274,190,,,71,5,3,57,35,28,9,10,4,6,3,4,50,27,18,10,9,2,6,,,,,,,,,,,,,,,,,,,,
2020-0891,Pune,Hard,32,A,20200203,257,102968,105781,3,,105902,105591,,,4-6 6-3 (10-8),3,R32,Jonathan Erlich,R,180,ISR,42.8309377139,Andrei Vasilevski,R,,BLR,28.6872005476,James Duckworth,R,183,AUS,28.0355920602,Matt Reid,R,,AUS,29.5496235455,72,1152,93,866,188,360,83,969,71,4,3,63,37,29,16,10,4,5,3,2,53,39,29,11,9,0,1,,,,,,,,,,,,,,,,,,,,
2020-0891,Pune,Hard,32,A,20200203,256,104646,106368,,,106078,111576,,Alt,7-6(6) 6-3,3,R32,Purav Raja,R,,IND,34.1574264203,Ramkumar Ramanathan,R,,IND,25.2375085558,Egor Gerasimov,R,,BLR,27.227926078,Sumit Nagal,R,,IND,22.4668035592,91,902,129,608,1131,17,1206,15,91,6,2,67,39,33,12,10,6,7,3,6,67,42,31,12,11,4,7,,,,,,,,,,,,,,,,,,,,
2020-0891,Pune,Hard,32,A,20200203,255,105051,102233,,WC,104690,104677,2,,6-2 7-6(5),3,R32,Matthew Ebden,R,188,AUS,32.1889117043,Leander Paes,R,178,IND,46.6310746064,Divij Sharan,L,,IND,33.9247091034,Artem Sitak,R,,NZL,33.9849418207,118,715,117,718,53,1638,64,1345,84,3,2,66,45,27,17,10,10,10,2,2,54,33,27,13,10,0,2,,,,,,,,,,,,,,,,,,,,
2020-0506,Buenos Aires,Clay,32,A,20200210,269,104719,104547,1,,105160,106228,,,6-4 5-7 (18-16),3,F,Marcel Granollers,R,190,ESP,33.8316221766,Horacio Zeballos,L,188,ARG,34.7898699521,Guillermo Duran,R,,ARG,31.6796714579,Juan Ignacio Londero,R,,ARG,26.4887063655,21,3520,4,5370,101,848,293,180,106,9,1,74,53,40,15,11,2,5,1,0,77,59,41,10,11,2,5,,,,,,,,,,,,,,,,,,,,
2020-0506,Buenos Aires,Clay,32,A,20200210,268,104719,104547,1,,105269,104235,4,,6-2 7-5,3,SF,Marcel Granollers,R,190,ESP,33.8316221766,Horacio Zeballos,L,188,ARG,34.7898699521,Marcelo Demoliner,R,,BRA,31.06091718,Matwe Middelkoop,R,,NED,36.4380561259,21,3520,4,5370,48,1745,53,1655,74,2,2,49,37,32,5,10,1,2,2,2,61,37,26,8,10,9,13,,,,,,,,,,,,,,,,,,,,
2020-0506,Buenos Aires,Clay,32,A,20200210,267,105160,106228,,,105695,126115,3,,7-6(4) 6-4,3,SF,Guillermo Duran,R,,ARG,31.6796714579,Juan Ignacio Londero,R,,ARG,26.4887063655,Sander Gille,R,,BEL,29.0704996578,Joran Vliegen,U,,BEL,26.5954825462,101,848,293,180,45,1823,37,2138,87,2,3,67,46,31,11,11,6,8,7,1,68,46,31,8,11,5,8,,,,,,,,,,,,,,,,,,,,
2020-0506,Buenos Aires,Clay,32,A,20200210,266,104719,104547,1,,106329,105262,,,6-3 6-2,3,QF,Marcel Granollers,R,190,ESP,33.8316221766,Horacio Zeballos,L,188,ARG,34.7898699521,Thiago Monteiro,L,,BRA,25.697467488,Fernando Romboli,R,180,BRA,31.099247091,21,3520,4,5370,467,85,97,865,58,2,1,46,32,26,10,9,5,5,4,3,41,31,20,4,8,1,4,,,,,,,,,,,,,,,,,,,,
2020-0506,Buenos Aires,Clay,32,A,20200210,265,105269,104235,4,,144719,134770,,,6-3 6-4,3,QF,Marcelo Demoliner,R,,BRA,31.06091718,Matwe Middelkoop,R,,NED,36.4380561259,Jaume Munar,R,,ESP,22.7679671458,Casper Ruud,R,,NOR,21.1362080767,48,1745,53,1655,149,495,207,310,63,1,1,54,38,32,6,10,5,6,1,2,57,44,26,7,9,5,8,,,,,,,,,,,,,,,,,,,,
2020-0506,Buenos Aires,Clay,32,A,20200210,264,105695,126115,3,,104655,106198,,,W/O,3,QF,Sander Gille,R,,BEL,29.0704996578,Joran Vliegen,U,,BEL,26.5954825462,Pablo Cuevas,R,180,URU,34.1081451061,Hugo Dellien,R,,BOL,26.6529774127,45,1823,37,2138,119,715,267,200,0,0,0,0,0,0,0,0,0,0,0,0,0,0,0,0,0,0,0,,,,,,,,,,,,,,,,,,,,
2020-0506,Buenos Aires,Clay,32,A,20200210,263,105160,106228,,,104665,124079,,Alt,W/O,3,QF,Guillermo Duran,R,,ARG,31.6796714579,Juan Ignacio Londero,R,,ARG,26.4887063655,Pablo Andujar,R,180,ESP,34.0479123888,Pedro Martinez Portero,R,,ESP,22.7926078029,101,848,293,180,,,177,403,,,,,,,,,,,,,,,,,,,,,,,,,,,,,,,,,,,,,,,
2020-0506,Buenos Aires,Clay,32,A,20200210,262,104719,104547,1,,105431,105271,,,7-6(3) 7-5,3,R32,Marcel Granollers,R,190,ESP,33.8316221766,Horacio Zeballos,L,188,ARG,34.7898699521,Ariel Behar,R,,URU,30.2450376454,Gonzalo Escobar,L,,ECU,31.0554414784,21,3520,4,5370,71,1160,70,1232,94,2,0,69,50,34,11,12,2,4,4,3,74,57,33,10,12,12,15,,,,,,,,,,,,,,,,,,,,
2020-0506,Buenos Aires,Clay,32,A,20200210,261,106329,105262,,,207680,126535,,WC,6-3 3-6 (10-5),3,R32,Thiago Monteiro,L,,BRA,25.697467488,Fernando Romboli,R,180,BRA,31.099247091,Facundo Diaz Acosta,U,,ARG,19.1540041068,Carlos Taberner,R,,ESP,22.507871321,467,85,97,865,1118,18,1186,15,74,3,3,59,46,33,7,9,5,7,3,2,59,34,24,14,9,4,6,,,,,,,,,,,,,,,,,,,,
2020-0506,Buenos Aires,Clay,32,A,20200210,260,105269,104235,4,,106065,105077,,,6-4 6-4,3,R32,Marcelo Demoliner,R,,BRA,31.06091718,Matwe Middelkoop,R,,NED,36.4380561259,Marco Cecchinato,R,,ITA,27.3620807666,Albert Ramos,L,188,ESP,32.0657084189,48,1745,53,1655,449,90,288,180,55,4,0,48,37,25,10,10,2,5,2,1,59,40,22,8,10,6,11,,,,,,,,,,,,,,,,,,,,
2020-0506,Buenos Aires,Clay,32,A,20200210,259,144719,134770,,,105487,105643,,,7-5 6-3,3,R32,Jaume Munar,R,,ESP,22.7679671458,Casper Ruud,R,,NOR,21.1362080767,Facundo Bagnis,L,,ARG,29.9520876112,Federico Delbonis,L,190,ARG,29.3497604381,149,495,207,310,253,215,110,760,70,2,0,62,44,32,9,11,3,4,3,3,53,36,24,10,10,1,4,,,,,,,,,,,,,,,,,,,,
2020-0506,Buenos Aires,Clay,32,A,20200210,258,104655,106198,,,104919,105120,,,6-4 6-4,3,R32,Pablo Cuevas,R,180,URU,34.1081451061,Hugo Dellien,R,,BOL,26.6529774127,Leonardo Mayer,R,188,ARG,32.7419575633,Andres Molteni,R,,ARG,31.9069130732,119,715,267,200,96,869,59,1505,75,1,0,53,42,33,7,10,2,2,0,1,55,36,26,12,10,2,4,,,,,,,,,,,,,,,,,,,,
2020-0506,Buenos Aires,Clay,32,A,20200210,257,105695,126115,3,,105911,105948,,WC,4-6 6-1 (10-2),3,R32,Sander Gille,R,,BEL,29.0704996578,Joran Vliegen,U,,BEL,26.5954825462,Andrea Collarini,L,,ARG,28.0273785079,Federico Coria,R,,ARG,27.923340178,45,1823,37,2138,1210,15,1213,15,69,6,1,56,37,28,11,9,0,1,1,2,49,34,21,8,8,4,6,,,,,,,,,,,,,,,,,,,,
2020-0506,Buenos Aires,Clay,32,A,20200210,256,105160,106228,,,106099,132283,,,7-5 6-4,3,R32,Guillermo Duran,R,,ARG,31.6796714579,Juan Ignacio Londero,R,,ARG,26.4887063655,Salvatore Caruso,R,,ITA,27.1540041068,Lorenzo Sonego,R,,ITA,24.7529089665,101,848,293,180,707,45,447,90,91,2,2,62,37,24,15,11,2,5,0,5,67,42,26,11,11,3,8,,,,,,,,,,,,,,,,,,,,
2020-0506,Buenos Aires,Clay,32,A,20200210,255,104665,124079,,Alt,104216,104802,2,,6-3 6-1,3,R32,Pablo Andujar,R,180,ESP,34.0479123888,Pedro Martinez Portero,R,,ESP,22.7926078029,Maximo Gonzalez,R,175,ARG,36.5612594114,Fabrice Martin,R,,FRA,33.4154688569,,,177,403,32,2830,22,3405,58,0,1,44,27,21,11,8,1,1,1,2,44,27,20,5,8,4,8,,,,,,,,,,,,,,,,,,,,
2020-0424,New York,Hard,32,A,20200210,269,104693,103529,,,105449,124187,,,7-6(5) 7-6(6),3,F,Dominic Inglot,R,,GBR,33.9329226557,Aisam Ul Haq Qureshi,R,183,PAK,39.9014373717,Steve Johnson,R,188,USA,30.1300479124,Reilly Opelka,R,,USA,22.4531143053,61,1430,51,1675,291,180,181,390,93,8,7,77,49,37,17,12,1,4,7,3,79,56,37,15,12,4,7,,,,,,,,,,,,,,,,,,,,
2020-0424,New York,Hard,32,A,20200210,268,105449,124187,,,105656,110779,,,7-6(3) 6-4,3,SF,Steve Johnson,R,188,USA,30.1300479124,Reilly Opelka,R,,USA,22.4531143053,Marcelo Arevalo,R,,ESA,29.3169062286,Jonny Omara,R,,GBR,24.9445585216,291,180,181,390,63,1387,57,1568,65,8,2,67,45,34,14,11,5,5,1,2,59,47,38,6,11,0,1,,,,,,,,,,,,,,,,,,,,
2020-0424,New York,Hard,32,A,20200210,267,104693,103529,,,103977,106058,,PR,4-6 7-6(3) (10-3),3,SF,Dominic Inglot,R,,GBR,33.9329226557,Aisam Ul Haq Qureshi,R,183,PAK,39.9014373717,Nicholas Monroe,R,178,USA,37.8316221766,Jack Sock,R,185,USA,27.3785078713,61,1430,51,1675,104,839,141,540,91,8,3,71,48,38,12,11,2,3,4,4,75,48,34,13,11,5,5,,,,,,,,,,,,,,,,,,,,
2020-0424,New York,Hard,32,A,20200210,266,105449,124187,,,104690,104677,,,6-3 6-4,3,QF,Steve Johnson,R,188,USA,30.1300479124,Reilly Opelka,R,,USA,22.4531143053,Divij Sharan,L,,IND,33.9438740589,Artem Sitak,R,,NZL,34.0041067762,291,180,181,390,56,1573,65,1345,60,11,3,58,38,28,12,10,5,5,4,2,47,24,16,14,9,3,5,,,,,,,,,,,,,,,,,,,,
2020-0424,New York,Hard,32,A,20200210,265,105656,110779,,,102963,105815,,,6-4 6-7(6) (10-6),3,QF,Marcelo Arevalo,R,,ESA,29.3169062286,Jonny Omara,R,,GBR,24.9445585216,Robert Lindstedt,R,190,SWE,42.8966461328,Tennys Sandgren,R,,USA,28.5557837098,63,1387,57,1568,74,1110,208,310,99,1,4,79,56,40,11,11,6,8,6,3,78,53,38,10,11,3,6,,,,,,,,,,,,,,,,,,,,
2020-0424,New York,Hard,32,A,20200210,264,103977,106058,,PR,105677,105714,,,6-3 6-4,3,QF,Nicholas Monroe,R,178,USA,37.8316221766,Jack Sock,R,185,USA,27.3785078713,Nikola Cacic,R,,SRB,29.1772758385,Hugo Nys,R,,MON,28.9828884326,104,839,141,540,66,1328,69,1246,64,2,0,56,35,27,13,10,6,6,3,4,56,36,23,8,9,5,7,,,,,,,,,,,,,,,,,,,,
2020-0424,New York,Hard,32,A,20200210,263,104693,103529,,,105433,104233,,,4-6 6-1 (10-5),3,QF,Dominic Inglot,R,,GBR,33.9329226557,Aisam Ul Haq Qureshi,R,183,PAK,39.9014373717,Roman Jebavy,R,,CZE,30.2340862423,Frederik Nielsen,R,190,DEN,36.4572210815,61,1430,51,1675,76,1055,55,1610,67,7,1,62,40,24,16,9,6,7,1,0,50,44,26,3,8,1,3,,,,,,,,,,,,,,,,,,,,
2020-0424,New York,Hard,32,A,20200210,262,104690,104677,,,105572,105015,1,,7-6(3) 6-3,3,R32,Divij Sharan,L,,IND,33.9438740589,Artem Sitak,R,,NZL,34.0041067762,Austin Krajicek,L,,USA,29.6536618754,Franco Skugor,R,193,CRO,32.3915126626,56,1573,65,1345,43,2030,33,2810,79,8,1,62,44,39,9,11,0,0,3,1,62,42,25,14,10,3,4,,,,,,,,,,,,,,,,,,,,
2020-0424,New York,Hard,32,A,20200210,261,105449,124187,,,200005,138550,,,6-4 2-6 (10-8),3,R32,Steve Johnson,R,188,USA,30.1300479124,Reilly Opelka,R,,USA,22.4531143053,Ugo Humbert,L,,FRA,21.6262833676,Jackson J Withrow,U,,USA,26.5954825462,291,180,181,390,369,119,75,1087,65,13,0,60,49,36,5,9,4,6,6,3,62,37,26,16,9,6,7,,,,,,,,,,,,,,,,,,,,
2020-0424,New York,Hard,32,A,20200210,260,105656,110779,,,105428,104667,3,,6-3 4-6 (10-8),3,R32,Marcelo Arevalo,R,,ESA,29.3169062286,Jonny Omara,R,,GBR,24.9445585216,Marcus Daniell,R,190,NZL,30.2532511978,Philipp Oswald,R,,AUT,34.0479123888,63,1387,57,1568,49,1730,42,2060,80,2,1,59,38,27,13,9,0,1,1,3,68,43,32,9,10,6,8,,,,,,,,,,,,,,,,,,,,
2020-0424,New York,Hard,32,A,20200210,259,102963,105815,,,900026,900027,,WC,6-1 6-0,3,R32,Robert Lindstedt,R,190,SWE,42.8966461328,Tennys Sandgren,R,,USA,28.5557837098,,,,,,,,,,,74,1110,208,310,,,,,51,2,1,35,19,17,7,6,4,4,0,3,43,31,13,4,7,1,7,,,,,,,,,,,,,,,,,,,,
2020-0424,New York,Hard,32,A,20200210,258,105677,105714,,,200175,105302,,,5-7 7-5 (10-6),3,R32,Nikola Cacic,R,,SRB,29.1772758385,Hugo Nys,R,,MON,28.9828884326,Miomir Kecmanovic,R,,SRB,20.4462696783,Ante Pavic,R,,CRO,30.9295003422,66,1328,69,1246,205,315,107,806,89,5,3,72,44,33,19,12,6,7,4,3,70,52,41,6,12,6,7,,,,,,,,,,,,,,,,,,,,
2020-0424,New York,Hard,32,A,20200210,257,103977,106058,,PR,106382,110758,4,,7-6(4) 7-5,3,R32,Nicholas Monroe,R,178,USA,37.8316221766,Jack Sock,R,185,USA,27.3785078713,Luke Bambridge,R,,GBR,25.054072553,Ben Mclachlan,R,,NZL,27.7535934292,104,839,141,540,50,1705,46,1815,85,4,2,69,45,36,17,12,3,3,8,0,72,50,39,11,12,9,10,,,,,,,,,,,,,,,,,,,,
2020-0424,New York,Hard,32,A,20200210,256,104693,103529,,,104545,126205,,WC,6-4 7-6(3),3,R32,Dominic Inglot,R,,GBR,33.9329226557,Aisam Ul Haq Qureshi,R,183,PAK,39.9014373717,John Isner,R,206,USA,34.7926078029,Tommy Paul,R,,USA,22.7351129363,61,1430,51,1675,187,360,570,60,74,5,4,69,43,35,14,11,2,2,1,1,64,43,31,13,11,1,2,,,,,,,,,,,,,,,,,,,,
2020-0424,New York,Hard,32,A,20200210,255,105433,104233,,,104136,104159,2,,6-4 6-4,3,R32,Roman Jebavy,R,,CZE,30.2340862423,Frederik Nielsen,R,190,DEN,36.4572210815,Santiago Gonzalez,R,190,MEX,36.9609856263,Ken Skupski,L,185,GBR,36.8405201916,76,1055,55,1610,38,2123,47,1753,61,1,0,54,41,29,11,10,3,3,2,2,56,43,29,6,10,1,3,,,,,,,,,,,,,,,,,,,,
2020-0407,Rotterdam,Hard,32,A,20200210,269,105732,103917,2,,105573,105526,,Q,7-6(5) 4-6 (10-7),3,F,Pierre Hugues Herbert,R,188,FRA,28.900752909,Nicolas Mahut,R,190,FRA,38.0533880903,Henri Kontinen,R,,FIN,29.6454483231,Jan Lennard Struff,R,,GER,29.7960301164,30,3040,6,5225,31,2910,58,1540,94,12,4,73,48,40,11,11,5,7,13,3,74,49,41,10,11,1,2,,,,,,,,,,,,,,,,,,,,
2020-0407,Rotterdam,Hard,32,A,20200210,268,105573,105526,,Q,103523,133430,,,5-7 6-2 (10-8),3,SF,Henri Kontinen,R,,FIN,29.6454483231,Jan Lennard Struff,R,,GER,29.7960301164,Rohan Bopanna,R,190,IND,39.9370294319,Denis Shapovalov,L,,CAN,20.8240930869,31,2910,58,1540,41,2065,52,1670,73,3,1,59,32,21,19,10,3,5,7,2,62,38,22,14,10,3,6,,,,,,,,,,,,,,,,,,,,
2020-0407,Rotterdam,Hard,32,A,20200210,267,105732,103917,2,,104071,103594,,,6-7(6) 7-6(6) (10-7),3,SF,Pierre Hugues Herbert,R,188,FRA,28.900752909,Nicolas Mahut,R,190,FRA,38.0533880903,Raven Klaasen,R,180,RSA,37.3196440794,Oliver Marach,R,185,AUT,39.5701574264,30,3040,6,5225,13,4325,29,3060,118,11,1,83,52,41,25,12,3,3,2,0,87,60,47,17,12,2,2,,,,,,,,,,,,,,,,,,,,
2020-0407,Rotterdam,Hard,32,A,20200210,266,105573,105526,,Q,104679,105439,,,5-7 6-1 (10-6),3,QF,Henri Kontinen,R,,FIN,29.6454483231,Jan Lennard Struff,R,,GER,29.7960301164,Jamie Murray,L,190,GBR,33.9904175222,Neal Skupski,R,,GBR,30.1930184805,31,2910,58,1540,25,3125,28,3075,82,8,2,64,37,27,16,10,6,8,5,0,57,35,22,10,9,0,3,,,,,,,,,,,,,,,,,,,,
2020-0407,Rotterdam,Hard,32,A,20200210,265,103523,133430,,,103828,104486,4,,6-2 3-6 (10-7),3,QF,Rohan Bopanna,R,190,IND,39.9370294319,Denis Shapovalov,L,,CAN,20.8240930869,Jean Julien Rojer,R,183,AHO,38.4613278576,Horia Tecau,R,193,ROU,35.0581793292,41,2065,52,1670,18,3740,17,3740,73,9,3,51,34,26,8,8,4,6,1,5,60,31,26,10,9,4,7,,,,,,,,,,,,,,,,,,,,
2020-0407,Rotterdam,Hard,32,A,20200210,264,104071,103594,,,200000,128034,,,6-4 6-7(5) (10-8),3,QF,Raven Klaasen,R,180,RSA,37.3196440794,Oliver Marach,R,185,AUT,39.5701574264,Felix Auger Aliassime,R,,CAN,19.5071868583,Hubert Hurkacz,R,,POL,22.9952087611,13,4325,29,3060,484,80,263,205,103,4,9,73,48,38,12,11,1,3,11,3,76,48,37,13,11,3,6,,,,,,,,,,,,,,,,,,,,
2020-0407,Rotterdam,Hard,32,A,20200210,263,105732,103917,2,,104926,104898,,,W/O,3,QF,Pierre Hugues Herbert,R,188,FRA,28.900752909,Nicolas Mahut,R,190,FRA,38.0533880903,Fabio Fognini,R,178,ITA,32.7173169062,Robin Haase,R,190,NED,32.848733744,30,3040,6,5225,136,575,34,2755,,,,,,,,,,,,,,,,,,,,,,,,,,,,,,,,,,,,,,,
2020-0407,Rotterdam,Hard,32,A,20200210,262,105573,105526,,Q,105906,105617,1,,6-2 6-2,3,R32,Henri Kontinen,R,,FIN,29.6454483231,Jan Lennard Struff,R,,GER,29.7960301164,Kevin Krawietz,R,190,GER,28.0465434634,Andreas Mies,U,,GER,29.4729637235,31,2910,58,1540,11,4445,12,4410,56,3,5,45,25,21,10,8,3,4,2,6,47,31,18,5,8,1,6,,,,,,,,,,,,,,,,,,,,
2020-0407,Rotterdam,Hard,32,A,20200210,261,104679,105439,,,103781,104273,,,7-6(4) 5-7 (10-7),3,R32,Jamie Murray,L,190,GBR,33.9904175222,Neal Skupski,R,,GBR,30.1930184805,Jurgen Melzer,L,183,AUT,38.7214236824,Edouard Roger Vasselin,R,188,FRA,36.2026009582,25,3125,28,3075,36,2285,19,3610,113,4,2,81,51,35,17,12,5,8,1,4,81,54,34,15,12,4,6,,,,,,,,,,,,,,,,,,,,
2020-0407,Rotterdam,Hard,32,A,20200210,260,103828,104486,4,,126774,102800,,WC,6-2 6-2,3,R32,Jean Julien Rojer,R,183,AHO,38.4613278576,Horia Tecau,R,193,ROU,35.0581793292,Stefanos Tsitsipas,R,,GRE,21.4976043806,Nenad Zimonjic,R,190,SRB,43.6851471595,18,3740,17,3740,86,960,407,101,48,5,1,39,25,23,9,8,1,1,3,2,43,30,18,4,8,1,5,,,,,,,,,,,,,,,,,,,,
2020-0407,Rotterdam,Hard,32,A,20200210,259,103523,133430,,,105188,105030,,,7-6(0) 6-7(5) (10-8),3,R32,Rohan Bopanna,R,190,IND,39.9370294319,Denis Shapovalov,L,,CAN,20.8240930869,John Peers,R,,AUS,31.5455167693,Michael Venus,R,,NZL,32.3203285421,41,2065,52,1670,35,2440,14,4200,102,12,2,85,54,40,19,12,6,7,3,4,89,62,44,11,12,3,4,,,,,,,,,,,,,,,,,,,,
2020-0407,Rotterdam,Hard,32,A,20200210,258,104071,103594,,,122644,105801,,WC,6-3 7-5,3,R32,Raven Klaasen,R,180,RSA,37.3196440794,Oliver Marach,R,185,AUT,39.5701574264,Sander Arends,U,,NED,28.5065023956,David Pel,L,,NED,28.59137577,13,4325,29,3060,78,1024,105,825,67,0,6,53,32,26,8,10,2,4,1,6,53,27,17,14,11,0,5,,,,,,,,,,,,,,,,,,,,
2020-0407,Rotterdam,Hard,32,A,20200210,257,200000,128034,,,105323,105254,3,,6-3 7-6(9),3,R32,Felix Auger Aliassime,R,,CAN,19.5071868583,Hubert Hurkacz,R,,POL,22.9952087611,Wesley Koolhof,R,,NED,30.81724846,Nikola Mektic,R,,CRO,31.1293634497,484,80,263,205,16,3820,20,3560,90,10,2,69,46,38,13,11,6,6,4,1,66,43,32,13,10,3,4,,,,,,,,,,,,,,,,,,,,
2020-0407,Rotterdam,Hard,32,A,20200210,256,104926,104898,,,111575,126094,,,7-6(1) 7-6(11),3,R32,Fabio Fognini,R,178,ITA,32.7173169062,Robin Haase,R,190,NED,32.848733744,Karen Khachanov,R,,RUS,23.7234770705,Andrey Rublev,R,,RUS,22.3080082136,136,575,34,2755,80,1000,85,960,108,3,3,87,51,40,14,12,9,11,9,1,86,49,37,14,12,7,9,,,,,,,,,,,,,,,,,,,,
2020-0407,Rotterdam,Hard,32,A,20200210,255,105732,103917,2,,105332,106207,,,6-3 6-4,3,R32,Pierre Hugues Herbert,R,188,FRA,28.900752909,Nicolas Mahut,R,190,FRA,38.0533880903,Benoit Paire,R,196,FRA,30.7597535934,Mate Pavic,L,,CRO,26.6036960986,30,3040,6,5225,82,983,15,3990,50,2,1,44,32,29,11,10,0,0,5,1,47,36,25,6,9,2,4,,,,,,,,,,,,,,,,,,,,
2020-0407,Rotterdam,Hard,32,A,20200210,242,105573,105526,1,,134868,122298,,WC,6-3 7-5,3,QF,Henri Kontinen,R,,FIN,29.6454483231,Jan Lennard Struff,R,,GER,29.7960301164,Tallon Griekspoor,R,,NED,23.6084873374,Botic Van De Zandschulp,U,,NED,24.3531827515,31,2910,58,1540,477,81,426,93,,3,2,62,40,31,13,11,7,7,0,3,58,37,26,9,10,7,9,,,,,,,,,,,,,,,,,,,,
2020-0407,Rotterdam,Hard,32,A,20200210,241,105573,105526,1,,200325,206173,,,6-4 3-6 (10-6),3,R32,Henri Kontinen,R,,FIN,29.6454483231,Jan Lennard Struff,R,,GER,29.7960301164,Emil Ruusuvuori,R,,FIN,20.8596851472,Jannik Sinner,U,,ITA,18.4859685147,31,2910,58,1540,248,221,392,105,,3,0,61,37,28,10,9,5,6,0,0,59,33,24,15,10,3,4,,,,,,,,,,,,,,,,,,,,
2020-0407,Rotterdam,Hard,32,A,20200210,240,134868,122298,,WC,122330,104660,2,,6-3 6-7(5) (10-5),3,R32,Tallon Griekspoor,R,,NED,23.6084873374,Botic Van De Zandschulp,U,,NED,24.3531827515,Alexander Bublik,R,,KAZ,22.6502395619,Sergiy Stakhovsky,R,193,UKR,34.0944558522,477,81,426,93,100,855,176,404,,2,2,73,43,27,20,10,5,7,2,3,79,54,31,11,11,7,11,,,,,,,,,,,,,,,,,,,,
2020-0499,Delray Beach,Hard,32,A,20200217,269,103184,103185,1,,106382,110758,4,,3-6 7-5 (10-5),3,F,Bob Bryan,L,193,USA,41.8042436687,Mike Bryan,R,190,USA,41.8042436687,Luke Bambridge,R,,GBR,25.0732375086,Ben Mclachlan,R,,NZL,27.7727583847,27,3110,27,3110,53,1705,48,1815,82,3,1,67,51,37,10,11,0,2,7,3,55,35,28,14,10,1,2,,,,,,,,,,,,,,,,,,,,
2020-0499,Delray Beach,Hard,32,A,20200217,268,103184,103185,1,,105656,110779,,,6-7(5) 6-4 (10-4),3,SF,Bob Bryan,L,193,USA,41.8042436687,Mike Bryan,R,190,USA,41.8042436687,Marcelo Arevalo,R,,ESA,29.3360711841,Jonny Omara,R,,GBR,24.9637234771,27,3110,27,3110,61,1460,57,1613,100,1,0,74,54,41,12,11,4,4,0,3,78,55,37,12,11,9,10,,,,,,,,,,,,,,,,,,,,
2020-0499,Delray Beach,Hard,32,A,20200217,267,106382,110758,4,,105677,105714,,,7-6(1) 7-5,3,SF,Luke Bambridge,R,,GBR,25.0732375086,Ben Mclachlan,R,,NZL,27.7727583847,Nikola Cacic,R,,SRB,29.196440794,Hugo Nys,R,,MON,29.0020533881,53,1705,48,1815,66,1344,70,1201,84,7,0,61,45,39,11,12,1,2,5,2,72,49,36,11,12,3,5,,,,,,,,,,,,,,,,,,,,
2020-0499,Delray Beach,Hard,32,A,20200217,266,103184,103185,1,,104690,104677,,,6-2 4-6 (10-3),3,QF,Bob Bryan,L,193,USA,41.8042436687,Mike Bryan,R,190,USA,41.8042436687,Divij Sharan,L,,IND,33.9630390144,Artem Sitak,R,,NZL,34.0232717317,27,3110,27,3110,59,1593,65,1345,69,2,1,52,31,23,18,9,4,5,2,3,57,35,27,10,9,2,4,,,,,,,,,,,,,,,,,,,,
2020-0499,Delray Beach,Hard,32,A,20200217,265,105656,110779,,,106328,106261,,WC,6-4 6-4,3,QF,Marcelo Arevalo,R,,ESA,29.3360711841,Jonny Omara,R,,GBR,24.9637234771,Christian Harrison,R,,USA,25.7221081451,Dennis Novikov,R,,USA,26.2806297057,61,1460,57,1613,676,48,166,417,68,3,3,54,44,34,5,10,4,5,3,5,56,40,28,5,10,3,6,,,,,,,,,,,,,,,,,,,,
2020-0499,Delray Beach,Hard,32,A,20200217,264,106382,110758,4,,103977,138550,,WC,6-2 7-6(3),3,QF,Luke Bambridge,R,,GBR,25.0732375086,Ben Mclachlan,R,,NZL,27.7727583847,Nicholas Monroe,R,178,USA,37.8507871321,Jackson J Withrow,U,,USA,26.6146475017,53,1705,48,1815,93,909,76,1042,79,6,3,58,33,26,17,10,1,2,2,5,61,41,25,10,10,3,6,,,,,,,,,,,,,,,,,,,,
2020-0499,Delray Beach,Hard,32,A,20200217,263,105677,105714,,,126203,126205,,,7-6(4) 6-4,3,QF,Nikola Cacic,R,,SRB,29.196440794,Hugo Nys,R,,MON,29.0020533881,Taylor Harry Fritz,R,,USA,22.3052703628,Tommy Paul,R,,USA,22.7542778919,66,1344,70,1201,132,615,573,60,66,3,2,64,36,28,20,11,8,9,4,3,68,41,29,13,11,3,5,,,,,,,,,,,,,,,,,,,,
2020-0499,Delray Beach,Hard,32,A,20200217,262,103184,103185,1,,106401,111442,,,W/O,3,R32,Bob Bryan,L,193,USA,41.8042436687,Mike Bryan,R,190,USA,41.8042436687,Nick Kyrgios,R,193,AUS,24.810403833,Jordan Thompson,R,,AUS,25.8288843258,27,3110,27,3110,214,305,248,225,0,0,0,0,0,0,0,0,0,0,0,0,0,0,0,0,0,0,0,,,,,,,,,,,,,,,,,,,,
2020-0499,Delray Beach,Hard,32,A,20200217,261,104690,104677,,,122585,200005,,,5-7 6-4 (10-7),3,R32,Divij Sharan,L,,IND,33.9630390144,Artem Sitak,R,,NZL,34.0232717317,Andre Goransson,U,,SWE,25.8015058179,Ugo Humbert,L,,FRA,21.6454483231,59,1593,65,1345,80,1002,454,90,102,5,4,75,40,32,14,11,5,8,1,4,64,42,29,10,11,2,5,,,,,,,,,,,,,,,,,,,,
2020-0499,Delray Beach,Hard,32,A,20200217,260,105656,110779,,,105428,104667,3,,6-4 6-2,3,R32,Marcelo Arevalo,R,,ESA,29.3360711841,Jonny Omara,R,,GBR,24.9637234771,Marcus Daniell,R,190,NZL,30.2724161533,Philipp Oswald,R,,AUT,34.0670773443,61,1460,57,1613,52,1730,41,2060,67,3,1,46,29,20,14,9,2,3,2,3,51,34,23,4,9,5,9,,,,,,,,,,,,,,,,,,,,
2020-0499,Delray Beach,Hard,32,A,20200217,259,106328,106261,,WC,104693,102963,,,6-4 6-4,3,R32,Christian Harrison,R,,USA,25.7221081451,Dennis Novikov,R,,USA,26.2806297057,Dominic Inglot,R,,GBR,33.9520876112,Robert Lindstedt,R,190,SWE,42.9158110883,676,48,166,417,56,1635,74,1065,70,4,5,56,38,31,7,10,5,6,3,6,53,29,22,10,10,2,5,,,,,,,,,,,,,,,,,,,,
2020-0499,Delray Beach,Hard,32,A,20200217,258,103977,138550,,WC,105173,111456,,PR,7-6(3) 6-3,3,R32,Nicholas Monroe,R,178,USA,37.8507871321,Jackson J Withrow,U,,USA,26.6146475017,Adrian Mannarino,L,183,FRA,31.6358658453,Mackenzie Mcdonald,R,,USA,24.8405201916,93,909,76,1042,289,180,340,135,79,4,6,62,36,28,11,10,10,11,1,5,74,49,29,12,11,12,15,,,,,,,,,,,,,,,,,,,,
2020-0499,Delray Beach,Hard,32,A,20200217,257,106382,110758,4,,105357,105591,,,W/O,3,R32,Luke Bambridge,R,,GBR,25.0732375086,Ben Mclachlan,R,,NZL,27.7727583847,John Millman,R,183,AUS,30.6776180698,Matt Reid,R,,AUS,29.5879534565,53,1705,48,1815,,,89,937,0,0,0,0,0,0,0,0,0,0,0,0,0,0,0,0,0,0,0,,,,,,,,,,,,,,,,,,,,
2020-0499,Delray Beach,Hard,32,A,20200217,256,126203,126205,,,200175,105302,,,7-6(5) 7-5,3,R32,Taylor Harry Fritz,R,,USA,22.3052703628,Tommy Paul,R,,USA,22.7542778919,Miomir Kecmanovic,R,,SRB,20.4654346338,Ante Pavic,R,,CRO,30.9486652977,132,615,573,60,210,315,108,806,86,10,5,71,41,33,18,12,2,3,7,2,70,38,29,16,12,4,6,,,,,,,,,,,,,,,,,,,,
2020-0499,Delray Beach,Hard,32,A,20200217,255,105677,105714,,,104136,104159,2,,6-4 2-6 (10-4),3,R32,Nikola Cacic,R,,SRB,29.196440794,Hugo Nys,R,,MON,29.0020533881,Santiago Gonzalez,R,190,MEX,36.9801505818,Ken Skupski,L,185,GBR,36.8596851472,66,1344,70,1201,43,1973,51,1753,89,3,3,63,34,23,14,9,8,11,1,2,61,39,22,12,9,4,6,,,,,,,,,,,,,,,,,,,,
2020-0496,Marseille,Hard,32,A,20200217,269,103917,105577,,,105323,105254,2,,6-3 6-4,3,F,Nicolas Mahut,R,190,FRA,38.0725530459,Vasek Pospisil,R,193,CAN,29.6536618754,Wesley Koolhof,R,,NED,30.8364134155,Nikola Mektic,R,,CRO,31.1485284052,3,5725,448,90,16,3820,22,3470,72,10,1,51,39,33,7,10,2,2,2,1,51,34,25,6,9,3,5,,,,,,,,,,,,,,,,,,,,
2020-0496,Marseille,Hard,32,A,20200217,268,103917,105577,,,105906,105617,1,,6-3 6-2,3,SF,Nicolas Mahut,R,190,FRA,38.0725530459,Vasek Pospisil,R,193,CAN,29.6536618754,Kevin Krawietz,R,190,GER,28.0657084189,Andreas Mies,U,,GER,29.492128679,3,5725,448,90,12,4240,13,4205,56,6,0,47,34,30,6,9,2,2,3,4,41,24,17,7,8,1,4,,,,,,,,,,,,,,,,,,,,
2020-0496,Marseille,Hard,32,A,20200217,267,105323,105254,2,,104233,105047,,,6-4 6-2,3,SF,Wesley Koolhof,R,,NED,30.8364134155,Nikola Mektic,R,,CRO,31.1485284052,Frederik Nielsen,R,190,DEN,36.476386037,Tim Puetz,R,,GER,32.2464065708,16,3820,22,3470,58,1610,63,1360,63,4,1,46,25,19,13,9,1,2,1,4,45,30,17,8,9,2,6,,,,,,,,,,,,,,,,,,,,
2020-0496,Marseille,Hard,32,A,20200217,266,105906,105617,1,,105332,110754,,,6-2 7-6(5),3,QF,Kevin Krawietz,R,190,GER,28.0657084189,Andreas Mies,U,,GER,29.492128679,Benoit Paire,R,196,FRA,30.7789185489,David Vega Hernandez,R,,ESP,25.6536618754,12,4240,13,4205,84,983,113,757,67,3,1,57,43,36,9,10,0,0,2,3,58,37,26,15,10,3,5,,,,,,,,,,,,,,,,,,,,
2020-0496,Marseille,Hard,32,A,20200217,265,103917,105577,,,103781,104273,4,,6-3 6-4,3,QF,Nicolas Mahut,R,190,FRA,38.0725530459,Vasek Pospisil,R,193,CAN,29.6536618754,Jurgen Melzer,L,183,AUT,38.7405886379,Edouard Roger Vasselin,R,188,FRA,36.2217659138,3,5725,448,90,36,2275,17,3610,59,11,1,49,41,33,4,10,0,1,1,1,46,32,20,9,9,0,3,,,,,,,,,,,,,,,,,,,,
2020-0496,Marseille,Hard,32,A,20200217,264,104233,105047,,,103523,133430,,,7-5 6-7(3) (10-8),3,QF,Frederik Nielsen,R,190,DEN,36.476386037,Tim Puetz,R,,GER,32.2464065708,Rohan Bopanna,R,190,IND,39.9561943874,Denis Shapovalov,L,,CAN,20.8432580424,58,1610,63,1360,37,2200,46,1850,96,4,3,77,52,39,10,12,1,4,9,2,88,61,43,10,12,4,8,,,,,,,,,,,,,,,,,,,,
2020-0496,Marseille,Hard,32,A,20200217,263,105323,105254,2,,102968,105781,,,6-3 7-5,3,QF,Wesley Koolhof,R,,NED,30.8364134155,Nikola Mektic,R,,CRO,31.1485284052,Jonathan Erlich,R,180,ISR,42.8692676249,Andrei Vasilevski,R,,BLR,28.7255304586,16,3820,22,3470,67,1332,78,1011,73,4,0,56,37,28,15,11,2,3,1,4,55,37,25,8,10,3,6,,,,,,,,,,,,,,,,,,,,
2020-0496,Marseille,Hard,32,A,20200217,262,105906,105617,1,,202065,126774,,WC,6-4 6-7(5) (10-6),3,R32,Kevin Krawietz,R,190,GER,28.0657084189,Andreas Mies,U,,GER,29.492128679,Petros Tsitsipas,U,,GRE,19.5592060233,Stefanos Tsitsipas,R,,GRE,21.5167693361,12,4240,13,4205,1071,20,87,960,88,3,2,63,47,41,11,11,0,1,4,1,73,47,34,15,11,0,2,,,,,,,,,,,,,,,,,,,,
2020-0496,Marseille,Hard,32,A,20200217,261,105332,110754,,,122330,200615,,,4-6 6-2 (10-5),3,R32,Benoit Paire,R,196,FRA,30.7789185489,David Vega Hernandez,R,,ESP,25.6536618754,Alexander Bublik,R,,KAZ,22.6694045175,Alexei Popyrin,R,,AUS,20.5366187543,84,983,113,757,103,855,1125,17,63,0,6,61,35,28,12,9,3,5,2,3,56,27,21,14,9,0,3,,,,,,,,,,,,,,,,,,,,
2020-0496,Marseille,Hard,32,A,20200217,260,103781,104273,4,,128034,104468,,,7-6(5) 6-4,3,R32,Jurgen Melzer,L,183,AUT,38.7405886379,Edouard Roger Vasselin,R,188,FRA,36.2217659138,Hubert Hurkacz,R,,POL,23.0143737166,Gilles Simon,R,183,FRA,35.1403148528,36,2275,17,3610,218,295,286,180,80,4,1,66,47,36,10,11,3,4,5,1,65,33,24,18,11,2,4,,,,,,,,,,,,,,,,,,,,
2020-0496,Marseille,Hard,32,A,20200217,259,103917,105577,,,209070,208004,,WC,7-5 6-1,3,R32,Nicolas Mahut,R,190,FRA,38.0725530459,Vasek Pospisil,R,193,CAN,29.6536618754,Arthur Cazaux,R,,FRA,,Harold Mayot,U,,FRA,18.0342231348,3,5725,448,90,,,607,54,65,6,1,55,33,28,11,10,6,7,3,0,50,31,19,7,9,6,10,,,,,,,,,,,,,,,,,,,,
2020-0496,Marseille,Hard,32,A,20200217,258,103523,133430,,,104620,206173,,,6-7(6) 6-3 (10-6),3,R32,Rohan Bopanna,R,190,IND,39.9561943874,Denis Shapovalov,L,,CAN,20.8432580424,Simone Bolelli,R,183,ITA,34.3600273785,Jannik Sinner,U,,ITA,18.5051334702,37,2200,46,1850,73,1116,396,105,92,10,3,79,49,36,15,11,2,4,2,1,75,55,36,8,10,2,5,,,,,,,,,,,,,,,,,,,,
2020-0496,Marseille,Hard,32,A,20200217,257,104233,105047,,,104679,105439,3,,3-6 6-3 (10-8),3,R32,Frederik Nielsen,R,190,DEN,36.476386037,Tim Puetz,R,,GER,32.2464065708,Jamie Murray,L,190,GBR,34.0095824778,Neal Skupski,R,,GBR,30.212183436,58,1610,63,1360,26,3125,29,3075,76,6,1,60,47,31,9,9,4,6,2,2,57,41,28,10,9,2,4,,,,,,,,,,,,,,,,,,,,
2020-0496,Marseille,Hard,32,A,20200217,256,102968,105781,,,105850,104920,,,7-6(3) 6-3,3,R32,Jonathan Erlich,R,180,ISR,42.8692676249,Andrei Vasilevski,R,,BLR,28.7255304586,Cheng Peng Hsieh,R,,TPE,28.4052019165,Denys Molchanov,R,,UKR,32.758384668,67,1332,78,1011,94,898,92,910,82,2,5,61,32,23,20,10,6,7,3,2,72,50,33,8,11,10,13,,,,,,,,,,,,,,,,,,,,
2020-0496,Marseille,Hard,32,A,20200217,255,105323,105254,2,,105493,105227,,,7-5 1-6 (12-10),3,R32,Wesley Koolhof,R,,NED,30.8364134155,Nikola Mektic,R,,CRO,31.1485284052,Tomislav Brkic,R,,BIH,29.9438740589,Marin Cilic,R,198,CRO,31.3867214237,16,3820,22,3470,104,847,444,90,82,3,0,58,41,31,11,9,1,3,6,1,62,42,32,14,10,2,3,,,,,,,,,,,,,,,,,,,,
2020-6932,Rio De Janeiro,Clay,32,A,20200217,269,104719,104547,3,,106099,105943,,Q,6-4 5-7 (10-7),3,F,Marcel Granollers,R,190,ESP,33.8507871321,Horacio Zeballos,L,188,ARG,34.8090349076,Salvatore Caruso,R,,ITA,27.1731690623,Federico Gaio,R,,ITA,27.9534565366,18,3590,4,5370,712,45,501,77,100,5,3,64,47,36,7,11,3,6,3,1,71,39,25,15,11,5,8,,,,,,,,,,,,,,,,,,,,
2020-6932,Rio De Janeiro,Clay,32,A,20200217,268,104719,104547,3,,200335,106329,,WC,7-6(6) 6-4,3,SF,Marcel Granollers,R,190,ESP,33.8507871321,Horacio Zeballos,L,188,ARG,34.8090349076,Felipe Meligeni Rodrigues Alves,R,,BRA,21.993155373,Thiago Monteiro,L,,BRA,25.7166324435,18,3590,4,5370,168,412,351,130,99,1,2,68,50,34,12,11,5,6,1,2,68,45,31,12,11,2,4,,,,,,,,,,,,,,,,,,,,
2020-6932,Rio De Janeiro,Clay,32,A,20200217,267,106099,105943,,Q,103997,104249,2,,6-3 3-6 (10-4),3,SF,Salvatore Caruso,R,,ITA,27.1731690623,Federico Gaio,R,,ITA,27.9534565366,Lukasz Kubot,R,190,POL,37.7577002053,Marcelo Melo,R,203,BRA,36.4024640657,712,45,501,77,8,4820,9,4820,86,2,2,56,32,24,17,9,3,4,3,5,55,35,26,12,9,0,1,,,,,,,,,,,,,,,,,,,,
2020-6932,Rio De Janeiro,Clay,32,A,20200217,266,200335,106329,,WC,126197,122425,,WC,6-3 7-6(7),3,QF,Felipe Meligeni Rodrigues Alves,R,,BRA,21.993155373,Thiago Monteiro,L,,BRA,25.7166324435,Orlando Luz,R,,BRA,22.0232717317,Rafael Matos,U,,BRA,24.1149897331,168,412,351,130,135,606,171,406,83,0,1,59,39,29,14,10,3,4,2,3,71,47,31,12,11,4,7,,,,,,,,,,,,,,,,,,,,
2020-6932,Rio De Janeiro,Clay,32,A,20200217,265,104719,104547,3,,104216,104802,,,6-4 6-7(3) (10-8),3,QF,Marcel Granollers,R,190,ESP,33.8507871321,Horacio Zeballos,L,188,ARG,34.8090349076,Maximo Gonzalez,R,175,ARG,36.5804243669,Fabrice Martin,R,,FRA,33.4346338125,18,3590,4,5370,34,2625,23,3405,104,3,1,67,48,38,13,11,6,7,5,1,74,50,40,10,11,2,4,,,,,,,,,,,,,,,,,,,,
2020-6932,Rio De Janeiro,Clay,32,A,20200217,264,106099,105943,,Q,106207,103946,4,,6-4 4-6 (10-4),3,QF,Salvatore Caruso,R,,ITA,27.1731690623,Federico Gaio,R,,ITA,27.9534565366,Mate Pavic,L,,CRO,26.6228610541,Bruno Soares,R,180,BRA,37.9712525667,712,45,501,77,15,3990,24,3230,88,0,3,66,35,25,14,10,10,13,2,3,65,41,26,11,10,4,7,,,,,,,,,,,,,,,,,,,,
2020-6932,Rio De Janeiro,Clay,32,A,20200217,263,103997,104249,2,,105433,103938,,,6-4 6-2,3,QF,Lukasz Kubot,R,190,POL,37.7577002053,Marcelo Melo,R,203,BRA,36.4024640657,Roman Jebavy,R,,CZE,30.2532511978,Igor Zelenay,R,198,SVK,38.0177960301,8,4820,9,4820,75,1055,72,1155,74,5,4,47,28,24,12,9,2,2,1,3,50,29,17,12,9,1,4,,,,,,,,,,,,,,,,,,,,
2020-6932,Rio De Janeiro,Clay,32,A,20200217,262,126197,122425,,WC,108701,104857,1,,6-1 4-6 (10-8),3,R32,Orlando Luz,R,,BRA,22.0232717317,Rafael Matos,U,,BRA,24.1149897331,Juan Sebastian Cabal,R,,COL,33.8151950719,Robert Farah,R,193,COL,33.0759753593,135,606,171,406,2,8260,1,8260,87,2,1,59,43,34,7,9,2,3,2,1,57,41,27,7,8,8,10,,,,,,,,,,,,,,,,,,,,
2020-6932,Rio De Janeiro,Clay,32,A,20200217,261,200335,106329,,WC,105695,126115,,,7-6(6) 4-6 (10-3),3,R32,Felipe Meligeni Rodrigues Alves,R,,BRA,21.993155373,Thiago Monteiro,L,,BRA,25.7166324435,Sander Gille,R,,BEL,29.0896646133,Joran Vliegen,U,,BEL,26.6146475017,168,412,351,130,45,1868,38,2183,94,4,2,71,49,40,12,11,0,1,2,4,75,49,38,11,11,3,3,,,,,,,,,,,,,,,,,,,,
2020-6932,Rio De Janeiro,Clay,32,A,20200217,260,104719,104547,3,,106228,105077,,,6-3 6-2,3,R32,Marcel Granollers,R,190,ESP,33.8507871321,Horacio Zeballos,L,188,ARG,34.8090349076,Juan Ignacio Londero,R,,ARG,26.507871321,Albert Ramos,L,188,ESP,32.0848733744,18,3590,4,5370,205,330,452,90,68,1,0,51,35,25,8,9,3,5,0,2,48,31,14,8,8,2,7,,,,,,,,,,,,,,,,,,,,
2020-6932,Rio De Janeiro,Clay,32,A,20200217,259,104216,104802,,,104665,106148,,,6-4 7-5,3,R32,Maximo Gonzalez,R,175,ARG,36.5804243669,Fabrice Martin,R,,FRA,33.4346338125,Pablo Andujar,R,180,ESP,34.0670773443,Roberto Carballes Baena,R,,ESP,26.9048596851,34,2625,23,3405,,,192,360,83,5,0,64,36,28,15,11,4,5,0,2,61,43,30,7,11,4,7,,,,,,,,,,,,,,,,,,,,
2020-6932,Rio De Janeiro,Clay,32,A,20200217,258,106099,105943,,Q,105431,105271,,,6-4 6-3,3,R32,Salvatore Caruso,R,,ITA,27.1731690623,Federico Gaio,R,,ITA,27.9534565366,Ariel Behar,R,,URU,30.264202601,Gonzalo Escobar,L,,ECU,31.0746064339,712,45,501,77,71,1160,69,1232,61,5,1,44,27,21,15,9,0,0,0,1,52,38,26,9,10,0,3,,,,,,,,,,,,,,,,,,,,
2020-6932,Rio De Janeiro,Clay,32,A,20200217,257,106207,103946,4,,105120,132283,,,6-7(4) 6-3 (11-9),3,R32,Mate Pavic,L,,CRO,26.6228610541,Bruno Soares,R,180,BRA,37.9712525667,Andres Molteni,R,,ARG,31.9260780287,Lorenzo Sonego,R,,ITA,24.772073922,15,3990,24,3230,60,1505,453,90,104,3,2,69,46,38,10,10,0,1,1,1,77,61,39,8,11,6,9,,,,,,,,,,,,,,,,,,,,
2020-6932,Rio De Janeiro,Clay,32,A,20200217,256,105433,103938,,,105269,104235,,,5-7 6-3 (10-8),3,R32,Roman Jebavy,R,,CZE,30.2532511978,Igor Zelenay,R,198,SVK,38.0177960301,Marcelo Demoliner,R,,BRA,31.0800821355,Matwe Middelkoop,R,,NED,36.4572210815,75,1055,72,1155,49,1790,54,1655,85,3,3,62,38,26,13,10,3,6,1,0,66,48,28,12,11,1,5,,,,,,,,,,,,,,,,,,,,
2020-6932,Rio De Janeiro,Clay,32,A,20200217,255,103997,104249,2,,105226,105262,,LL,6-3 7-5,3,R32,Lukasz Kubot,R,190,POL,37.7577002053,Marcelo Melo,R,203,BRA,36.4024640657,Attila Balazs,R,180,HUN,31.3894592745,Fernando Romboli,R,180,BRA,31.1184120465,8,4820,9,4820,740,42,95,885,79,1,0,56,43,34,8,11,2,4,2,5,59,37,25,8,10,8,12,,,,,,,,,,,,,,,,,,,,
2020-6932,Rio De Janeiro,Clay,32,A,20200217,242,106099,105943,,,105226,105262,2,,6-3 6-4,3,QF,Salvatore Caruso,R,,ITA,27.1731690623,Federico Gaio,R,,ITA,27.9534565366,Attila Balazs,R,180,HUN,31.3894592745,Fernando Romboli,R,180,BRA,31.1184120465,712,45,501,77,740,42,95,885,,1,1,49,39,28,6,9,0,1,0,1,60,43,27,7,10,5,9,,,,,,,,,,,,,,,,,,,,
2020-6932,Rio De Janeiro,Clay,32,A,20200217,241,106099,105943,,,106198,104919,1,,6-2 6-2,3,R32,Salvatore Caruso,R,,ITA,27.1731690623,Federico Gaio,R,,ITA,27.9534565366,Hugo Dellien,R,,BOL,26.6721423682,Leonardo Mayer,R,188,ARG,32.7611225188,712,45,501,77,268,200,99,869,,3,1,48,32,24,8,8,7,7,0,2,46,34,21,6,8,3,7,,,,,,,,,,,,,,,,,,,,
2020-6932,Rio De Janeiro,Clay,32,A,20200217,240,105226,105262,2,,110778,205734,,WC,1-6 7-6(4) (10-8),3,R32,Attila Balazs,R,180,HUN,31.3894592745,Fernando Romboli,R,180,BRA,31.1184120465,Joao Lucas Magalhaes Hueb De Menezes,R,,BRA,23.1676933607,Thiago Seyboth Wild,R,,BRA,19.9397672827,740,42,95,885,494,80,397,105,,1,0,61,47,34,10,9,2,4,5,2,71,49,36,14,10,9,9,,,,,,,,,,,,,,,,,,,,
2020-M004,Acapulco,Hard,32,A,20200224,269,103997,104249,2,,108701,104857,1,,7-6(6) 6-7(4) (11-9),3,F,Lukasz Kubot,R,190,POL,37.7768651608,Marcelo Melo,R,203,BRA,36.4216290212,Juan Sebastian Cabal,R,,COL,33.8343600274,Robert Farah,R,193,COL,33.0951403149,8,4820,8,4820,2,8170,1,8170,151,3,7,86,57,45,15,12,3,5,5,4,91,54,45,16,12,1,3,,,,,,,,,,,,,,,,,,,,
2020-M004,Acapulco,Hard,32,A,20200224,268,108701,104857,1,,105173,104802,,,6-4 6-2,3,SF,Juan Sebastian Cabal,R,,COL,33.8343600274,Robert Farah,R,193,COL,33.0951403149,Adrian Mannarino,L,183,FRA,31.6550308008,Fabrice Martin,R,,FRA,33.453798768,2,8170,1,8170,345,135,23,3245,76,4,1,47,30,26,10,9,0,0,3,2,54,30,18,12,9,5,8,,,,,,,,,,,,,,,,,,,,
2020-M004,Acapulco,Hard,32,A,20200224,267,103997,104249,2,,105677,105583,,,6-7(6) 6-0 (10-6),3,SF,Lukasz Kubot,R,190,POL,37.7768651608,Marcelo Melo,R,203,BRA,36.4216290212,Nikola Cacic,R,,SRB,29.2156057495,Dusan Lajovic,R,180,SRB,29.6536618754,8,4820,8,4820,62,1405,126,655,93,3,3,64,36,25,21,9,7,8,4,2,63,41,27,11,9,1,5,,,,,,,,,,,,,,,,,,,,
2020-M004,Acapulco,Hard,32,A,20200224,266,108701,104857,1,,105695,126115,,,6-7(2) 6-4 (10-8),3,QF,Juan Sebastian Cabal,R,,COL,33.8343600274,Robert Farah,R,193,COL,33.0951403149,Sander Gille,R,,BEL,29.1088295688,Joran Vliegen,U,,BEL,26.6338124572,2,8170,1,8170,46,1868,39,2183,111,1,4,76,50,35,14,11,10,11,2,3,74,52,39,10,11,3,5,,,,,,,,,,,,,,,,,,,,
2020-M004,Acapulco,Hard,32,A,20200224,265,105173,104802,,,100644,104999,,WC,6-1 6-4,3,QF,Adrian Mannarino,L,183,FRA,31.6550308008,Fabrice Martin,R,,FRA,33.453798768,Alexander Zverev,R,198,GER,22.8473648186,Mischa Zverev,L,190,GER,32.5092402464,345,135,23,3245,99,860,110,785,56,3,0,45,24,17,17,9,2,3,4,2,43,28,19,4,8,1,5,,,,,,,,,,,,,,,,,,,,
2020-M004,Acapulco,Hard,32,A,20200224,264,105677,105583,,,104136,104159,,,4-6 6-4 (10-2),3,QF,Nikola Cacic,R,,SRB,29.2156057495,Dusan Lajovic,R,180,SRB,29.6536618754,Santiago Gonzalez,R,190,MEX,36.9993155373,Ken Skupski,L,185,GBR,36.8788501027,62,1405,126,655,43,1973,58,1603,79,2,0,59,36,27,13,10,2,5,2,5,64,31,18,16,10,4,7,,,,,,,,,,,,,,,,,,,,
2020-M004,Acapulco,Hard,32,A,20200224,263,103997,104249,2,,105777,126203,,,W/O,3,QF,Lukasz Kubot,R,190,POL,37.7768651608,Marcelo Melo,R,203,BRA,36.4216290212,Grigor Dimitrov,R,188,BUL,28.7775496235,Taylor Harry Fritz,R,,USA,22.3244353183,8,4820,8,4820,752,40,125,660,0,0,0,0,0,0,0,0,0,0,0,0,0,0,0,0,0,0,0,,,,,,,,,,,,,,,,,,,,
2020-M004,Acapulco,Hard,32,A,20200224,262,108701,104857,1,,106382,110758,,,6-0 7-5,3,R32,Juan Sebastian Cabal,R,,COL,33.8343600274,Robert Farah,R,193,COL,33.0951403149,Luke Bambridge,R,,GBR,25.0924024641,Ben Mclachlan,R,,NZL,27.7919233402,2,8170,1,8170,50,1765,48,1815,70,3,1,47,36,29,7,9,3,3,3,3,51,25,20,10,9,2,6,,,,,,,,,,,,,,,,,,,,
2020-M004,Acapulco,Hard,32,A,20200224,261,105695,126115,,,105334,104960,,LL,6-3 7-6(3),3,R32,Sander Gille,R,,BEL,29.1088295688,Joran Vliegen,U,,BEL,26.6338124572,Luis David Martinez,U,,VEN,30.7871321013,Miguel Angel Reyes Varela,R,,MEX,32.6789869952,46,1868,39,2183,131,598,89,933,81,1,2,64,38,30,17,11,1,2,1,1,57,38,27,10,10,2,4,,,,,,,,,,,,,,,,,,,,
2020-M004,Acapulco,Hard,32,A,20200224,260,105173,104802,,,104719,104547,3,,3-6 6-4 (10-6),3,R32,Adrian Mannarino,L,183,FRA,31.6550308008,Fabrice Martin,R,,FRA,33.453798768,Marcel Granollers,R,190,ESP,33.8699520876,Horacio Zeballos,L,188,ARG,34.8281998631,345,135,23,3245,15,4090,4,5780,84,7,3,66,44,29,8,10,2,5,3,4,59,42,30,7,9,6,8,,,,,,,,,,,,,,,,,,,,
2020-M004,Acapulco,Hard,32,A,20200224,259,100644,104999,,WC,103977,138550,,Q,6-3 6-3,3,R32,Alexander Zverev,R,198,GER,22.8473648186,Mischa Zverev,L,190,GER,32.5092402464,Nicholas Monroe,R,178,USA,37.8699520876,Jackson J Withrow,U,,USA,26.6338124572,99,860,110,785,88,934,75,1042,59,7,1,46,35,27,4,9,2,4,5,2,51,29,16,12,9,6,11,,,,,,,,,,,,,,,,,,,,
2020-M004,Acapulco,Hard,32,A,20200224,258,105677,105583,,,200000,105714,,,6-3 6-2,3,R32,Nikola Cacic,R,,SRB,29.2156057495,Dusan Lajovic,R,180,SRB,29.6536618754,Felix Auger Aliassime,R,,CAN,19.5455167693,Hugo Nys,R,,MON,29.0212183436,62,1405,126,655,299,170,69,1246,65,0,0,41,25,22,8,8,1,2,2,2,57,29,17,11,9,4,9,,,,,,,,,,,,,,,,,,,,
2020-M004,Acapulco,Hard,32,A,20200224,257,104136,104159,,,126845,106291,4,,4-6 7-6(0) (10-2),3,R32,Santiago Gonzalez,R,190,MEX,36.9993155373,Ken Skupski,L,185,GBR,36.8788501027,Max Purcell,U,,AUS,21.8945927447,Luke Saville,R,,AUS,26.0616016427,43,1973,58,1603,40,2067,37,2200,88,0,2,72,45,31,17,11,3,6,5,1,69,50,36,7,11,2,4,,,,,,,,,,,,,,,,,,,,
2020-M004,Acapulco,Hard,32,A,20200224,256,105777,126203,,,105428,104667,,,7-5 3-6 (12-10),3,R32,Grigor Dimitrov,R,188,BUL,28.7775496235,Taylor Harry Fritz,R,,USA,22.3244353183,Marcus Daniell,R,190,NZL,30.2915811088,Philipp Oswald,R,,AUT,34.0862422998,752,40,125,660,51,1730,42,2015,95,4,4,68,41,31,16,11,5,8,4,5,66,38,32,10,10,3,5,,,,,,,,,,,,,,,,,,,,
2020-M004,Acapulco,Hard,32,A,20200224,255,103997,104249,2,,103852,104043,,WC,7-5 6-4,3,R32,Lukasz Kubot,R,190,POL,37.7768651608,Marcelo Melo,R,203,BRA,36.4216290212,Feliciano Lopez,L,188,ESP,38.4284736482,Marc Lopez,R,175,ESP,37.568788501,8,4820,8,4820,53,1645,192,360,79,5,3,62,34,25,18,11,2,3,5,1,66,47,31,10,11,7,10,,,,,,,,,,,,,,,,,,,,
2020-M004,Acapulco,Hard,32,A,20200224,242,103977,138550,2,,105334,104960,,,6-3 6-4,3,QF,Nicholas Monroe,R,178,USA,37.8699520876,Jackson J Withrow,U,,USA,26.6338124572,Luis David Martinez,U,,VEN,30.7871321013,Miguel Angel Reyes Varela,R,,MEX,32.6789869952,88,934,75,1042,131,598,89,933,,1,5,61,33,25,14,10,5,6,2,3,50,34,22,6,9,2,5,,,,,,,,,,,,,,,,,,,,
2020-M004,Acapulco,Hard,32,A,20200224,241,105334,104960,,,105430,105572,1,,6-4 2-6 (15-13),3,R32,Luis David Martinez,U,,VEN,30.7871321013,Miguel Angel Reyes Varela,R,,MEX,32.6789869952,Radu Albot,R,,MDA,30.2861054073,Austin Krajicek,L,,USA,29.6919917864,131,598,89,933,136,580,41,2030,,1,2,66,45,34,6,9,5,8,6,4,63,47,30,7,9,4,6,,,,,,,,,,,,,,,,,,,,
2020-M004,Acapulco,Hard,32,A,20200224,240,103977,138550,2,,200415,120798,,WC,3-6 6-4 (10-7),3,R32,Nicholas Monroe,R,178,USA,37.8699520876,Jackson J Withrow,U,,USA,26.6338124572,Robert Galloway,R,,USA,27.4168377823,Hans Hach Verdugo,U,,MEX,30.2861054073,88,934,75,1042,155,485,122,676,,2,5,62,42,31,8,9,3,6,3,2,63,36,26,14,10,3,6,,,,,,,,,,,,,,,,,,,,
2020-0495,Dubai,Hard,32,A,20200224,269,105188,105030,,,104071,103594,4,,6-3 6-2,3,F,John Peers,R,,AUS,31.5838466804,Michael Venus,R,,NZL,32.3586584531,Raven Klaasen,R,180,RSA,37.3579739904,Oliver Marach,R,185,AUT,39.6084873374,33,2440,14,4200,11,4460,25,3150,59,8,0,49,29,24,12,9,2,2,0,1,44,33,20,7,8,2,5,,,,,,,,,,,,,,,,,,,,
2020-0495,Dubai,Hard,32,A,20200224,268,105188,105030,,,103781,104273,,,7-6(2) 6-2,3,SF,John Peers,R,,AUS,31.5838466804,Michael Venus,R,,NZL,32.3586584531,Jurgen Melzer,L,183,AUT,38.7597535934,Edouard Roger Vasselin,R,188,FRA,36.2409308693,33,2440,14,4200,35,2230,18,3610,81,8,5,63,39,32,12,10,3,3,6,2,60,45,28,10,10,1,3,,,,,,,,,,,,,,,,,,,,
2020-0495,Dubai,Hard,32,A,20200224,267,104071,103594,4,,105573,105526,,Q,6-3 6-2,3,SF,Raven Klaasen,R,180,RSA,37.3579739904,Oliver Marach,R,185,AUT,39.6084873374,Henri Kontinen,R,,FIN,29.6837782341,Jan Lennard Struff,R,,GER,29.8343600274,11,4460,25,3150,32,2755,45,1885,61,1,2,43,29,24,8,8,7,7,1,2,51,31,20,9,9,5,9,,,,,,,,,,,,,,,,,,,,
2020-0495,Dubai,Hard,32,A,20200224,266,105188,105030,,,104330,110749,1,,6-4 6-2,3,QF,John Peers,R,,AUS,31.5838466804,Michael Venus,R,,NZL,32.3586584531,Rajeev Ram,R,193,USA,35.9370294319,Joe Salisbury,U,,GBR,27.8466803559,33,2440,14,4200,6,5270,5,5360,59,2,2,49,27,21,14,9,6,7,0,2,46,27,15,12,9,0,4,,,,,,,,,,,,,,,,,,,,
2020-0495,Dubai,Hard,32,A,20200224,265,103781,104273,,,105906,105617,3,,6-4 7-6(1),3,QF,Jurgen Melzer,L,183,AUT,38.7597535934,Edouard Roger Vasselin,R,188,FRA,36.2409308693,Kevin Krawietz,R,190,GER,28.0848733744,Andreas Mies,U,,GER,29.5112936345,35,2230,18,3610,12,4285,13,4250,84,2,2,68,53,39,7,11,3,5,5,5,66,45,30,11,11,8,11,,,,,,,,,,,,,,,,,,,,
2020-0495,Dubai,Hard,32,A,20200224,264,104071,103594,4,,105323,105254,,,7-5 6-4,3,QF,Raven Klaasen,R,180,RSA,37.3579739904,Oliver Marach,R,185,AUT,39.6084873374,Wesley Koolhof,R,,NED,30.855578371,Nikola Mektic,R,,CRO,31.1676933607,11,4460,25,3150,17,3880,22,3530,73,4,4,55,29,25,19,11,0,0,3,1,54,38,25,14,11,0,2,,,,,,,,,,,,,,,,,,,,
2020-0495,Dubai,Hard,32,A,20200224,263,105573,105526,,Q,105051,102233,,WC,6-3 6-3,3,QF,Henri Kontinen,R,,FIN,29.6837782341,Jan Lennard Struff,R,,GER,29.8343600274,Matthew Ebden,R,188,AUS,32.2464065708,Leander Paes,R,178,IND,46.688569473,32,2755,45,1885,104,825,114,748,55,4,4,48,28,24,12,9,2,2,1,2,46,29,21,7,9,2,5,,,,,,,,,,,,,,,,,,,,
2020-0495,Dubai,Hard,32,A,20200224,262,104330,110749,1,,105227,104925,,,6-2 6-2,3,R32,Rajeev Ram,R,193,USA,35.9370294319,Joe Salisbury,U,,GBR,27.8466803559,Marin Cilic,R,198,CRO,31.4058863792,Novak Djokovic,R,188,SRB,32.7611225188,6,5270,5,5360,446,90,139,570,55,3,2,43,27,23,9,8,2,2,1,0,45,31,19,5,8,0,4,,,,,,,,,,,,,,,,,,,,
2020-0495,Dubai,Hard,32,A,20200224,261,105188,105030,,,105732,105332,,,6-4 6-4,3,R32,John Peers,R,,AUS,31.5838466804,Michael Venus,R,,NZL,32.3586584531,Pierre Hugues Herbert,R,188,FRA,28.93908282,Benoit Paire,R,196,FRA,30.7980835044,33,2440,14,4200,19,3540,77,1028,61,2,3,52,35,27,10,10,3,4,4,1,52,32,24,9,10,3,6,,,,,,,,,,,,,,,,,,,,
2020-0495,Dubai,Hard,32,A,20200224,260,105906,105617,3,,103828,104486,,,6-4 6-7(7) (10-8),3,R32,Kevin Krawietz,R,190,GER,28.0848733744,Andreas Mies,U,,GER,29.5112936345,Jean Julien Rojer,R,183,AHO,38.4996577687,Horia Tecau,R,193,ROU,35.0965092402,12,4285,13,4250,21,3530,20,3530,106,3,1,71,47,40,16,11,0,0,4,5,77,47,33,19,11,4,5,,,,,,,,,,,,,,,,,,,,
2020-0495,Dubai,Hard,32,A,20200224,259,103781,104273,,,104679,105439,,,6-1 7-6(2),3,R32,Jurgen Melzer,L,183,AUT,38.7597535934,Edouard Roger Vasselin,R,188,FRA,36.2409308693,Jamie Murray,L,190,GBR,34.0287474333,Neal Skupski,R,,GBR,30.2313483915,35,2230,18,3610,26,3125,29,3015,76,1,2,56,36,25,14,9,3,4,5,1,63,45,26,10,10,7,11,,,,,,,,,,,,,,,,,,,,
2020-0495,Dubai,Hard,32,A,20200224,258,105323,105254,,,138304,900022,,WC,6-0 6-1,3,R32,Wesley Koolhof,R,,NED,30.855578371,Nikola Mektic,R,,CRO,31.1676933607,Abdulrahman Al Janahi,R,,UAE,25.2758384668,,,,,,17,3880,22,3530,,,,,50,1,0,29,21,19,4,6,0,1,2,7,40,19,10,2,7,1,8,,,,,,,,,,,,,,,,,,,,
2020-0495,Dubai,Hard,32,A,20200224,257,104071,103594,4,,111575,126094,,,7-6(4) 6-3,3,R32,Raven Klaasen,R,180,RSA,37.3579739904,Oliver Marach,R,185,AUT,39.6084873374,Karen Khachanov,R,,RUS,23.7618069815,Andrey Rublev,R,,RUS,22.3463381246,11,4460,25,3150,79,1000,84,960,82,1,5,64,33,28,20,11,0,0,6,4,64,39,30,11,10,8,9,,,,,,,,,,,,,,,,,,,,
2020-0495,Dubai,Hard,32,A,20200224,256,105573,105526,,Q,106207,103946,,,7-6(2) 7-6(4),3,R32,Henri Kontinen,R,,FIN,29.6837782341,Jan Lennard Struff,R,,GER,29.8343600274,Mate Pavic,L,,CRO,26.6420260096,Bruno Soares,R,180,BRA,37.9904175222,32,2755,45,1885,16,3990,24,3230,95,9,4,77,47,36,19,12,3,4,4,1,75,49,36,14,12,1,2,,,,,,,,,,,,,,,,,,,,
2020-0495,Dubai,Hard,32,A,20200224,255,105051,102233,,WC,104471,104583,2,,6-4 6-3,3,R32,Matthew Ebden,R,188,AUS,32.2464065708,Leander Paes,R,178,IND,46.688569473,Ivan Dodig,R,183,CRO,35.1430527036,Filip Polasek,R,196,SVK,34.5954825462,104,825,114,748,10,4800,7,4930,67,1,3,48,31,25,9,9,4,5,3,4,59,39,23,9,10,4,8,,,,,,,,,,,,,,,,,,,,
2020-0495,Dubai,Hard,32,A,20200224,242,105573,105526,1,,103523,105807,2,,6-3 3-6 (10-6),3,QF,Henri Kontinen,R,,FIN,29.6837782341,Jan Lennard Struff,R,,GER,29.8343600274,Rohan Bopanna,R,190,IND,39.9753593429,Pablo Carreno Busta,R,188,ESP,28.6214921287,32,2755,45,1885,38,2200,109,790,,3,0,55,37,31,11,9,3,4,2,0,60,43,32,7,9,5,6,,,,,,,,,,,,,,,,,,,,
2020-0495,Dubai,Hard,32,A,20200224,241,105573,105526,1,,105341,200325,,,W/O,3,R32,Henri Kontinen,R,,FIN,29.6837782341,Jan Lennard Struff,R,,GER,29.8343600274,Thomas Fabbiano,R,,ITA,30.7488021903,Emil Ruusuvuori,R,,FIN,20.8980150582,32,2755,45,1885,303,168,251,221,,0,0,0,0,0,0,0,0,0,0,0,0,0,0,0,0,0,0,,,,,,,,,,,,,,,,,,,,
2020-0495,Dubai,Hard,32,A,20200224,240,103523,105807,2,,104586,104678,,WC,6-4 7-5,3,R32,Rohan Bopanna,R,190,IND,39.9753593429,Pablo Carreno Busta,R,188,ESP,28.6214921287,Lukas Rosol,R,196,CZE,34.5872689938,Viktor Troicki,R,193,SRB,34.0369609856,38,2200,109,790,509,75,221,294,,1,4,63,36,27,17,11,4,4,5,5,66,42,29,12,11,3,5,,,,,,,,,,,,,,,,,,,,
2020-8996,Santiago,Clay,32,A,20200224,269,106148,200221,,,105656,110779,2,,7-6(3) 6-1,3,F,Roberto Carballes Baena,R,,ESP,26.9240246407,Alejandro Davidovich Fokina,R,,ESP,20.7227926078,Marcelo Arevalo,R,,ESA,29.3552361396,Jonny Omara,R,,GBR,24.9828884326,193,360,957,25,60,1460,55,1613,70,6,1,57,39,30,13,10,2,3,1,4,51,36,23,7,9,1,4,,,,,,,,,,,,,,,,,,,,
2020-8996,Santiago,Clay,32,A,20200224,268,106148,200221,,,144642,126214,,WC,6-3 6-2,3,SF,Roberto Carballes Baena,R,,ESP,26.9240246407,Alejandro Davidovich Fokina,R,,ESP,20.7227926078,Marcelo Tomas Barrios Vera,U,,CHI,22.2067077344,Alejandro Tabilo,L,,CHI,22.7296372348,193,360,957,25,431,94,401,105,69,3,2,48,31,24,11,9,3,4,1,1,50,29,20,6,8,4,8,,,,,,,,,,,,,,,,,,,,
2020-8996,Santiago,Clay,32,A,20200224,267,105656,110779,2,,105487,104655,,,7-6(5) 6-4,3,SF,Marcelo Arevalo,R,,ESA,29.3552361396,Jonny Omara,R,,GBR,24.9828884326,Facundo Bagnis,L,,ARG,29.9904175222,Pablo Cuevas,R,180,URU,34.1464750171,60,1460,55,1613,255,215,118,715,97,2,1,61,48,39,9,11,4,5,6,3,70,47,32,13,11,5,7,,,,,,,,,,,,,,,,,,,,
2020-8996,Santiago,Clay,32,A,20200224,266,144642,126214,,WC,105269,104235,1,,1-6 6-3 (10-8),3,QF,Marcelo Tomas Barrios Vera,U,,CHI,22.2067077344,Alejandro Tabilo,L,,CHI,22.7296372348,Marcelo Demoliner,R,,BRA,31.099247091,Matwe Middelkoop,R,,NED,36.476386037,431,94,401,105,52,1725,59,1534,69,0,2,58,36,24,12,8,6,8,7,1,50,34,27,9,8,1,2,,,,,,,,,,,,,,,,,,,,
2020-8996,Santiago,Clay,32,A,20200224,265,106148,200221,,,104690,104677,3,,6-3 3-6 (10-4),3,QF,Roberto Carballes Baena,R,,ESP,26.9240246407,Alejandro Davidovich Fokina,R,,ESP,20.7227926078,Divij Sharan,L,,IND,33.9822039699,Artem Sitak,R,,NZL,34.0424366872,193,360,957,25,57,1605,66,1345,81,2,1,58,34,21,15,9,5,8,0,6,62,38,27,6,9,5,8,,,,,,,,,,,,,,,,,,,,
2020-8996,Santiago,Clay,32,A,20200224,264,105487,104655,,,105431,105271,4,,6-3 6-4,3,QF,Facundo Bagnis,L,,ARG,29.9904175222,Pablo Cuevas,R,180,URU,34.1464750171,Ariel Behar,R,,URU,30.2833675565,Gonzalo Escobar,L,,ECU,31.0937713895,255,215,118,715,72,1160,71,1199,62,3,0,46,33,30,10,10,0,0,1,1,46,28,19,13,9,2,4,,,,,,,,,,,,,,,,,,,,
2020-8996,Santiago,Clay,32,A,20200224,263,105656,110779,2,,105948,106228,,,7-6(3) 6-3,3,QF,Marcelo Arevalo,R,,ESA,29.3552361396,Jonny Omara,R,,GBR,24.9828884326,Federico Coria,R,,ARG,27.961670089,Juan Ignacio Londero,R,,ARG,26.5270362765,60,1460,55,1613,1222,15,204,330,63,5,2,61,46,39,10,11,0,0,4,1,56,44,29,10,10,2,3,,,,,,,,,,,,,,,,,,,,
2020-8996,Santiago,Clay,32,A,20200224,262,105269,104235,1,,106198,122585,,,5-7 6-3 (10-8),3,R32,Marcelo Demoliner,R,,BRA,31.099247091,Matwe Middelkoop,R,,NED,36.476386037,Hugo Dellien,R,,BOL,26.6913073238,Andre Goransson,U,,SWE,25.8206707734,52,1725,59,1534,270,200,87,937,79,3,2,67,42,32,14,11,5,7,1,0,57,41,29,11,10,0,2,,,,,,,,,,,,,,,,,,,,
2020-8996,Santiago,Clay,32,A,20200224,261,144642,126214,,WC,105643,105160,,,4-6 6-3 (10-5),3,R32,Marcelo Tomas Barrios Vera,U,,CHI,22.2067077344,Alejandro Tabilo,L,,CHI,22.7296372348,Federico Delbonis,L,190,ARG,29.3880903491,Guillermo Duran,R,,ARG,31.7180013689,431,94,401,105,112,760,80,983,76,2,0,62,44,34,9,10,3,5,1,2,56,38,26,8,9,5,7,,,,,,,,,,,,,,,,,,,,
2020-8996,Santiago,Clay,32,A,20200224,260,104690,104677,3,,106329,105262,,,7-6(5) 7-6(2),3,R32,Divij Sharan,L,,IND,33.9822039699,Artem Sitak,R,,NZL,34.0424366872,Thiago Monteiro,L,,BRA,25.735797399,Fernando Romboli,R,180,BRA,31.1375770021,57,1605,66,1345,215,310,94,885,97,5,4,76,43,36,20,12,5,5,4,1,72,47,35,18,12,3,3,,,,,,,,,,,,,,,,,,,,
2020-8996,Santiago,Clay,32,A,20200224,259,106148,200221,,,106174,205734,,WC,6-4 7-5,3,R32,Roberto Carballes Baena,R,,ESP,26.9240246407,Alejandro Davidovich Fokina,R,,ESP,20.7227926078,Gonzalo Lama,R,,CHI,26.8281998631,Thiago Seyboth Wild,R,,BRA,19.9589322382,193,360,957,25,900,29,489,80,67,3,0,52,44,36,8,11,0,0,3,0,58,40,26,12,11,2,4,,,,,,,,,,,,,,,,,,,,
2020-8996,Santiago,Clay,32,A,20200224,258,105487,104655,,,106033,104398,,,7-6(2) 6-4,3,R32,Facundo Bagnis,L,,ARG,29.9904175222,Pablo Cuevas,R,180,URU,34.1464750171,Romain Arneodo,R,,FRA,27.5564681725,Andre Begemann,R,188,GER,35.6194387406,255,215,118,715,95,876,93,897,79,1,0,61,42,34,15,11,1,1,1,2,66,48,35,10,11,1,2,,,,,,,,,,,,,,,,,,,,
2020-8996,Santiago,Clay,32,A,20200224,257,105431,105271,4,,104919,105120,,,7-5 7-5,3,R32,Ariel Behar,R,,URU,30.2833675565,Gonzalo Escobar,L,,ECU,31.0937713895,Leonardo Mayer,R,188,ARG,32.7802874743,Andres Molteni,R,,ARG,31.9452429843,72,1160,71,1199,97,869,65,1354,89,3,1,60,43,36,11,12,3,4,5,4,70,48,34,7,12,7,10,,,,,,,,,,,,,,,,,,,,
2020-8996,Santiago,Clay,32,A,20200224,256,105948,106228,,,122644,105801,,,6-4 1-6 (10-3),3,R32,Federico Coria,R,,ARG,27.961670089,Juan Ignacio Londero,R,,ARG,26.5270362765,Sander Arends,U,,NED,28.5448323066,David Pel,L,,NED,28.629705681,1222,15,204,330,78,1014,100,860,65,0,0,50,40,30,3,8,0,2,0,9,57,28,23,12,9,0,1,,,,,,,,,,,,,,,,,,,,
2020-8996,Santiago,Clay,32,A,20200224,255,105656,110779,2,,105433,103938,,,6-4 4-6 (10-6),3,R32,Marcelo Arevalo,R,,ESA,29.3552361396,Jonny Omara,R,,GBR,24.9828884326,Roman Jebavy,R,,CZE,30.2724161533,Igor Zelenay,R,198,SVK,38.0369609856,60,1460,55,1613,82,965,70,1200,88,2,4,60,37,30,11,10,3,5,2,4,68,47,28,12,10,7,9,,,,,,,,,,,,,,,,,,,,
2020-M-DC-2020-QLS-M-ARG-COL-01,Davis Cup QLS R1: ARG vs COL,Clay,4,D,20200306,3,108701,104857,,,104216,104547,,,6-3 6-7(3) 7-5,3,RR,Juan Sebastian Cabal,R,,COL,33.8535249829,Robert Farah,R,193,COL,33.1143052704,Maximo Gonzalez,R,175,ARG,36.6187542779,Horacio Zeballos,L,188,ARG,34.8473648186,2,8380,1,8380,42,1965,4,5780,148,3,8,90,56,50,21,17,0,0,10,2,93,64,46,19,16,4,6,,,,,,,,,,,,,,,,,,,,
2020-M-DC-2020-QLS-M-AUS-BRA-01,Davis Cup QLS R1: AUS vs BRA,Hard,4,D,20200306,3,105269,200335,,,105902,105188,,,5-7 7-5 7-6(6),3,RR,Marcelo Demoliner,R,,BRA,31.1184120465,Felipe Meligeni Rodrigues Alves,R,,BRA,22.0314852841,James Duckworth,R,183,AUS,28.1122518823,John Peers,R,,AUS,31.6030116359,48,1745,132,582,191,360,31,2850,174,4,2,112,81,55,17,18,5,9,5,3,167,119,75,22,18,13,17,,,,,,,,,,,,,,,,,,,,
2020-M-DC-2020-QLS-M-AUT-URU-01,Davis Cup QLS R1: AUT vs URU,Hard,4,D,20200306,3,103594,103781,,,105431,104655,,,4-6 6-3 7-5,3,RR,Oliver Marach,R,185,AUT,39.627652293,Jurgen Melzer,L,183,AUT,38.7789185489,Ariel Behar,R,,URU,30.302532512,Pablo Cuevas,R,180,URU,34.1656399726,23,3360,35,2365,72,1176,111,760,125,0,3,81,50,42,21,16,1,2,4,3,101,78,53,12,15,1,3,,,,,,,,,,,,,,,,,,,,
2020-M-DC-2020-QLS-M-BEL-HUN-01,Davis Cup QLS R1: BEL vs HUN,Clay,4,D,20200306,3,105695,126115,,,105226,105916,,,3-6 6-1 6-4,3,RR,Sander Gille,R,,BEL,29.1279945243,Joran Vliegen,U,,BEL,26.6529774127,Attila Balazs,R,180,HUN,31.4277891855,Marton Fucsovics,R,,HUN,28.0629705681,43,1913,36,2225,544,67,338,135,119,3,0,87,67,49,11,13,8,9,3,4,74,51,33,15,13,4,7,,,,,,,,,,,,,,,,,,,,
2020-M-DC-2020-QLS-M-CRO-IND-01,Davis Cup QLS R1: CRO vs IND,Hard,4,D,20200306,3,103523,102233,,,106207,105015,,,6-3 6-7(9) 7-5,3,RR,Rohan Bopanna,R,190,IND,39.9945242984,Leander Paes,R,178,IND,46.7077344285,Mate Pavic,L,,CRO,26.6611909651,Franco Skugor,R,193,CRO,32.4490075291,37,2200,115,748,15,3990,32,2810,141,3,1,97,74,55,15,17,1,3,14,2,115,87,58,16,16,5,9,,,,,,,,,,,,,,,,,,,,
2020-M-DC-2020-QLS-M-CZE-SVK-01,Davis Cup QLS R1: CZE vs SVK,Clay,4,D,20200306,3,104583,103938,,,207797,144645,,,6-4 6-4,3,RR,Filip Polasek,R,196,SVK,34.6146475017,Igor Zelenay,R,198,SVK,38.0561259411,Jonas Forejtek,R,,CZE,18.9787816564,Zdenek Kolar,U,,CZE,23.394934976,8,4930,70,1200,339,134,214,299,80,1,2,50,34,32,9,10,0,0,1,4,85,57,37,12,10,7,9,,,,,,,,,,,,,,,,,,,,
2020-M-DC-2020-QLS-M-GER-BLR-01,Davis Cup QLS R1: GER vs BLR,Hard,4,D,20200306,3,105906,105617,,,125802,105781,,,6-4 7-6(5),3,RR,Kevin Krawietz,R,190,GER,28.1040383299,Andreas Mies,U,,GER,29.53045859,Ilya Ivashka,R,,BLR,26.0177960301,Andrei Vasilevski,R,,BLR,28.7638603696,13,4330,14,4295,,,75,1041,90,6,0,65,43,32,15,11,0,0,7,1,71,55,43,5,11,4,5,,,,,,,,,,,,,,,,,,,,
2020-M-DC-2020-QLS-M-JPN-ECU-01,Davis Cup QLS R1: JPN vs ECU,Hard,4,D,20200306,3,105271,106165,,,110758,106034,,,7-6(3) 6-3,3,RR,Gonzalo Escobar,L,,ECU,31.112936345,Diego Hidalgo,U,,ECU,26.8720054757,Ben Mclachlan,R,,NZL,27.8110882957,Yasutaka Uchiyama,R,,JPN,27.5728952772,69,1229,257,220,58,1560,431,93,102,5,1,82,56,42,15,11,8,8,10,3,69,54,40,7,10,4,5,,,,,,,,,,,,,,,,,,,,
2020-M-DC-2020-QLS-M-KAZ-NED-01,Davis Cup QLS R1: KAZ vs NED,Hard,4,D,20200306,3,104979,104873,,,104898,103828,,,6-3 6-3,3,RR,Andrey Golubev,R,185,KAZ,32.6132785763,Aleksandr Nedovyesov,R,,KAZ,33.0431211499,Robin Haase,R,190,NED,32.9062286105,Jean Julien Rojer,R,183,AHO,38.5188227242,125,632,140,566,33,2755,21,3440,70,3,0,51,31,25,14,9,2,2,1,5,56,36,23,10,9,3,6,,,,,,,,,,,,,,,,,,,,
2020-M-DC-2020-QLS-M-SWE-CHI-01,Davis Cup QLS R1: SWE vs CHI,Hard,4,D,20200306,3,105436,102963,,,144642,126214,,,6-4 6-4,3,RR,Markus Eriksson,R,,SWE,30.2559890486,Robert Lindstedt,R,190,SWE,42.9541409993,Marcelo Tomas Barrios Vera,U,,CHI,22.2258726899,Alejandro Tabilo,L,,CHI,22.7488021903,260,211,79,973,285,184,276,195,74,3,1,58,38,26,11,10,1,3,1,2,51,39,22,7,10,2,6,,,,,,,,,,,,,,,,,,,,
2020-M-DC-2020-QLS-M-USA-UZB-01,Davis Cup QLS R1: USA vs UZB,Hard,4,D,20200306,3,103184,103185,,,122109,104797,,,6-3 6-4,3,RR,Bob Bryan,L,193,USA,41.8425735797,Mike Bryan,R,190,USA,41.8425735797,Sanjar Fayziev,U,,UZB,25.5934291581,Denis Istomin,R,188,UZB,33.4839151266,27,3020,27,3020,474,86,320,152,67,1,0,45,33,28,9,10,0,1,1,3,66,48,30,8,9,7,10,,,,,,,,,,,,,,,,,,,,
2020-M-DC-2020-WG1-PO-BIH-RSA-01,Davis Cup WG1 PO: BIH vs RSA,Hard,4,D,20200306,3,105806,105493,,,104071,105434,,,7-6(4) 6-3,3,RR,Mirza Basic,R,,BIH,28.6406570842,Tomislav Brkic,R,,BIH,29.9822039699,Raven Klaasen,R,180,RSA,37.3771389459,Ruan Roelofse,R,,RSA,30.2861054073,,,106,814,12,4680,217,284,81,2,0,65,41,30,14,11,2,3,2,0,64,47,30,11,10,3,6,,,,,,,,,,,,,,,,,,,,
2020-M-DC-2020-WG1-PO-BOL-DOM-01,Davis Cup WG1 PO: BOL vs DOM,Clay,4,D,20200306,3,106198,105156,,,106232,200572,,,6-3 6-2,3,RR,Hugo Dellien,R,,BOL,26.7104722793,Federico Zeballos,U,,BOL,31.7563312799,Roberto Cid,R,,DOM,26.5051334702,Nick Hardt,U,,DOM,19.446954141,271,200,245,231,343,133,629,54,76,1,3,49,34,22,10,9,0,1,0,2,57,34,18,7,8,4,9,,,,,,,,,,,,,,,,,,,,
2020-M-DC-2020-WG1-PO-LBN-THA-01,Davis Cup WG1 PO: LBN vs THA,Clay,4,D,20200306,3,133975,133301,,,205934,205935,,,6-3 6-7(7) 6-0,3,RR,Benjamin Hassan,U,,GER,25.0732375086,Giovani Samaha,L,,LIB,25.6344969199,Kittirat Kerdlaphee,U,,THA,20.3915126626,Phongsapak Kerdlaphee,R,,THA,21.8206707734,1303,12,949,26,1616,6,2234,2,110,6,3,75,46,35,19,14,1,2,1,4,88,48,27,20,13,2,8,,,,,,,,,,,,,,,,,,,,
2020-M-DC-2020-WG1-PO-LTU-POR-01,Davis Cup WG1 PO: LTU vs POR,Hard,4,D,20200306,3,105311,105155,,,105827,108748,,,6-3 6-1,3,RR,Joao Sousa,R,185,POR,30.9240246407,Pedro Sousa,R,180,POR,31.7645448323,Laurynas Grigelis,R,183,LTU,28.5503080082,Lukas Mugevicius,R,,LTU,25.234770705,65,1305,301,171,347,131,,,53,2,1,44,30,25,9,8,4,4,1,3,49,35,21,4,8,5,9,,,,,,,,,,,,,,,,,,,,
2020-M-DC-2020-WG1-PO-MEX-FIN-01,Davis Cup WG1 PO: MEX vs FIN,Clay,4,D,20200306,3,105349,105573,,,104136,104960,,,6-3 7-6(6),3,RR,Harri Heliovaara,R,,FIN,30.7433264887,Henri Kontinen,R,,FIN,29.7029431896,Santiago Gonzalez,R,190,MEX,37.0184804928,Miguel Angel Reyes Varela,R,,MEX,32.6981519507,137,574,30,2890,41,1973,87,933,94,7,3,74,48,38,17,11,5,5,3,1,68,41,28,19,10,3,4,,,,,,,,,,,,,,,,,,,,
2020-M-DC-2020-WG1-PO-NOR-BAR-01,Davis Cup WG1 PO: NOR vs BAR,Hard,4,D,20200306,3,126340,134770,,,104656,209868,,,6-3 6-2,3,RR,Viktor Durasovic,U,,NOR,22.9541409993,Casper Ruud,R,,NOR,21.1937029432,Haydn Lewis,L,,BAR,34.1629021218,Kaipo Marshall,,,BAR,17.9493497604,466,87,194,355,,,,,68,4,0,44,35,29,7,9,0,0,3,4,60,39,28,6,8,4,7,,,,,,,,,,,,,,,,,,,,
2020-M-DC-2020-WG1-PO-PER-SUI-01,Davis Cup WG1 PO: PER vs SUI,Clay,4,D,20200306,3,105456,106410,,,105757,105928,,,7-5 7-6(8),3,RR,Sergio Galdos,R,,PER,30.1629021218,Jorge Brian Panta Herreros,U,,PER,24.6132785763,Sandro Ehrat,R,180,SUI,28.8733744011,Luca Margaroli,R,,SUI,28.0438056126,196,348,402,103,577,62,131,592,109,4,1,69,53,40,11,12,1,3,7,5,95,60,45,12,12,5,8,,,,,,,,,,,,,,,,,,,,
2020-M-DC-2020-WG1-PO-TUR-ISR-01,Davis Cup WG1 PO: TUR vs ISR,Clay,4,D,20200306,3,131951,102968,,,207129,117356,,,6-3 6-1,3,RR,Daniel Cukierman,U,,ISR,24.6488706366,Jonathan Erlich,R,180,ISR,42.9075975359,Yanki Erel,L,,TUR,19.4332648871,Cem Ilkel,R,,TUR,24.5311430527,703,46,64,1360,1118,18,717,45,69,0,4,52,28,18,15,8,3,4,1,2,61,47,23,6,8,5,10,,,,,,,,,,,,,,,,,,,,
2020-M-DC-2020-WG1-PO-UKR-TPE-01,Davis Cup WG1 PO: UKR vs TPE,Hard,4,D,20200306,3,104920,104660,,,105850,105738,,,6-7(4) 6-4 6-4,3,RR,Denys Molchanov,R,,UKR,32.7967145791,Sergiy Stakhovsky,R,193,UKR,34.1519507187,Cheng Peng Hsieh,R,,TPE,28.4435318275,Tsung Hua Yang,R,,TPE,28.9281314168,93,883,173,404,95,871,170,411,133,6,4,94,56,43,26,16,2,2,2,4,115,74,54,22,16,8,10,,,,,,,,,,,,,,,,,,,,
2020-M-DC-2020-WG1-PO-VEN-NZL-01,Davis Cup WG1 PO: VEN vs NZL,Hard,4,D,20200306,3,105428,104677,,,105334,105467,,,6-3 7-6(3),3,RR,Marcus Daniell,R,190,NZL,30.3107460643,Artem Sitak,R,,NZL,34.0616016427,Luis David Martinez,U,,VEN,30.8062970568,Jordi Munoz Abreu,U,,VEN,30.12183436,49,1730,73,1090,128,608,995,23,94,3,3,72,46,34,18,11,1,1,0,2,67,45,33,11,10,3,4,,,,,,,,,,,,,,,,,,,,
2020-M-DC-2020-WG2-PO-CRC-BUL-01,Davis Cup WG2 PO: CRC vs BUL,Hard,4,D,20200306,3,132374,121331,,,202090,200247,,,7-6(9) 4-6 7-6(10),3,RR,Jesse Flores,U,,CAN,24.9226557153,Pablo Nunez,R,,CRC,28.8898015058,Adrian Andreev,U,,BUL,18.8062970568,Alexandar Lazarov,R,,BUL,22.3189596167,1470,8,,,1611,6,486,82,,,,,,,,,,,,,,,,,,,,,,,,,,,,,,,,,,,,,,,
2020-M-DC-2020-WG2-PO-DEN-PUR-01,Davis Cup WG2 PO: DEN vs PUR,Hard,4,D,20200306,3,126526,104233,,,200620,144687,,,6-1 6-2,3,RR,Soren Hess Olesen,U,,DEN,29.144421629,Frederik Nielsen,R,190,DEN,36.514715948,Ignacio Garcia,,,PUR,,Quinton Vega,R,,USA,27.2744695414,,,55,1610,,,1706,4,,,,,,,,,,,,,,,,,,,,,,,,,,,,,,,,,,,,,,,
2020-M-DC-2020-WG2-PO-ESA-JAM-01,Davis Cup WG2 PO: ESA vs JAM,Hard,4,D,20200306,3,105656,207976,,,209080,202120,,,6-3 6-2,3,RR,Marcelo Arevalo,R,,ESA,29.3744010951,Lluis Miralles,U,,ESP,19.356605065,Blaise Bicknell,U,,USA,,Rowland Phillips,U,,JAM,26.1054072553,57,1565,,,2057,2,1140,17,,,,,,,,,,,,,,,,,,,,,,,,,,,,,,,,,,,,,,,
2020-M-DC-2020-WG2-PO-GEO-EST-01,Davis Cup WG2 PO: GEO vs EST,Hard,4,D,20200306,3,104901,144940,,,106223,106106,,,3-6 6-3 6-3,3,RR,Vladimir Ivanov,R,,EST,32.8952772074,Mattias Siimar,U,,EST,22.0752908966,Aleksandre Metreveli,R,,GEO,26.559890486,George Tsivadze,U,,GEO,27.1622176591,536,69,894,29,1110,18,555,66,,,,,,,,,,,,,,,,,,,,,,,,,,,,,,,,,,,,,,,
2020-M-DC-2020-WG2-PO-GUA-TUN-01,Davis Cup WG2 PO: GUA vs TUN,Hard,4,D,20200306,3,121411,104291,,,209238,108739,,,7-6(4) 7-5,3,RR,Moez Chargui,R,,TUN,27.1403148528,Malek Jaziri,R,185,TUN,36.1149897331,Sebastian Dominguez,,,GUA,17.6947296372,Wilfredo Gonzalez,R,,GUA,27.151266256,727,44,291,180,,,838,34,,,,,,,,,,,,,,,,,,,,,,,,,,,,,,,,,,,,,,,
2020-M-DC-2020-WG2-PO-INA-KEN-01,Davis Cup WG2 PO: INA vs KEN,Hard,4,D,20200306,3,105464,105812,,,208043,208114,,,6-7(2) 7-6(6) 7-6(3),3,RR,Christopher Rungkat,R,,INA,30.1300479124,David Agung Susanto,U,,INA,28.6160164271,Ismael Changawa Ruwa Mzai,L,,KEN,23.6824093087,Ibrahim Kibet Yego,U,,KEN,23.8548939083,80,964,1050,20,,,1499,7,,,,,,,,,,,,,,,,,,,,,,,,,,,,,,,,,,,,,,,
2020-M-DC-2020-WG2-PO-LAT-EGY-01,Davis Cup WG2 PO: LAT vs EGY,Hard,4,D,20200306,3,105208,209866,,,105747,105633,,,6-3 6-4,3,RR,Ernests Gulbis,R,190,LAT,,Karlis Ozolins,U,,LVA,28.6160164271,Karim Mohamed Maamoun,R,,EGY,28.8980150582,Mohamed Safwat,R,183,EGY,29.4510609172,440,90,,,682,48,729,44,,,,,,,,,,,,,,,,,,,,,,,,,,,,,,,,,,,,,,,
2020-M-DC-2020-WG2-PO-MAR-VIE-01,Davis Cup WG2 PO: MAR vs VIE,Clay,4,D,20200306,3,104917,104467,,,109042,122533,,,6-4 6-1,3,RR,Anas Fattar,R,,MAR,32.8076659822,Lamine Ouahab,R,185,ALG,35.1923340178,Quoc Khanh Le,R,,VIE,37.4976043806,Nam Hoang Ly,R,,VIE,23.0143737166,683,48,942,26,,,1293,12,,,,,,,,,,,,,,,,,,,,,,,,,,,,,,,,,,,,,,,
2020-M-DC-2020-WG2-PO-PAR-SRI-01,Davis Cup WG2 PO: PAR vs SRI,Clay,4,D,20200306,3,134677,137018,,,202462,134886,,,6-1 6-4,3,RR,Juan Borba,R,,PAR,23.8877481177,Ayed Zatar,R,,PAR,23.9260780287,Yasitha De Silva,,,SRI,24.6652977413,Sharmal Dissanayake,R,,SRI,23.8001368925,,,,,,,,,,,,,,,,,,,,,,,,,,,,,,,,,,,,,,,,,,,,,,,
2020-M-DC-2020-WG2-PO-PHI-GRE-01,Davis Cup WG2 PO: PHI vs GRE,Clay,4,D,20200306,3,108717,104604,,,109737,202065,,,7-6(5) 6-4,3,RR,Francis Casey Alcantara,U,,PHI,28.0739219713,Ruben Gonzales,R,,PHI,34.4722792608,Markos Kalovelonis,R,,GRE,25.7905544148,Petros Tsitsipas,U,,GRE,19.5975359343,537,69,212,307,503,77,1072,20,,,,,,,,,,,,,,,,,,,,,,,,,,,,,,,,,,,,,,,
2020-M-DC-2020-WG2-PO-POL-HKG-01,Davis Cup WG2 PO: POL vs HKG,Hard,4,D,20200306,3,126166,126591,,,205695,106388,,,6-3 6-7(6) 6-3,3,RR,Szymon Walkow,R,,POL,24.4435318275,Jan Zielinski,R,,POL,23.2908966461,Ching Lam,R,,HKG,20.4955509925,Pak Long Yeung,U,,HKG,25.0458590007,182,389,295,178,,,557,66,,,,,,,,,,,,,,,,,,,,,,,,,,,,,,,,,,,,,,,
2020-M-DC-2020-WG2-PO-SYR-ZIM-01,Davis Cup WG2 PO: SYR vs ZIM,Hard,4,D,20200306,3,111761,144747,,,200153,208518,,,6-1 4-6 6-3,3,RR,Benjamin Lock,R,,ZIM,26.9952087611,Courtney John Lock,R,,ZIM,23.370294319,Yacoub Makzoume,R,,SYR,24.8323066393,Hazem Naw,R,,UNK,20.167008898,231,267,327,146,,,1929,2,,,,,,,,,,,,,,,,,,,,,,,,,,,,,,,,,,,,,,,
