tourney_id,tourney_name,surface,draw_size,tourney_level,tourney_date,match_num,winner_id,winner_seed,winner_entry,winner_name,winner_hand,winner_ht,winner_ioc,winner_age,winner_rank,winner_rank_points,loser_id,loser_seed,loser_entry,loser_name,loser_hand,loser_ht,loser_ioc,loser_age,loser_rank,loser_rank_points,score,best_of,round,minutes,w_ace,w_df,w_svpt,w_1stIn,w_1stWon,w_2ndWon,w_SvGms,w_bpSaved,w_bpFaced,l_ace,l_df,l_svpt,l_1stIn,l_1stWon,l_2ndWon,l_SvGms,l_bpSaved,l_bpFaced
2017-M020,Brisbane,Hard,32,A,20170102,300,105777,7,,Grigor Dimitrov,R,188,BUL,25.6344969199,17,2035,105453,3,,Kei Nishikori,R,178,JPN,27.0116358658,5,4905,6-2 2-6 6-3,3,F,108,7,2,77,52,41,12,13,5,7,4,0,69,49,36,9,12,2,5,,,,,,,,,,,,,,,,,,,,
2017-M020,Brisbane,Hard,32,A,20170102,299,105777,7,,Grigor Dimitrov,R,188,BUL,25.6344969199,17,2035,105683,1,,Milos Raonic,R,196,CAN,26.0177960301,3,5450,7-6(7) 6-2,3,SF,87,4,1,58,36,27,18,10,0,0,4,3,61,28,24,16,10,2,4,,,,,,,,,,,,,,,,,,,,
2017-M020,Brisbane,Hard,32,A,20170102,298,105453,3,,Kei Nishikori,R,178,JPN,27.0116358658,5,4905,104527,2,,Stanislas Wawrinka,R,183,SUI,31.7672826831,4,5315,7-6(3) 6-3,3,SF,101,1,1,77,56,37,14,11,4,5,9,2,61,37,27,10,10,0,2,,,,,,,,,,,,,,,,,,,,
2017-M020,Brisbane,Hard,32,A,20170102,297,105683,1,,Milos Raonic,R,196,CAN,26.0177960301,3,5450,104745,5,,Rafael Nadal,L,185,ESP,30.5845311431,9,3300,4-6 6-3 6-4,3,QF,140,23,3,97,62,50,16,15,6,7,4,0,84,61,39,14,14,2,4,,,,,,,,,,,,,,,,,,,,
2017-M020,Brisbane,Hard,32,A,20170102,296,105777,7,,Grigor Dimitrov,R,188,BUL,25.6344969199,17,2035,106233,4,,Dominic Thiem,R,,AUT,23.3319644079,8,3415,6-3 4-6 6-3,3,QF,124,3,3,94,52,42,23,14,13,14,6,5,82,37,29,24,14,4,7,,,,,,,,,,,,,,,,,,,,
2017-M020,Brisbane,Hard,32,A,20170102,295,105453,3,,Kei Nishikori,R,178,JPN,27.0116358658,5,4905,111442,,WC,Jordan Thompson,R,,AUS,22.7049965777,79,689,6-1 6-1,3,QF,61,3,0,34,19,18,10,7,0,0,1,2,47,28,15,5,7,3,8,,,,,,,,,,,,,,,,,,,,
2017-M020,Brisbane,Hard,32,A,20170102,294,104527,2,,Stanislas Wawrinka,R,183,SUI,31.7672826831,4,5315,106378,,,Kyle Edmund,R,,GBR,21.9849418207,45,1001,6-7(2) 6-4 6-4,3,QF,156,11,3,119,67,47,28,16,11,13,2,2,97,65,52,11,16,6,10,,,,,,,,,,,,,,,,,,,,
2017-M020,Brisbane,Hard,32,A,20170102,293,105683,1,,Milos Raonic,R,196,CAN,26.0177960301,3,5450,106043,,,Diego Sebastian Schwartzman,R,,ARG,24.3805612594,52,864,6-3 6-2,3,R16,69,12,1,53,40,30,7,9,2,3,0,1,44,29,17,6,8,2,6,,,,,,,,,,,,,,,,,,,,
2017-M020,Brisbane,Hard,32,A,20170102,292,104745,5,,Rafael Nadal,L,185,ESP,30.5845311431,9,3300,104999,,,Mischa Zverev,L,190,GER,29.3661875428,51,874,6-1 6-1,3,R16,55,1,2,38,18,15,15,7,2,2,2,2,38,25,13,3,7,3,8,,,,,,,,,,,,,,,,,,,,
2017-M020,Brisbane,Hard,32,A,20170102,291,106233,4,,Dominic Thiem,R,,AUT,23.3319644079,8,3415,105032,,WC,Samuel Groth,R,,AUS,29.2073921971,180,320,7-6(5) 6-3,3,R16,89,11,1,65,44,36,15,11,4,4,11,1,58,35,34,9,10,3,4,,,,,,,,,,,,,,,,,,,,
2017-M020,Brisbane,Hard,32,A,20170102,290,105777,7,,Grigor Dimitrov,R,188,BUL,25.6344969199,17,2035,103917,,,Nicolas Mahut,R,190,FRA,34.9486652977,39,1102,6-2 6-4,3,R16,65,8,0,46,27,25,12,9,3,3,4,3,52,37,27,4,9,0,3,,,,,,,,,,,,,,,,,,,,
2017-M020,Brisbane,Hard,32,A,20170102,289,111442,,WC,Jordan Thompson,R,,AUS,22.7049965777,79,689,103970,8,,David Ferrer,R,175,ESP,34.7542778919,21,1785,4-6 7-5 7-5,3,R16,158,5,2,103,65,49,18,17,4,7,2,4,103,64,42,23,17,5,9,,,,,,,,,,,,,,,,,,,,
2017-M020,Brisbane,Hard,32,A,20170102,288,105453,3,,Kei Nishikori,R,178,JPN,27.0116358658,5,4905,111577,,Q,Jared Donaldson,R,,USA,20.2327173169,105,570,4-6 6-4 6-3,3,R16,143,3,3,107,66,47,18,15,4,8,6,4,95,54,32,20,14,8,13,,,,,,,,,,,,,,,,,,,,
2017-M020,Brisbane,Hard,32,A,20170102,287,106378,,,Kyle Edmund,R,,GBR,21.9849418207,45,1001,106298,6,,Lucas Pouille,R,,FRA,22.8583162218,15,2156,6-3 3-1 RET,3,R16,59,6,1,44,27,22,11,7,4,4,3,2,34,18,15,6,6,3,5,,,,,,,,,,,,,,,,,,,,
2017-M020,Brisbane,Hard,32,A,20170102,286,104527,2,,Stanislas Wawrinka,R,183,SUI,31.7672826831,4,5315,104678,,,Viktor Troicki,R,193,SRB,30.893908282,29,1385,7-6(5) 6-4,3,R16,89,7,2,64,41,33,15,11,0,1,5,7,71,46,39,8,11,3,5,,,,,,,,,,,,,,,,,,,,
2017-M020,Brisbane,Hard,32,A,20170102,284,106043,,,Diego Sebastian Schwartzman,R,,ARG,24.3805612594,52,864,105023,,,Sam Querrey,R,198,USA,29.2402464066,31,1355,6-2 6-4,3,R32,58,2,0,47,29,21,11,9,0,2,3,7,50,25,15,9,9,4,9,,,,,,,,,,,,,,,,,,,,
2017-M020,Brisbane,Hard,32,A,20170102,283,104999,,,Mischa Zverev,L,190,GER,29.3661875428,51,874,200282,,Q,Alex De Minaur,R,,AUS,17.8754277892,351,132,6-3 6-3,3,R32,67,3,3,57,42,30,9,9,2,2,2,4,46,26,14,12,9,0,3,,,,,,,,,,,,,,,,,,,,
2017-M020,Brisbane,Hard,32,A,20170102,282,104745,5,,Rafael Nadal,L,185,ESP,30.5845311431,9,3300,105238,,,Alexandr Dolgopolov,R,180,UKR,28.1533196441,62,760,6-3 6-3,3,R32,74,2,1,52,36,26,10,9,2,3,2,2,53,28,20,7,9,0,4,,,,,,,,,,,,,,,,,,,,
2017-M020,Brisbane,Hard,32,A,20170102,280,105032,,WC,Samuel Groth,R,,AUS,29.2073921971,180,320,105732,,,Pierre Hugues Herbert,R,,FRA,25.7960301164,78,698,6-3 5-7 7-5,3,R32,130,20,5,106,59,45,28,17,8,10,9,5,87,48,33,24,16,4,7,,,,,,,,,,,,,,,,,,,,
2017-M020,Brisbane,Hard,32,A,20170102,279,103917,,,Nicolas Mahut,R,190,FRA,34.9486652977,39,1102,103565,,,Stephane Robert,R,185,FRA,36.629705681,54,854,4-6 6-3 6-4,3,R32,120,13,3,86,55,42,17,15,2,4,9,8,94,46,29,30,14,9,12,,,,,,,,,,,,,,,,,,,,
2017-M020,Brisbane,Hard,32,A,20170102,278,105777,7,,Grigor Dimitrov,R,188,BUL,25.6344969199,17,2035,105449,,,Steve Johnson,R,188,USA,27.0253251198,33,1320,6-2 6-3,3,R32,75,3,0,48,25,23,12,9,0,1,2,3,57,36,21,7,8,4,8,,,,,,,,,,,,,,,,,,,,
2017-M020,Brisbane,Hard,32,A,20170102,277,103970,8,,David Ferrer,R,175,ESP,34.7542778919,21,1785,106071,,,Bernard Tomic,R,193,AUS,24.1998631075,26,1465,6-3 7-5,3,R32,83,3,5,52,30,25,12,10,2,3,5,8,74,44,29,12,11,5,9,,,,,,,,,,,,,,,,,,,,
2017-M020,Brisbane,Hard,32,A,20170102,276,111442,,WC,Jordan Thompson,R,,AUS,22.7049965777,79,689,111200,,WC,Elias Ymer,R,,SWE,20.7310061602,160,372,6-3 6-2,3,R32,90,1,0,46,28,26,6,8,1,2,1,6,74,43,23,13,9,10,15,,,,,,,,,,,,,,,,,,,,
2017-M020,Brisbane,Hard,32,A,20170102,275,111577,,Q,Jared Donaldson,R,,USA,20.2327173169,105,570,104180,,,Gilles Muller,L,193,LUX,33.6536618754,34,1255,6-4 6-4,3,R32,75,12,2,55,33,27,13,10,0,1,10,2,58,37,27,7,10,2,5,,,,,,,,,,,,,,,,,,,,
2017-M020,Brisbane,Hard,32,A,20170102,273,106298,6,,Lucas Pouille,R,,FRA,22.8583162218,15,2156,104468,,,Gilles Simon,R,183,FRA,32.0164271047,25,1585,7-6(6) 7-6(4),3,R32,125,7,2,102,52,37,24,12,8,12,1,4,76,42,29,16,12,0,4,,,,,,,,,,,,,,,,,,,,
2017-M020,Brisbane,Hard,32,A,20170102,272,106378,,,Kyle Edmund,R,,GBR,21.9849418207,45,1001,124014,,Q,Ernesto Escobedo,R,,USA,20.4982888433,141,443,7-6(4) 7-6(6),3,R32,130,11,2,83,48,37,19,12,2,3,11,3,113,67,39,27,12,9,10,,,,,,,,,,,,,,,,,,,,
2017-M020,Brisbane,Hard,32,A,20170102,271,104678,,,Viktor Troicki,R,193,SRB,30.893908282,29,1385,106415,,Q,Yoshihito Nishioka,L,,JPN,21.2676249144,100,604,6-4 7-5,3,R32,91,11,5,64,45,35,6,11,1,3,0,1,82,53,33,13,11,6,10,,,,,,,,,,,,,,,,,,,,
2017-0891,Chennai,Hard,32,A,20170102,300,105138,2,,Roberto Bautista Agut,R,,ESP,28.720054757,14,2350,106421,,,Daniil Medvedev,R,,RUS,20.8925393566,99,611,6-3 6-4,3,F,73,4,1,49,38,32,9,10,0,0,8,4,63,42,30,9,9,2,4,,,,,,,,,,,,,,,,,,,,
2017-0891,Chennai,Hard,32,A,20170102,299,106421,,,Daniil Medvedev,R,,RUS,20.8925393566,99,611,104534,,,Dudi Sela,R,175,ISR,31.7481177276,96,616,4-6 7-6(2) 6-2,3,SF,126,4,2,96,59,42,21,15,6,9,3,2,92,65,40,17,15,3,7,,,,,,,,,,,,,,,,,,,,
2017-0891,Chennai,Hard,32,A,20170102,298,105138,2,,Roberto Bautista Agut,R,,ESP,28.720054757,14,2350,105332,5,,Benoit Paire,R,196,FRA,27.6550308008,47,960,6-3 6-3,3,SF,68,3,1,53,36,26,10,9,0,1,8,3,53,27,18,9,9,3,7,,,,,,,,,,,,,,,,,,,,
2017-0891,Chennai,Hard,32,A,20170102,297,106421,,,Daniil Medvedev,R,,RUS,20.8925393566,99,611,106075,,Q,Jozef Kovalik,R,,SVK,24.1615331964,117,501,6-1 6-4,3,QF,84,8,2,55,37,28,7,8,3,4,3,5,69,45,26,9,9,6,11,,,,,,,,,,,,,,,,,,,,
2017-0891,Chennai,Hard,32,A,20170102,296,104534,,,Dudi Sela,R,175,ISR,31.7481177276,96,616,105077,3,,Albert Ramos,L,188,ESP,28.9609856263,27,1435,7-5 6-4,3,QF,104,9,1,75,48,32,16,11,2,3,2,1,67,41,29,11,11,1,4,,,,,,,,,,,,,,,,,,,,
2017-0891,Chennai,Hard,32,A,20170102,295,105332,5,,Benoit Paire,R,196,FRA,27.6550308008,47,960,105379,,,Aljaz Bedene,R,181,GBR,27.4606433949,101,592,6-3 6-0,3,QF,61,4,4,45,22,20,14,8,0,0,4,3,42,26,14,5,7,4,8,,,,,,,,,,,,,,,,,,,,
2017-0891,Chennai,Hard,32,A,20170102,294,105138,2,,Roberto Bautista Agut,R,,ESP,28.720054757,14,2350,104022,7,,Mikhail Youzhny,R,183,RUS,34.5242984257,57,826,2-6 6-4 6-4,3,QF,124,1,3,78,54,34,13,14,6,10,2,2,84,56,36,15,14,8,12,,,,,,,,,,,,,,,,,,,,
2017-0891,Chennai,Hard,32,A,20170102,293,106075,,Q,Jozef Kovalik,R,,SVK,24.1615331964,117,501,105227,1,,Marin Cilic,R,198,CRO,28.2628336756,6,3650,7-6(5) 5-7 7-5,3,R16,168,8,2,130,83,55,30,18,9,11,18,2,113,69,53,26,18,3,5,,,,,,,,,,,,,,,,,,,,
2017-0891,Chennai,Hard,32,A,20170102,292,106421,,,Daniil Medvedev,R,,RUS,20.8925393566,99,611,104229,8,,Yen Hsun Lu,R,180,TPE,33.3880903491,64,754,6-4 6-3,3,R16,85,6,1,69,36,24,18,9,3,5,2,3,57,28,14,15,10,4,9,,,,,,,,,,,,,,,,,,,,
2017-0891,Chennai,Hard,32,A,20170102,291,105077,3,,Albert Ramos,L,188,ESP,28.9609856263,27,1435,104327,,,Steve Darcis,R,178,BEL,32.8076659822,86,658,6-2 6-0,3,R16,63,1,3,53,33,23,12,7,3,3,0,1,43,34,15,3,7,4,9,,,,,,,,,,,,,,,,,,,,
2017-0891,Chennai,Hard,32,A,20170102,290,104534,,,Dudi Sela,R,175,ISR,31.7481177276,96,616,111202,,Q,Hyeon Chung,R,,KOR,20.6242299795,104,571,6-2 6-2,3,R16,66,2,1,46,28,20,10,8,3,4,2,3,56,34,18,7,8,2,7,,,,,,,,,,,,,,,,,,,,
2017-0891,Chennai,Hard,32,A,20170102,289,105332,5,,Benoit Paire,R,196,FRA,27.6550308008,47,960,106026,,Q,Yuki Bhambri,R,183,IND,24.4982888433,474,83,6-3 6-4,3,R16,85,12,3,79,47,35,18,10,7,7,0,2,75,55,31,13,9,9,11,,,,,,,,,,,,,,,,,,,,
2017-0891,Chennai,Hard,32,A,20170102,288,105379,,,Aljaz Bedene,R,181,GBR,27.4606433949,101,592,105373,4,,Martin Klizan,L,190,SVK,27.4798083504,35,1230,7-6(3) 6-7(3) 7-6(2),3,R16,184,14,4,123,67,59,23,18,2,5,4,3,135,103,70,16,18,8,11,,,,,,,,,,,,,,,,,,,,
2017-0891,Chennai,Hard,32,A,20170102,287,104022,7,,Mikhail Youzhny,R,183,RUS,34.5242984257,57,826,105952,,,Renzo Olivo,R,,ARG,24.8021902806,83,670,6-1 7-5,3,R16,92,0,2,63,40,30,12,9,2,3,3,4,68,44,28,6,10,4,9,,,,,,,,,,,,,,,,,,,,
2017-0891,Chennai,Hard,32,A,20170102,286,105138,2,,Roberto Bautista Agut,R,,ESP,28.720054757,14,2350,104297,,,Rogerio Dutra Silva,R,178,BRA,32.9144421629,98,613,6-3 6-2,3,R16,74,3,2,55,31,26,14,9,2,2,6,1,52,34,24,6,8,2,5,,,,,,,,,,,,,,,,,,,,
2017-0891,Chennai,Hard,32,A,20170102,284,106075,,Q,Jozef Kovalik,R,,SVK,24.1615331964,117,501,105671,,,Gastao Elias,R,178,POR,26.1081451061,81,675,6-7(5) 6-4 6-2,3,R32,140,4,1,101,63,47,21,15,5,6,7,2,90,47,34,24,15,3,7,,,,,,,,,,,,,,,,,,,,
2017-0891,Chennai,Hard,32,A,20170102,283,106421,,,Daniil Medvedev,R,,RUS,20.8925393566,99,611,106329,,,Thiago Monteiro,L,,BRA,22.5927446954,82,674,6-3 6-3,3,R32,96,8,4,72,46,33,12,9,3,4,2,3,67,43,25,11,9,6,10,,,,,,,,,,,,,,,,,,,,
2017-0891,Chennai,Hard,32,A,20170102,282,104229,8,,Yen Hsun Lu,R,180,TPE,33.3880903491,64,754,105430,,,Radu Albot,R,,MDA,27.1430527036,97,614,6-2 6-1,3,R32,63,4,4,38,19,16,12,7,0,1,1,2,51,25,12,8,8,4,10,,,,,,,,,,,,,,,,,,,,
2017-0891,Chennai,Hard,32,A,20170102,280,104327,,,Steve Darcis,R,178,BEL,32.8076659822,86,658,105254,,Q,Nikola Mektic,R,,CRO,28.0246406571,331,144,6-2 6-3,3,R32,59,1,0,39,25,20,12,8,0,0,4,0,48,30,15,9,9,0,4,,,,,,,,,,,,,,,,,,,,
2017-0891,Chennai,Hard,32,A,20170102,279,104534,,,Dudi Sela,R,175,ISR,31.7481177276,96,616,106000,,,Damir Dzumhur,R,172,BIH,24.6214921287,77,699,6-2 6-2,3,R32,62,2,0,53,36,28,11,8,5,5,1,4,57,29,17,10,8,4,8,,,,,,,,,,,,,,,,,,,,
2017-0891,Chennai,Hard,32,A,20170102,278,111202,,Q,Hyeon Chung,R,,KOR,20.6242299795,104,571,106432,6,,Borna Coric,R,,CRO,20.1341546886,48,945,6-3 7-5,3,R32,121,6,4,67,32,27,15,10,5,7,2,2,89,54,30,15,11,9,14,,,,,,,,,,,,,,,,,,,,
2017-0891,Chennai,Hard,32,A,20170102,277,105332,5,,Benoit Paire,R,196,FRA,27.6550308008,47,960,104505,,,Konstantin Kravchuk,R,190,RUS,31.8576317591,85,660,6-3 6-4,3,R32,64,4,5,59,26,23,20,10,0,0,9,6,58,38,27,9,9,6,8,,,,,,,,,,,,,,,,,,,,
2017-0891,Chennai,Hard,32,A,20170102,276,106026,,Q,Yuki Bhambri,R,183,IND,24.4982888433,474,83,106368,,WC,Ramkumar Ramanathan,R,,IND,22.1519507187,227,231,6-1 6-1,3,R32,52,0,2,36,26,22,7,7,1,1,2,3,44,27,13,5,7,5,10,,,,,,,,,,,,,,,,,,,,
2017-0891,Chennai,Hard,32,A,20170102,275,105379,,,Aljaz Bedene,R,181,GBR,27.4606433949,101,592,104198,,,Guillermo Garcia Lopez,R,188,ESP,33.582477755,70,725,6-3 6-3,3,R32,74,7,4,59,37,27,14,9,5,5,2,2,53,33,24,8,9,2,5,,,,,,,,,,,,,,,,,,,,
2017-0891,Chennai,Hard,32,A,20170102,273,104022,7,,Mikhail Youzhny,R,183,RUS,34.5242984257,57,826,105031,,WC,Saketh Myneni,R,,IND,29.2073921971,192,287,6-4 6-3,3,R32,85,1,0,61,37,29,16,10,2,2,6,4,70,38,28,15,9,6,8,,,,,,,,,,,,,,,,,,,,
2017-0891,Chennai,Hard,32,A,20170102,272,105952,,,Renzo Olivo,R,,ARG,24.8021902806,83,670,134770,,WC,Casper Ruud,R,,NOR,18.0314852841,225,231,7-6(3) 6-2,3,R32,79,5,2,60,33,27,18,10,0,0,1,3,69,51,35,8,10,6,8,,,,,,,,,,,,,,,,,,,,
2017-0891,Chennai,Hard,32,A,20170102,271,104297,,,Rogerio Dutra Silva,R,178,BRA,32.9144421629,98,613,105583,,,Dusan Lajovic,R,180,SRB,26.5106091718,93,627,7-6(2) 4-6 7-6(3),3,R32,153,12,4,117,70,51,23,17,4,8,2,2,127,95,59,18,17,9,12,,,,,,,,,,,,,,,,,,,,
2017-0451,Doha,Hard,32,A,20170102,300,104925,2,,Novak Djokovic,R,188,SRB,29.6180698152,2,11780,104918,1,,Andy Murray,R,190,GBR,29.6372347707,1,12410,6-3 5-7 6-4,3,F,174,2,3,110,79,54,19,16,5,7,8,4,84,50,39,16,15,1,4,,,,,,,,,,,,,,,,,,,,
2017-0451,Doha,Hard,32,A,20170102,299,104918,1,,Andy Murray,R,190,GBR,29.6372347707,1,12410,104607,3,,Tomas Berdych,R,196,CZE,31.2936344969,10,3060,6-3 6-4,3,SF,101,10,1,67,42,33,11,10,2,3,2,1,63,34,23,12,9,2,5,,,,,,,,,,,,,,,,,,,,
2017-0451,Doha,Hard,32,A,20170102,298,104925,2,,Novak Djokovic,R,188,SRB,29.6180698152,2,11780,104269,,,Fernando Verdasco,L,188,ESP,33.1334702259,42,1035,4-6 7-6(7) 6-3,3,SF,142,3,1,93,57,45,15,15,4,7,2,3,101,70,44,16,16,3,7,,,,,,,,,,,,,,,,,,,,
2017-0451,Doha,Hard,32,A,20170102,297,104918,1,,Andy Murray,R,190,GBR,29.6372347707,1,12410,104597,,,Nicolas Almagro,R,183,ESP,31.3675564682,44,1013,7-6(4) 7-5,3,QF,129,5,3,79,51,34,17,12,3,5,4,4,89,44,30,21,12,9,12,,,,,,,,,,,,,,,,,,,,
2017-0451,Doha,Hard,32,A,20170102,296,104607,3,,Tomas Berdych,R,196,CZE,31.2936344969,10,3060,104542,5,,Jo Wilfried Tsonga,R,188,FRA,31.7125256674,12,2550,7-5 6-3,3,QF,91,9,1,85,51,39,19,11,7,7,6,0,52,32,25,11,10,1,3,,,,,,,,,,,,,,,,,,,,
2017-0451,Doha,Hard,32,A,20170102,295,104269,,,Fernando Verdasco,L,188,ESP,33.1334702259,42,1035,103333,6,,Ivo Karlovic,R,208,CRO,37.8453114305,20,1795,6-2 7-5,3,QF,83,2,1,58,48,34,7,10,1,1,13,4,67,42,31,8,10,9,12,,,,,,,,,,,,,,,,,,,,
2017-0451,Doha,Hard,32,A,20170102,294,104925,2,,Novak Djokovic,R,188,SRB,29.6180698152,2,11780,103285,,Q,Radek Stepanek,R,185,CZE,38.0999315537,107,558,6-3 6-3,3,QF,91,3,3,56,35,26,12,9,3,4,2,5,61,33,25,6,9,2,6,,,,,,,,,,,,,,,,,,,,
2017-0451,Doha,Hard,32,A,20170102,293,104918,1,,Andy Murray,R,190,GBR,29.6372347707,1,12410,105589,,,Gerald Melzer,L,,AUT,26.4750171116,68,728,7-6(6) 7-5,3,R16,143,10,0,76,46,36,13,12,3,6,2,3,105,74,45,12,12,10,14,,,,,,,,,,,,,,,,,,,,
2017-0451,Doha,Hard,32,A,20170102,292,104597,,,Nicolas Almagro,R,183,ESP,31.3675564682,44,1013,104259,7,,Philipp Kohlschreiber,R,178,GER,33.2156057495,32,1325,7-6(5) 7-6(6),3,R16,105,11,1,78,44,32,21,12,0,2,8,1,80,49,38,15,12,0,2,,,,,,,,,,,,,,,,,,,,
2017-0451,Doha,Hard,32,A,20170102,291,104607,3,,Tomas Berdych,R,196,CZE,31.2936344969,10,3060,106210,,,Jiri Vesely,L,,CZE,23.4825462012,55,848,7-6(5) 1-6 6-1,3,R16,105,13,3,79,47,39,14,13,2,4,9,2,84,55,36,16,13,0,2,,,,,,,,,,,,,,,,,,,,
2017-0451,Doha,Hard,32,A,20170102,290,104542,5,,Jo Wilfried Tsonga,R,188,FRA,31.7125256674,12,2550,104460,,,Dustin Brown,R,196,GER,32.0684462697,72,710,6-1 6-3,3,R16,45,12,2,39,26,22,11,8,0,0,1,1,44,29,16,7,8,3,7,,,,,,,,,,,,,,,,,,,,
2017-0451,Doha,Hard,32,A,20170102,289,103333,6,,Ivo Karlovic,R,208,CRO,37.8453114305,20,1795,111575,,,Karen Khachanov,R,,RUS,20.6187542779,53,863,7-6(3) 7-6(3),3,R16,89,16,4,73,45,42,17,12,3,3,13,4,70,42,34,19,12,0,0,,,,,,,,,,,,,,,,,,,,
2017-0451,Doha,Hard,32,A,20170102,288,104269,,,Fernando Verdasco,L,188,ESP,33.1334702259,42,1035,105676,4,,David Goffin,R,163,BEL,26.0725530459,11,2750,6-1 7-6(6),3,R16,101,6,2,87,56,39,12,10,12,14,2,0,68,41,25,12,9,3,7,,,,,,,,,,,,,,,,,,,,
2017-0451,Doha,Hard,32,A,20170102,287,103285,,Q,Radek Stepanek,R,185,CZE,38.0999315537,107,558,105963,,WC,Arthur De Greef,R,,BEL,24.7693360712,134,456,6-3 6-2,3,R16,79,0,2,58,31,23,13,9,4,5,5,4,59,38,21,8,8,5,9,,,,,,,,,,,,,,,,,,,,
2017-0451,Doha,Hard,32,A,20170102,286,104925,2,,Novak Djokovic,R,188,SRB,29.6180698152,2,11780,104547,,,Horacio Zeballos,L,188,ARG,31.6851471595,71,722,6-3 6-4,3,R16,71,4,1,47,33,29,11,10,0,0,4,2,54,34,22,11,9,0,2,,,,,,,,,,,,,,,,,,,,
2017-0451,Doha,Hard,32,A,20170102,285,104918,1,,Andy Murray,R,190,GBR,29.6372347707,1,12410,104871,,,Jeremy Chardy,R,188,FRA,29.8891170431,69,725,6-0 7-6(2),3,R32,81,6,1,55,40,34,8,9,0,1,3,7,66,41,26,7,9,3,7,,,,,,,,,,,,,,,,,,,,
2017-0451,Doha,Hard,32,A,20170102,284,105589,,,Gerald Melzer,L,,AUT,26.4750171116,68,728,103908,,,Paul Henri Mathieu,R,185,FRA,34.9733059548,73,710,6-7(2) 6-3 6-2,3,R32,120,13,3,100,80,53,10,15,7,10,7,4,95,52,42,10,14,6,12,,,,,,,,,,,,,,,,,,,,
2017-0451,Doha,Hard,32,A,20170102,283,104597,,,Nicolas Almagro,R,183,ESP,31.3675564682,44,1013,103893,,,Paolo Lorenzi,R,183,ITA,35.0499657769,40,1090,7-6(2) 4-6 6-3,3,R32,148,13,2,104,55,39,26,16,3,6,5,3,90,57,38,18,15,4,7,,,,,,,,,,,,,,,,,,,,
2017-0451,Doha,Hard,32,A,20170102,282,104259,7,,Philipp Kohlschreiber,R,178,GER,33.2156057495,32,1325,104291,,,Malek Jaziri,R,185,TUN,32.9527720739,58,814,6-2 7-6(3),3,R32,102,4,3,73,44,33,14,10,3,4,6,4,79,49,30,13,10,9,12,,,,,,,,,,,,,,,,,,,,
2017-0451,Doha,Hard,32,A,20170102,281,104607,3,,Tomas Berdych,R,196,CZE,31.2936344969,10,3060,105561,,Q,Alessandro Giannessi,L,183,ITA,26.5954825462,128,475,7-6(1) 6-2,3,R32,86,5,2,54,31,26,18,10,0,0,6,2,71,42,30,14,10,2,4,,,,,,,,,,,,,,,,,,,,
2017-0451,Doha,Hard,32,A,20170102,280,106210,,,Jiri Vesely,L,,CZE,23.4825462012,55,848,105551,,WC,Anil Yuksel,L,,TUR,26.6255989049,507,73,6-2 6-3,3,R32,65,13,2,41,29,27,9,9,0,0,1,1,65,40,25,11,8,6,9,,,,,,,,,,,,,,,,,,,,
2017-0451,Doha,Hard,32,A,20170102,279,104460,,,Dustin Brown,R,196,GER,32.0684462697,72,710,105487,,,Facundo Bagnis,L,,ARG,26.8473648186,56,835,6-1 6-7(2) 6-4,3,R32,105,7,4,86,57,41,18,14,2,2,7,7,91,59,41,15,15,7,11,,,,,,,,,,,,,,,,,,,,
2017-0451,Doha,Hard,32,A,20170102,278,104542,5,,Jo Wilfried Tsonga,R,188,FRA,31.7125256674,12,2550,105723,,,Andrey Kuznetsov,R,185,RUS,25.8617385352,46,970,6-1 4-6 6-2,3,R32,86,9,2,67,37,31,20,13,1,2,5,1,66,41,29,10,12,1,5,,,,,,,,,,,,,,,,,,,,
2017-0451,Doha,Hard,32,A,20170102,277,103333,6,,Ivo Karlovic,R,208,CRO,37.8453114305,20,1795,105011,,,Illya Marchenko,R,185,UKR,29.3196440794,74,705,7-6(5) 7-6(0),3,R32,95,13,4,73,50,43,13,12,1,1,2,1,69,52,40,10,12,0,0,,,,,,,,,,,,,,,,,,,,
2017-0451,Doha,Hard,32,A,20170102,276,111575,,,Karen Khachanov,R,,RUS,20.6187542779,53,863,122570,,WC,Mubarak Al Harrasi,U,,QAT,21.7221081451,1277,5,6-1 6-3,3,R32,57,4,1,38,17,16,16,8,0,0,3,4,62,34,22,9,8,9,13,,,,,,,,,,,,,,,,,,,,
2017-0451,Doha,Hard,32,A,20170102,275,104269,,,Fernando Verdasco,L,188,ESP,33.1334702259,42,1035,105577,,Q,Vasek Pospisil,R,193,CAN,26.5297741273,133,456,7-5 6-0,3,R32,75,0,1,52,36,25,11,9,0,1,5,1,55,29,19,8,9,3,8,,,,,,,,,,,,,,,,,,,,
2017-0451,Doha,Hard,32,A,20170102,274,105676,4,,David Goffin,R,163,BEL,26.0725530459,11,2750,104898,,,Robin Haase,R,190,NED,29.7440109514,59,795,7-6(4) 6-2,3,R32,89,6,0,72,44,31,17,10,10,12,7,1,62,34,23,12,10,1,5,,,,,,,,,,,,,,,,,,,,
2017-0451,Doha,Hard,32,A,20170102,273,103285,,Q,Radek Stepanek,R,185,CZE,38.0999315537,107,558,104571,8,,Marcos Baghdatis,R,183,CYP,31.5455167693,36,1140,6-4 5-3 RET,3,R32,114,2,7,88,38,24,26,9,12,14,2,1,66,39,23,12,9,5,9,,,,,,,,,,,,,,,,,,,,
2017-0451,Doha,Hard,32,A,20170102,272,105963,,WC,Arthur De Greef,R,,BEL,24.7693360712,134,456,105633,,Q,Mohamed Safwat,R,183,EGY,26.288843258,199,278,6-7(8) 7-5 6-4,3,R32,143,6,2,112,66,47,28,17,7,8,14,1,100,61,44,25,17,3,6,,,,,,,,,,,,,,,,,,,,
2017-0451,Doha,Hard,32,A,20170102,271,104547,,,Horacio Zeballos,L,188,ARG,31.6851471595,71,722,104252,,,Florian Mayer,R,190,GER,33.2457221081,50,903,6-7(3) 6-4 7-6(9),3,R32,157,9,4,117,71,55,27,17,3,4,14,3,120,71,57,23,17,6,8,,,,,,,,,,,,,,,,,,,,
2017-0451,Doha,Hard,32,A,20170102,270,104925,2,,Novak Djokovic,R,188,SRB,29.6180698152,2,11780,105526,,,Jan Lennard Struff,R,,GER,26.6913073238,63,758,7-6(1) 6-3,3,R32,86,4,4,55,39,33,6,10,3,5,9,1,74,41,26,14,11,5,9,,,,,,,,,,,,,,,,,,,,
2017-0301,Auckland,Hard,32,A,20170109,300,106058,4,,Jack Sock,R,185,USA,24.2929500342,23,1710,105311,,,Joao Sousa,R,,POR,27.780971937,44,1030,6-3 5-7 6-3,3,F,116,13,3,78,54,43,11,15,1,4,10,3,95,60,40,14,15,4,9,,,,,,,,,,,,,,,,,,,,
2017-0301,Auckland,Hard,32,A,20170109,299,105311,,,Joao Sousa,R,,POR,27.780971937,44,1030,104571,8,,Marcos Baghdatis,R,183,CYP,31.5646817248,36,1140,6-1 7-5,3,SF,72,3,2,59,41,32,11,10,1,1,1,5,48,21,15,13,9,1,4,,,,,,,,,,,,,,,,,,,,
2017-0301,Auckland,Hard,32,A,20170109,298,106058,4,,Jack Sock,R,185,USA,24.2929500342,23,1710,105449,7,,Steve Johnson,R,188,USA,27.0444900753,33,1320,6-4 6-3,3,SF,70,2,3,57,30,23,16,9,1,1,3,4,52,33,26,9,10,1,4,,,,,,,,,,,,,,,,,,,,
2017-0301,Auckland,Hard,32,A,20170109,297,104571,8,,Marcos Baghdatis,R,183,CYP,31.5646817248,36,1140,106210,,,Jiri Vesely,L,,CZE,23.5017111567,54,848,6-2 6-4,3,QF,70,12,1,45,27,24,12,9,0,0,5,1,59,40,23,9,9,4,7,,,,,,,,,,,,,,,,,,,,
2017-0301,Auckland,Hard,32,A,20170109,296,105311,,,Joao Sousa,R,,POR,27.780971937,44,1030,104898,,,Robin Haase,R,190,NED,29.7631759069,58,795,6-3 6-2,3,QF,57,1,0,53,32,26,13,9,2,2,5,2,45,29,19,7,8,3,6,,,,,,,,,,,,,,,,,,,,
2017-0301,Auckland,Hard,32,A,20170109,295,106058,4,,Jack Sock,R,185,USA,24.2929500342,23,1710,104871,,,Jeremy Chardy,R,188,FRA,29.9082819986,71,705,5-7 6-4 6-3,3,QF,129,12,2,87,57,43,18,15,2,4,14,7,131,86,54,23,16,21,25,,,,,,,,,,,,,,,,,,,,
2017-0301,Auckland,Hard,32,A,20170109,294,105449,7,,Steve Johnson,R,188,USA,27.0444900753,33,1320,104545,2,,John Isner,R,206,USA,31.7070499658,19,1850,6-3 5-7 7-6(3),3,QF,134,12,2,94,60,51,22,17,1,2,19,4,105,78,59,15,16,9,10,,,,,,,,,,,,,,,,,,,,
2017-0301,Auckland,Hard,32,A,20170109,293,106210,,,Jiri Vesely,L,,CZE,23.5017111567,54,848,104907,,LL,Jose Rubin Statham,R,183,NZL,29.711156742,434,94,6-7(6) 7-5 6-3,3,R16,143,15,6,105,66,53,26,17,5,5,8,2,90,64,50,16,16,1,3,,,,,,,,,,,,,,,,,,,,
2017-0301,Auckland,Hard,32,A,20170109,292,104571,8,,Marcos Baghdatis,R,183,CYP,31.5646817248,36,1140,104460,,WC,Dustin Brown,R,196,GER,32.0876112252,70,718,4-6 7-6(4) 6-4,3,R16,125,12,5,109,62,48,25,16,8,10,6,6,115,72,52,22,16,8,10,,,,,,,,,,,,,,,,,,,,
2017-0301,Auckland,Hard,32,A,20170109,291,104898,,,Robin Haase,R,190,NED,29.7631759069,58,795,103970,3,,David Ferrer,R,175,ESP,34.7734428474,21,1785,2-6 6-4 7-6(4),3,R16,120,11,2,104,66,48,21,15,6,9,4,2,98,72,52,13,15,5,7,,,,,,,,,,,,,,,,,,,,
2017-0301,Auckland,Hard,32,A,20170109,290,105311,,,Joao Sousa,R,,POR,27.780971937,44,1030,105454,,Q,Brydan Klein,R,183,AUS,27.0253251198,324,148,6-3 6-4,3,R16,73,3,3,58,33,25,13,10,0,2,5,6,51,27,19,7,9,1,5,,,,,,,,,,,,,,,,,,,,
2017-0301,Auckland,Hard,32,A,20170109,289,104871,,,Jeremy Chardy,R,188,FRA,29.9082819986,71,705,103852,6,,Feliciano Lopez,L,188,ESP,35.3045859001,28,1410,W/O,3,R16,0,,,,,,,,,,,,,,,,,,
2017-0301,Auckland,Hard,32,A,20170109,288,106058,4,,Jack Sock,R,185,USA,24.2929500342,23,1710,105992,,Q,Ryan Harrison,R,183,USA,24.6762491444,89,632,7-6(5) 4-6 6-1,3,R16,125,11,6,105,61,42,25,15,4,7,17,1,87,61,47,8,14,2,6,,,,,,,,,,,,,,,,,,,,
2017-0301,Auckland,Hard,32,A,20170109,287,105449,7,,Steve Johnson,R,188,USA,27.0444900753,33,1320,104229,,,Yen Hsun Lu,R,180,TPE,33.4072553046,61,774,6-4 7-6(4),3,R16,88,5,4,64,33,31,21,11,0,0,4,2,61,36,30,18,11,0,1,,,,,,,,,,,,,,,,,,,,
2017-0301,Auckland,Hard,32,A,20170109,286,104545,2,,John Isner,R,206,USA,31.7070499658,19,1850,104291,,,Malek Jaziri,R,185,TUN,32.9719370294,56,814,6-3 3-6 7-6(6),3,R16,117,22,0,87,68,55,13,15,4,5,15,6,95,54,44,24,15,3,4,,,,,,,,,,,,,,,,,,,,
2017-0301,Auckland,Hard,32,A,20170109,284,106210,,,Jiri Vesely,L,,CZE,23.5017111567,54,848,104547,,,Horacio Zeballos,L,188,ARG,31.704312115,69,725,6-4 6-3,3,R32,82,10,6,64,45,34,8,9,5,5,5,2,52,28,18,15,10,2,5,,,,,,,,,,,,,,,,,,,,
2017-0301,Auckland,Hard,32,A,20170109,283,104460,,WC,Dustin Brown,R,196,GER,32.0876112252,70,718,111581,,Q,Michael Mmoh,R,,USA,18.9979466119,195,285,7-6(4) 3-6 6-4,3,R32,116,12,3,114,70,47,28,16,10,13,11,2,90,57,44,20,15,5,7,,,,,,,,,,,,,,,,,,,,
2017-0301,Auckland,Hard,32,A,20170109,282,104571,8,,Marcos Baghdatis,R,183,CYP,31.5646817248,36,1140,105173,,,Adrian Mannarino,L,183,FRA,28.5311430527,60,781,6-4 6-4,3,R32,96,7,1,68,29,23,21,10,2,3,3,1,65,40,22,15,10,4,7,,,,,,,,,,,,,,,,,,,,
2017-0301,Auckland,Hard,32,A,20170109,280,104898,,,Robin Haase,R,190,NED,29.7631759069,58,795,110686,,Q,Finn Tearney,R,,NZL,26.2861054073,447,90,6-4 7-5,3,R32,80,13,3,69,33,26,17,11,6,8,3,3,66,39,23,14,11,4,8,,,,,,,,,,,,,,,,,,,,
2017-0301,Auckland,Hard,32,A,20170109,279,105454,,Q,Brydan Klein,R,183,AUS,27.0253251198,324,148,105487,,,Facundo Bagnis,L,,ARG,26.8665297741,55,817,6-1 6-7(6) 7-6(3),3,R32,135,14,3,101,63,54,18,15,2,3,6,9,104,70,47,17,16,3,7,,,,,,,,,,,,,,,,,,,,
2017-0301,Auckland,Hard,32,A,20170109,278,105311,,,Joao Sousa,R,,POR,27.780971937,44,1030,105077,5,,Albert Ramos,L,188,ESP,28.9801505818,26,1435,6-1 7-5,3,R32,87,3,3,54,34,27,11,10,2,3,3,3,59,33,20,12,9,5,9,,,,,,,,,,,,,,,,,,,,
2017-0301,Auckland,Hard,32,A,20170109,277,103852,6,,Feliciano Lopez,L,188,ESP,35.3045859001,28,1410,105030,,WC,Michael Venus,R,,NZL,29.234770705,1035,10,3-6 6-4 6-3,3,R32,107,11,4,87,47,41,17,14,6,7,8,3,92,55,40,18,14,5,7,,,,,,,,,,,,,,,,,,,,
2017-0301,Auckland,Hard,32,A,20170109,276,104871,,,Jeremy Chardy,R,188,FRA,29.9082819986,71,705,104677,,WC,Artem Sitak,R,,NZL,30.9185489391,,,6-4 6-2,3,R32,61,1,1,46,27,21,16,9,0,0,4,2,56,31,23,11,9,3,6,,,,,,,,,,,,,,,,,,,,
2017-0301,Auckland,Hard,32,A,20170109,275,105992,,Q,Ryan Harrison,R,183,USA,24.6762491444,89,632,104198,,,Guillermo Garcia Lopez,R,188,ESP,33.6016427105,74,700,6-1 6-2,3,R32,65,9,1,41,30,24,9,8,2,2,2,3,59,38,22,7,7,6,10,,,,,,,,,,,,,,,,,,,,
2017-0301,Auckland,Hard,32,A,20170109,273,105449,7,,Steve Johnson,R,188,USA,27.0444900753,33,1320,103565,,,Stephane Robert,R,185,FRA,36.6488706366,53,854,6-4 6-3,3,R32,85,11,3,60,31,28,13,10,1,2,2,6,69,33,26,12,9,4,7,,,,,,,,,,,,,,,,,,,,
2017-0301,Auckland,Hard,32,A,20170109,272,104229,,,Yen Hsun Lu,R,180,TPE,33.4072553046,61,774,111575,,,Karen Khachanov,R,,RUS,20.6379192334,51,875,4-6 7-6(5) 7-6(9),3,R32,158,6,5,119,72,59,24,17,9,12,16,3,109,62,51,26,17,3,5,,,,,,,,,,,,,,,,,,,,
2017-0301,Auckland,Hard,32,A,20170109,271,104291,,,Malek Jaziri,R,185,TUN,32.9719370294,56,814,106043,,,Diego Sebastian Schwartzman,R,,ARG,24.3997262149,52,867,7-6(1) 6-3,3,R32,93,3,1,63,35,27,18,10,1,2,0,2,74,45,27,17,11,4,7,,,,,,,,,,,,,,,,,,,,
2017-M001,Sydney,Hard,32,A,20170109,300,104180,6,,Gilles Muller,L,193,LUX,33.6728268309,34,1255,105554,,,Daniel Evans,R,175,GBR,26.6338124572,67,736,7-6(5) 6-2,3,F,88,,,,,,,,,,,,,,,,,,,,,,,,,,,,,,,,,,,,,,
2017-M001,Sydney,Hard,32,A,20170109,299,105554,,,Daniel Evans,R,175,GBR,26.6338124572,67,736,106233,1,,Dominic Thiem,R,,AUT,23.3511293634,8,3415,3-6 6-4 6-1,3,QF,122,1,0,94,45,31,23,13,5,9,2,4,81,49,29,15,13,3,9,,,,,,,,,,,,,,,,,,,,
2017-M001,Sydney,Hard,32,A,20170109,298,105723,,,Andrey Kuznetsov,R,185,RUS,25.8809034908,48,935,105807,4,,Pablo Carreno Busta,R,,ESP,25.4976043806,30,1370,2-6 6-4 6-1,3,QF,105,9,5,79,37,29,22,13,4,6,4,3,78,46,31,17,12,7,10,,,,,,,,,,,,,,,,,,,,
2017-M001,Sydney,Hard,32,A,20170109,297,104678,3,,Viktor Troicki,R,193,SRB,30.9130732375,29,1385,104259,5,,Philipp Kohlschreiber,R,178,GER,33.234770705,32,1325,W/O,3,QF,0,,,,,,,,,,,,,,,,,,
2017-M001,Sydney,Hard,32,A,20170109,296,104180,6,,Gilles Muller,L,193,LUX,33.6728268309,34,1255,104655,2,,Pablo Cuevas,R,180,URU,31.022587269,22,1780,7-6(5) 6-4,3,QF,96,17,2,72,47,36,13,11,1,2,5,1,73,50,30,17,11,7,9,,,,,,,,,,,,,,,,,,,,
2017-M001,Sydney,Hard,32,A,20170109,295,106233,1,,Dominic Thiem,R,,AUT,23.3511293634,8,3415,105671,,Q,Gastao Elias,R,178,POR,26.1273100616,81,675,6-7(5) 6-3 7-5,3,R16,159,5,5,103,60,41,24,17,3,7,6,2,118,65,39,26,16,6,12,,,,,,,,,,,,,,,,,,,,
2017-M001,Sydney,Hard,32,A,20170109,294,105554,,,Daniel Evans,R,175,GBR,26.6338124572,67,736,104719,8,,Marcel Granollers,R,190,ESP,30.7460643395,37,1136,1-6 6-3 6-3,3,R16,103,5,3,70,42,35,12,12,2,4,3,3,76,51,35,13,13,1,4,,,,,,,,,,,,,,,,,,,,
2017-M001,Sydney,Hard,32,A,20170109,293,105807,4,,Pablo Carreno Busta,R,,ESP,25.4976043806,30,1370,104999,,,Mischa Zverev,L,190,GER,29.3853524983,50,884,3-6 7-6(4) 6-3,3,R16,130,4,6,101,61,45,21,14,5,6,8,3,112,78,54,18,16,9,11,,,,,,,,,,,,,,,,,,,,
2017-M001,Sydney,Hard,32,A,20170109,292,105723,,,Andrey Kuznetsov,R,185,RUS,25.8809034908,48,935,200282,,WC,Alex De Minaur,R,,AUS,17.8945927447,333,144,6-2 0-0 RET,3,R16,40,2,1,28,13,9,9,4,2,2,0,0,31,20,10,6,4,6,8,,,,,,,,,,,,,,,,,,,,
2017-M001,Sydney,Hard,32,A,20170109,291,104259,5,,Philipp Kohlschreiber,R,178,GER,33.234770705,32,1325,111442,,WC,Jordan Thompson,R,,AUS,22.7241615332,75,699,7-5 6-4,3,R16,84,5,1,65,38,30,16,11,3,4,10,0,61,43,30,7,11,0,3,,,,,,,,,,,,,,,,,,,,
2017-M001,Sydney,Hard,32,A,20170109,290,104678,3,,Viktor Troicki,R,193,SRB,30.9130732375,29,1385,103893,,,Paolo Lorenzi,R,183,ITA,35.0691307324,41,1090,6-3 6-4,3,R16,92,12,1,55,33,30,12,10,1,1,3,5,83,49,34,14,9,8,10,,,,,,,,,,,,,,,,,,,,
2017-M001,Sydney,Hard,32,A,20170109,289,104180,6,,Gilles Muller,L,193,LUX,33.6728268309,34,1255,105881,,Q,Matthew Barton,R,,AUS,25.0622861054,198,282,6-1 3-6 6-4,3,R16,102,22,3,64,40,36,15,13,0,1,17,4,96,51,42,15,13,10,13,,,,,,,,,,,,,,,,,,,,
2017-M001,Sydney,Hard,32,A,20170109,288,104655,2,,Pablo Cuevas,R,180,URU,31.022587269,22,1780,103917,,,Nicolas Mahut,R,190,FRA,34.9678302533,38,1122,6-4 2-6 6-2,3,R16,107,9,3,76,45,35,14,13,2,4,2,2,79,54,33,14,13,3,6,,,,,,,,,,,,,,,,,,,,
2017-M001,Sydney,Hard,32,A,20170109,286,105671,,Q,Gastao Elias,R,178,POR,26.1273100616,81,675,106331,,Q,Christopher Oconnell,U,,AUS,22.6036960986,238,217,6-7(3) 6-4 6-1,3,R32,145,11,4,114,62,45,29,14,14,15,2,6,100,66,40,17,15,6,11,,,,,,,,,,,,,,,,,,,,
2017-M001,Sydney,Hard,32,A,20170109,285,105554,,,Daniel Evans,R,175,GBR,26.6338124572,67,736,106329,,Q,Thiago Monteiro,L,,BRA,22.6119096509,83,660,6-3 4-6 6-3,3,R32,102,3,3,80,45,30,19,14,1,5,6,1,79,62,39,6,14,3,9,,,,,,,,,,,,,,,,,,,,
2017-M001,Sydney,Hard,32,A,20170109,284,104719,8,,Marcel Granollers,R,190,ESP,30.7460643395,37,1136,105053,,LL,Santiago Giraldo,R,188,COL,29.1197809719,90,632,6-7(5) 7-5 6-3,3,R32,156,5,1,105,71,53,22,17,5,6,4,2,106,67,46,19,16,5,8,,,,,,,,,,,,,,,,,,,,
2017-M001,Sydney,Hard,32,A,20170109,282,104999,,,Mischa Zverev,L,190,GER,29.3853524983,50,884,104597,,,Nicolas Almagro,R,183,ESP,31.3867214237,43,1040,6-4 6-2,3,R32,70,12,0,47,35,31,6,9,1,1,7,4,63,26,20,17,9,4,7,,,,,,,,,,,,,,,,,,,,
2017-M001,Sydney,Hard,32,A,20170109,281,200282,,WC,Alex De Minaur,R,,AUS,17.8945927447,333,144,105332,,,Benoit Paire,R,196,FRA,27.6741957563,46,960,6-3 3-6 7-6(1),3,R32,104,2,4,82,48,35,20,15,2,5,10,7,93,56,38,18,15,3,6,,,,,,,,,,,,,,,,,,,,
2017-M001,Sydney,Hard,32,A,20170109,280,105723,,,Andrey Kuznetsov,R,185,RUS,25.8809034908,48,935,105373,7,,Martin Klizan,L,190,SVK,27.498973306,35,1230,2-6 6-1 3-0 RET,3,R32,72,6,2,48,30,23,9,9,3,5,1,4,56,39,22,8,9,2,6,,,,,,,,,,,,,,,,,,,,
2017-M001,Sydney,Hard,32,A,20170109,279,104259,5,,Philipp Kohlschreiber,R,178,GER,33.234770705,32,1325,104926,,,Fabio Fognini,R,178,ITA,29.6317590691,47,945,6-4 6-4,3,R32,81,5,1,58,38,30,12,10,3,4,2,1,55,27,19,15,10,2,5,,,,,,,,,,,,,,,,,,,,
2017-M001,Sydney,Hard,32,A,20170109,278,111442,,WC,Jordan Thompson,R,,AUS,22.7241615332,75,699,105932,,LL,Nikoloz Basilashvili,R,,RUS,24.8788501027,94,624,7-5 6-2,3,R32,82,6,1,53,36,24,11,10,1,3,1,5,59,33,18,9,10,1,6,,,,,,,,,,,,,,,,,,,,
2017-M001,Sydney,Hard,32,A,20170109,277,103893,,,Paolo Lorenzi,R,183,ITA,35.0691307324,41,1090,104252,,,Florian Mayer,R,190,GER,33.2648870637,49,903,7-6(4) 4-6 7-6(5),3,R32,153,9,1,106,55,42,33,17,1,3,11,3,113,59,48,29,17,1,2,,,,,,,,,,,,,,,,,,,,
2017-M001,Sydney,Hard,32,A,20170109,275,104180,6,,Gilles Muller,L,193,LUX,33.6728268309,34,1255,105238,,,Alexandr Dolgopolov,R,180,UKR,28.1724845996,63,760,3-6 6-3 7-5,3,R32,127,14,6,96,56,44,20,15,2,3,8,6,100,65,49,17,15,5,7,,,,,,,,,,,,,,,,,,,,
2017-M001,Sydney,Hard,32,A,20170109,274,105881,,Q,Matthew Barton,R,,AUS,25.0622861054,198,282,106378,,,Kyle Edmund,R,,GBR,22.0041067762,45,989,7-6(3) 7-6(5),3,R32,103,17,4,78,48,39,17,12,2,2,11,4,82,45,38,17,12,2,2,,,,,,,,,,,,,,,,,,,,
2017-M001,Sydney,Hard,32,A,20170109,273,103917,,,Nicolas Mahut,R,190,FRA,34.9678302533,38,1122,105064,,,Thomaz Bellucci,L,188,BRA,29.029431896,62,771,6-2 7-6(2),3,R32,80,6,2,58,39,31,13,10,2,3,2,3,57,33,20,13,10,2,5,,,,,,,,,,,,,,,,,,,,
2017-M001,Sydney,Hard,32,A,20170109,271,105554,,,Daniel Evans,R,175,GBR,26.6338124572,67,736,105723,,,Andrey Kuznetsov,R,185,RUS,25.8809034908,48,935,6-2 3-6 6-3,3,SF,,,,,,,,,,,,,,,,,,,,,,,,,,,,,,,,,,,,,,,
2017-M001,Sydney,Hard,32,A,20170109,270,104180,6,,Gilles Muller,L,193,LUX,33.6728268309,34,1255,104678,3,,Viktor Troicki,R,193,SRB,30.9130732375,29,1385,6-3 7-6(6),3,SF,,,,,,,,,,,,,,,,,,,,,,,,,,,,,,,,,,,,,,,
2017-580,Australian Open,Hard,128,G,20170116,100,104918,1,,Andy Murray,R,190,GBR,29.6755646817,1,12560,105011,,,Illya Marchenko,R,185,UKR,29.3579739904,95,624,7-5 7-6(5) 6-2,5,R128,167,10,4,112,54,45,25,16,2,5,6,6,99,53,35,19,16,2,8,,,,,,,,,,,,,,,,,,,,
2017-580,Australian Open,Hard,128,G,20170116,101,126094,,,Andrey Rublev,R,,RUS,19.241615332,152,383,104229,,,Yen Hsun Lu,R,180,TPE,33.4264202601,60,786,4-6 6-3 7-6(0) 6-3,5,R128,170,19,6,142,76,59,33,20,19,22,16,7,117,65,47,25,20,3,7,,,,,,,,,,,,,,,,,,,,
2017-580,Australian Open,Hard,128,G,20170116,102,200282,,,Alex De Minaur,R,,AUS,17.9137577002,301,164,105589,,,Gerald Melzer,L,,AUT,26.5133470226,87,648,5-7 6-3 2-6 7-6(2) 6-1,5,R128,222,12,7,167,96,65,34,24,12,19,4,6,157,105,65,25,24,13,20,,,,,,,,,,,,,,,,,,,,
2017-580,Australian Open,Hard,128,G,20170116,103,105023,31,,Sam Querrey,R,198,USA,29.2785763176,32,1355,111460,,,Quentin Halys,R,,FRA,20.2245037645,155,379,6-7(10) 7-6(4) 6-3 6-4,5,R128,165,31,10,133,81,72,23,22,3,6,24,9,151,89,66,33,21,11,16,,,,,,,,,,,,,,,,,,,,
2017-580,Australian Open,Hard,128,G,20170116,104,104545,19,,John Isner,R,206,USA,31.7262149213,19,1850,104505,,,Konstantin Kravchuk,R,190,RUS,31.8959616701,88,642,6-3 6-4 6-7(5) 6-1,5,R128,143,33,6,111,79,67,20,19,2,2,19,4,112,74,59,17,19,6,10,,,,,,,,,,,,,,,,,,,,
2017-580,Australian Open,Hard,128,G,20170116,105,104999,,,Mischa Zverev,L,190,GER,29.4045174538,50,894,104198,,,Guillermo Garcia Lopez,R,188,ESP,33.620807666,74,700,6-3 7-6(5) 6-4,5,R128,132,8,2,100,69,50,14,16,5,8,3,4,99,53,35,21,15,5,11,,,,,,,,,,,,,,,,,,,,
2017-580,Australian Open,Hard,128,G,20170116,106,104291,,,Malek Jaziri,R,185,TUN,32.9911019849,56,824,104424,,,Go Soeda,R,178,JPN,32.3641341547,139,431,6-3 6-4 6-3,5,R128,120,7,4,77,35,30,23,14,2,4,5,2,99,53,36,16,14,8,14,,,,,,,,,,,,,,,,,,,,
2017-580,Australian Open,Hard,128,G,20170116,107,122330,,,Alexander Bublik,R,,RUS,19.5838466804,207,268,106298,16,,Lucas Pouille,R,,FRA,22.8966461328,16,2131,6-0 3-6 6-3 6-4,5,R128,103,16,9,95,50,43,19,17,3,6,6,7,95,55,40,14,17,4,11,,,,,,,,,,,,,,,,,,,,
2017-580,Australian Open,Hard,128,G,20170116,108,104607,10,,Tomas Berdych,R,196,CZE,31.3319644079,10,3060,104563,,,Luca Vanni,R,,ITA,31.6194387406,157,373,6-1 RET,5,R128,32,2,2,22,10,8,9,4,1,1,1,2,26,16,8,4,3,1,3,,,,,,,,,,,,,,,,,,,,
2017-580,Australian Open,Hard,128,G,20170116,109,105992,,,Ryan Harrison,R,183,USA,24.6954140999,82,664,103917,,,Nicolas Mahut,R,190,FRA,34.9869952088,41,1085,6-3 6-4 6-2,5,R128,122,8,3,77,49,38,14,14,4,6,1,5,95,56,33,16,13,8,14,,,,,,,,,,,,,,,,,,,,
2017-580,Australian Open,Hard,128,G,20170116,110,111511,,,Noah Rubin,R,,USA,20.9034907598,200,274,106216,,,Bjorn Fratangelo,R,,USA,23.4962354552,113,519,6-7(4) 7-5 3-6 6-2 6-2,5,R128,188,15,6,160,94,70,31,25,5,10,9,8,174,112,78,21,24,6,14,,,,,,,,,,,,,,,,,,,,
2017-580,Australian Open,Hard,128,G,20170116,111,103819,17,,Roger Federer,R,185,SUI,35.4414784394,17,1980,103781,,,Jurgen Melzer,L,183,AUT,35.6550308008,300,164,7-5 3-6 6-2 6-2,5,R128,125,19,1,103,66,51,20,19,1,4,4,1,111,83,47,15,18,2,9,,,,,,,,,,,,,,,,,,,,
2017-580,Australian Open,Hard,128,G,20170116,112,105041,,,Lukas Lacko,R,185,SVK,29.2046543463,121,486,105077,26,,Albert Ramos,L,188,ESP,28.9993155373,26,1435,4-6 7-5 1-6 6-4 6-3,5,R128,200,17,4,140,86,64,30,24,8,12,21,11,151,86,63,32,24,7,11,,,,,,,,,,,,,,,,,,,,
2017-580,Australian Open,Hard,128,G,20170116,113,104534,,,Dudi Sela,R,175,ISR,31.7864476386,67,731,104719,,,Marcel Granollers,R,190,ESP,30.765229295,38,1123,5-7 6-3 6-2 6-0,5,R128,154,1,3,113,84,54,13,18,4,8,4,2,112,69,38,16,17,8,18,,,,,,,,,,,,,,,,,,,,
2017-580,Australian Open,Hard,128,G,20170116,114,104871,,,Jeremy Chardy,R,188,FRA,29.9274469541,72,705,104597,,,Nicolas Almagro,R,183,ESP,31.4058863792,42,1040,4-0 RET,5,R128,23,3,3,20,13,10,3,2,2,2,1,1,15,6,3,2,2,0,2,,,,,,,,,,,,,,,,,,,,
2017-580,Australian Open,Hard,128,G,20170116,115,105453,5,,Kei Nishikori,R,178,JPN,27.0499657769,5,5010,105723,,,Andrey Kuznetsov,R,185,RUS,25.9000684463,45,1015,5-7 6-1 6-4 6-7(6) 6-2,5,R128,214,11,0,158,98,67,34,25,7,12,5,4,142,78,52,27,24,3,12,,,,,,,,,,,,,,,,,,,,
2017-580,Australian Open,Hard,128,G,20170116,116,104527,4,,Stanislas Wawrinka,R,183,SUI,31.8056125941,4,5155,105373,,,Martin Klizan,L,190,SVK,27.5181382615,34,1230,4-6 6-4 7-5 4-6 6-4,5,R128,204,21,6,160,102,78,27,26,11,16,7,2,157,120,77,24,26,10,16,,,,,,,,,,,,,,,,,,,,
2017-580,Australian Open,Hard,128,G,20170116,117,105449,,,Steve Johnson,R,188,USA,27.0636550308,30,1390,105643,,,Federico Delbonis,L,190,ARG,26.2833675565,44,1030,6-3 6-4 6-4,5,R128,120,17,1,79,43,40,23,15,2,2,2,5,85,49,37,15,14,3,6,,,,,,,,,,,,,,,,,,,,
2017-580,Australian Open,Hard,128,G,20170116,118,103893,,,Paolo Lorenzi,R,183,ITA,35.0882956879,43,1033,105902,,,James Duckworth,R,183,AUS,24.9883641342,107,557,6-4 7-6(4) 6-7(4) 6-4,5,R128,195,10,5,141,81,64,30,22,7,9,8,7,142,71,56,35,22,3,7,,,,,,,,,,,,,,,,,,,,
2017-580,Australian Open,Hard,128,G,20170116,119,104678,29,,Viktor Troicki,R,193,SRB,30.932238193,35,1225,106000,,,Damir Dzumhur,R,172,BIH,24.6598220397,78,694,6-4 6-4 2-6 2-6 6-3,5,R128,166,14,2,123,79,57,25,23,5,11,1,8,143,80,57,31,22,10,15,,,,,,,,,,,,,,,,,,,,
2017-580,Australian Open,Hard,128,G,20170116,120,106043,,,Diego Sebastian Schwartzman,R,,ARG,24.4188911704,54,867,104655,22,,Pablo Cuevas,R,180,URU,31.0417522245,22,1780,6-3 6-3 6-0,5,R128,82,6,4,72,42,30,22,12,3,4,7,6,80,44,25,13,12,2,9,,,,,,,,,,,,,,,,,,,,
2017-580,Australian Open,Hard,128,G,20170116,121,104327,,,Steve Darcis,R,178,BEL,32.8459958932,71,707,105032,,,Samuel Groth,R,,AUS,29.2457221081,162,355,3-6 6-3 6-2 6-2,5,R128,130,3,0,91,58,48,18,17,1,2,19,8,115,63,44,24,17,5,10,,,,,,,,,,,,,,,,,,,,
2017-580,Australian Open,Hard,128,G,20170116,122,104312,,,Andreas Seppi,R,190,ITA,32.9034907598,89,635,103908,,,Paul Henri Mathieu,R,185,FRA,35.0116358658,75,700,6-4 7-6(4) 6-7(3) 7-5,5,R128,185,34,7,159,94,75,38,23,13,14,16,8,148,85,63,38,23,7,10,,,,,,,,,,,,,,,,,,,,
2017-580,Australian Open,Hard,128,G,20170116,123,106401,14,,Nick Kyrgios,R,,AUS,21.7248459959,13,2460,105671,,,Gastao Elias,R,178,POR,26.1464750171,77,698,6-1 6-2 6-2,5,R128,84,8,3,64,37,30,21,12,0,0,4,3,67,34,20,13,11,5,11,,,,,,,,,,,,,,,,,,,,
2017-580,Australian Open,Hard,128,G,20170116,124,104542,12,,Jo Wilfried Tsonga,R,188,FRA,31.7508555784,12,2505,106329,,,Thiago Monteiro,L,,BRA,22.6310746064,83,664,6-1 6-3 6-7(5) 6-2,5,R128,143,20,5,103,49,43,34,18,3,4,4,8,111,60,39,24,18,7,14,,,,,,,,,,,,,,,,,,,,
2017-580,Australian Open,Hard,128,G,20170116,125,105583,,,Dusan Lajovic,R,180,SRB,26.5489390828,94,627,103565,,,Stephane Robert,R,185,FRA,36.6680355921,55,854,6-3 6-3 6-3,5,R128,119,4,4,96,57,42,17,14,7,9,3,5,100,54,29,23,13,7,13,,,,,,,,,,,,,,,,,,,,
2017-580,Australian Open,Hard,128,G,20170116,126,111575,,,Karen Khachanov,R,,RUS,20.6570841889,52,875,105173,,,Adrian Mannarino,L,183,FRA,28.5503080082,61,781,6-4 3-6 7-6(9) 6-3,5,R128,166,32,4,126,76,66,25,20,5,6,8,1,142,91,65,29,20,7,10,,,,,,,,,,,,,,,,,,,,
2017-580,Australian Open,Hard,128,G,20170116,127,106058,23,,Jack Sock,R,185,USA,24.3121149897,20,1810,105732,,,Pierre Hugues Herbert,R,,FRA,25.8343600274,73,705,6-4 7-6(4) 6-3,5,R128,132,10,6,105,69,56,15,16,5,6,14,4,104,68,49,16,15,9,12,,,,,,,,,,,,,,,,,,,,
2017-580,Australian Open,Hard,128,G,20170116,128,106071,27,,Bernard Tomic,R,193,AUS,24.2381930185,27,1420,105064,,,Thomaz Bellucci,L,188,BRA,29.0485968515,62,771,6-2 6-1 6-4,5,R128,97,12,2,70,44,39,17,13,3,3,10,3,83,53,33,12,12,7,12,,,,,,,,,,,,,,,,,,,,
2017-580,Australian Open,Hard,128,G,20170116,129,103607,,,Victor Estrella,R,173,DOM,36.4572210815,103,586,105379,,,Aljaz Bedene,R,181,GBR,27.498973306,109,547,7-6(7) 7-5 0-6 6-3,5,R128,189,4,6,143,99,63,20,20,9,15,10,8,135,73,51,31,19,5,10,,,,,,,,,,,,,,,,,,,,
2017-580,Australian Open,Hard,128,G,20170116,130,105554,,,Daniel Evans,R,175,GBR,26.6529774127,51,886,105487,,,Facundo Bagnis,L,,ARG,26.8856947296,65,739,7-6(8) 6-3 6-1,5,R128,115,14,3,88,53,44,21,14,2,2,11,4,94,50,34,18,14,6,10,,,,,,,,,,,,,,,,,,,,
2017-580,Australian Open,Hard,128,G,20170116,131,105227,7,,Marin Cilic,R,198,CRO,28.3011635866,7,3605,105668,,,Jerzy Janowicz,R,203,POL,26.1765913758,273,186,4-6 4-6 6-2 6-2 6-3,5,R128,184,26,8,123,71,60,30,23,2,4,18,7,145,99,63,26,22,6,12,,,,,,,,,,,,,,,,,,,,
2017-580,Australian Open,Hard,128,G,20170116,132,104792,6,,Gael Monfils,R,193,FRA,30.3764544832,6,3625,106210,,,Jiri Vesely,L,,CZE,23.5208761123,53,873,6-2 6-3 6-2,5,R128,92,4,3,71,34,27,26,13,2,3,2,8,75,47,28,11,12,6,12,,,,,,,,,,,,,,,,,,,,
2017-580,Australian Open,Hard,128,G,20170116,133,105238,,,Alexandr Dolgopolov,R,180,UKR,28.1916495551,69,715,106432,,,Borna Coric,R,,CRO,20.1724845996,59,795,6-3 6-4 3-6 7-6(7),5,R128,177,14,9,132,75,58,29,20,6,9,13,7,134,80,56,26,20,7,11,,,,,,,,,,,,,,,,,,,,
2017-580,Australian Open,Hard,128,G,20170116,134,105385,,,Donald Young,L,183,USA,27.485284052,85,651,105341,,,Thomas Fabbiano,R,,ITA,27.6440793977,141,427,6-4 7-6(1) 6-4,5,R128,150,8,6,118,67,48,23,16,10,14,1,5,114,65,35,27,16,7,13,,,,,,,,,,,,,,,,,,,,
2017-580,Australian Open,Hard,128,G,20170116,135,104259,32,,Philipp Kohlschreiber,R,178,GER,33.2539356605,33,1325,105932,,,Nikoloz Basilashvili,R,,RUS,24.8980150582,92,630,6-4 3-6 7-6(2) 6-4,5,R128,151,12,4,114,66,51,28,21,4,7,3,2,137,95,64,21,20,3,7,,,,,,,,,,,,,,,,,,,,
2017-580,Australian Open,Hard,128,G,20170116,136,100644,24,,Alexander Zverev,R,,GER,19.742642026,24,1655,104898,,,Robin Haase,R,190,NED,29.7823408624,57,808,6-2 3-6 5-7 6-3 6-2,5,R128,174,17,10,144,92,69,24,23,12,16,13,11,140,81,60,24,23,7,14,,,,,,,,,,,,,,,,,,,,
2017-580,Australian Open,Hard,128,G,20170116,137,126207,,,Francis Tiafoe,R,,USA,18.9897330595,108,550,105062,,,Mikhail Kukushkin,R,183,KAZ,29.0595482546,98,602,6-1 6-7(3) 6-3 6-2,5,R128,157,13,4,114,63,51,28,18,4,5,9,3,111,65,44,22,18,8,14,,,,,,,,,,,,,,,,,,,,
2017-580,Australian Open,Hard,128,G,20170116,138,104571,,,Marcos Baghdatis,R,183,CYP,31.5838466804,36,1210,104022,,,Mikhail Youzhny,R,183,RUS,34.5626283368,70,707,6-3 3-0 RET,5,R128,65,4,1,36,17,15,11,6,2,2,1,2,49,31,18,7,6,7,10,,,,,,,,,,,,,,,,,,,,
2017-580,Australian Open,Hard,128,G,20170116,139,104745,9,,Rafael Nadal,L,185,ESP,30.6228610541,9,3195,104252,,,Florian Mayer,R,190,GER,33.2840520192,49,903,6-3 6-4 6-4,5,R128,124,6,0,76,53,41,19,15,0,0,7,1,102,66,41,22,14,9,12,,,,,,,,,,,,,,,,,,,,
2017-580,Australian Open,Hard,128,G,20170116,140,105138,13,,Roberto Bautista Agut,R,,ESP,28.758384668,14,2350,105550,,,Guido Pella,L,,ARG,26.6694045175,81,685,6-3 6-1 6-1,5,R128,83,7,1,60,38,37,12,12,1,1,5,5,67,40,23,8,11,6,12,,,,,,,,,,,,,,,,,,,,
2017-580,Australian Open,Hard,128,G,20170116,141,106415,,,Yoshihito Nishioka,L,,JPN,21.3059548255,99,602,106109,,,Alex Bolt,L,,AUS,24.0301163587,632,46,6-4 1-6 6-2 6-4,5,R128,150,1,4,115,67,46,26,18,4,7,19,5,118,72,50,20,17,5,10,,,,,,,,,,,,,,,,,,,,
2017-580,Australian Open,Hard,128,G,20170116,142,124014,,,Ernesto Escobedo,R,,USA,20.5366187543,131,455,106421,,,Daniil Medvedev,R,,RUS,20.9308692676,63,751,7-5 4-6 7-6(5) 6-1,5,R128,156,9,3,122,68,52,35,21,4,5,12,9,135,79,61,29,20,7,11,,,,,,,,,,,,,,,,,,,,
2017-580,Australian Open,Hard,128,G,20170116,143,103970,21,,David Ferrer,R,175,ESP,34.7926078029,23,1740,117357,,,Omar Jasika,L,,AUS,19.665982204,290,172,6-3 6-0 6-2,5,R128,85,4,2,67,44,38,11,12,1,1,1,5,68,41,25,9,11,6,12,,,,,,,,,,,,,,,,,,,,
2017-580,Australian Open,Hard,128,G,20170116,144,104468,25,,Gilles Simon,R,183,FRA,32.0547570157,25,1585,111581,,,Michael Mmoh,R,,USA,19.0171115674,190,297,6-1 6-3 6-3,5,R128,110,2,3,83,39,25,31,13,4,5,4,4,77,51,28,10,12,2,8,,,,,,,,,,,,,,,,,,,,
2017-580,Australian Open,Hard,128,G,20170116,145,104297,,,Rogerio Dutra Silva,R,178,BRA,32.9527720739,100,600,111577,,,Jared Donaldson,R,,USA,20.2710472279,101,596,3-6 0-6 6-1 6-4 6-4,5,R128,185,13,3,130,77,54,26,21,7,12,9,5,132,78,52,29,21,8,13,,,,,,,,,,,,,,,,,,,,
2017-580,Australian Open,Hard,128,G,20170116,146,104180,,,Gilles Muller,L,193,LUX,33.6919917864,28,1415,126203,,,Taylor Harry Fritz,R,,USA,19.2197125257,93,628,7-6(6) 7-6(5) 6-3,5,R128,134,30,4,108,70,58,22,17,6,6,12,4,103,70,53,18,16,0,1,,,,,,,,,,,,,,,,,,,,
2017-580,Australian Open,Hard,128,G,20170116,147,105683,3,,Milos Raonic,R,196,CAN,26.0561259411,3,5290,104460,,,Dustin Brown,R,196,GER,32.1067761807,66,738,6-3 6-4 6-2,5,R128,92,18,5,79,50,41,18,14,3,3,3,7,93,55,34,20,13,6,10,,,,,,,,,,,,,,,,,,,,
2017-580,Australian Open,Hard,128,G,20170116,148,106233,8,,Dominic Thiem,R,,AUT,23.370294319,8,3415,105526,,,Jan Lennard Struff,R,,GER,26.7296372348,58,796,4-6 6-4 6-4 6-3,5,R128,174,12,9,132,62,52,30,20,8,10,13,10,140,74,59,26,19,14,19,,,,,,,,,,,,,,,,,,,,
2017-580,Australian Open,Hard,128,G,20170116,149,111442,,,Jordan Thompson,R,,AUS,22.7433264887,76,699,105311,,,Joao Sousa,R,,POR,27.8001368925,37,1135,6-7(2) 4-6 6-3 6-2 6-1,5,R128,201,23,1,146,97,71,26,23,8,11,4,5,132,73,49,31,23,5,13,,,,,,,,,,,,,,,,,,,,
2017-580,Australian Open,Hard,128,G,20170116,150,105332,,,Benoit Paire,R,196,FRA,27.6933607118,47,960,103163,,,Tommy Haas,R,188,GER,38.7898699521,,,7-6(2) 6-4 RET,5,R128,97,22,4,74,43,35,16,11,1,2,4,5,84,45,25,24,11,3,5,,,,,,,,,,,,,,,,,,,,
2017-580,Australian Open,Hard,128,G,20170116,151,104926,,,Fabio Fognini,R,178,ITA,29.6509240246,48,945,103852,28,,Feliciano Lopez,L,188,ESP,35.3237508556,29,1410,7-5 6-3 7-5,5,R128,123,5,3,81,43,38,23,17,0,2,13,8,133,71,48,24,16,22,28,,,,,,,,,,,,,,,,,,,,
2017-580,Australian Open,Hard,128,G,20170116,152,103333,20,,Ivo Karlovic,R,208,CRO,37.8836413415,21,1795,104547,,,Horacio Zeballos,L,188,ARG,31.7234770705,68,725,6-7(6) 3-6 7-5 6-2 22-20,5,R128,314,75,12,213,140,127,44,42,3,4,33,9,237,152,125,49,41,5,9,,,,,,,,,,,,,,,,,,,,
2017-580,Australian Open,Hard,128,G,20170116,153,106225,,,Andrew Whittington,R,,AUS,23.4332648871,194,289,106361,,,Adam Pavlasek,R,,CZE,22.2751540041,86,649,6-4 4-6 6-2 6-3,5,R128,145,12,10,112,65,49,26,19,5,7,13,3,107,66,47,16,18,3,9,,,,,,,,,,,,,,,,,,,,
2017-580,Australian Open,Hard,128,G,20170116,154,103285,,,Radek Stepanek,R,185,CZE,38.1382614648,102,595,104098,,,Dmitry Tursunov,R,185,RUS,34.0971937029,405,105,6-2 7-6(1) 6-3,5,R128,119,15,4,99,64,51,21,15,4,4,5,5,87,58,39,13,14,5,8,,,,,,,,,,,,,,,,,,,,
2017-580,Australian Open,Hard,128,G,20170116,155,105676,11,,David Goffin,R,163,BEL,26.1108829569,11,2750,124187,,,Reilly Opelka,U,,USA,19.3867214237,208,267,6-4 4-6 6-2 4-6 6-4,5,R128,176,13,7,148,79,61,42,24,6,8,21,7,144,85,64,28,24,2,6,,,,,,,,,,,,,,,,,,,,
2017-580,Australian Open,Hard,128,G,20170116,156,105777,15,,Grigor Dimitrov,R,188,BUL,25.6728268309,15,2135,106331,,,Christopher Oconnell,U,,AUS,22.6228610541,231,228,7-6(2) 6-3 6-3,5,R128,121,15,0,81,47,46,21,15,0,0,6,1,110,64,44,23,15,10,13,,,,,,,,,,,,,,,,,,,,
2017-580,Australian Open,Hard,128,G,20170116,157,111202,,,Hyeon Chung,R,,KOR,20.6625598905,105,583,105952,,,Renzo Olivo,R,,ARG,24.8405201916,79,693,6-2 6-3 6-2,5,R128,105,4,1,69,39,27,21,13,1,2,6,7,80,38,24,16,12,9,16,,,,,,,,,,,,,,,,,,,,
2017-580,Australian Open,Hard,128,G,20170116,158,104122,,,Carlos Berlocq,R,183,ARG,33.9520876112,90,632,105430,,,Radu Albot,R,,MDA,27.1813826146,96,614,6-4 7-6(4) 5-7 7-6(8),5,R128,236,18,5,157,92,70,34,23,8,12,7,2,154,110,74,25,23,5,9,,,,,,,,,,,,,,,,,,,,
2017-580,Australian Open,Hard,128,G,20170116,159,104755,18,,Richard Gasquet,R,185,FRA,30.5817932923,18,1885,106425,,,Blake Mott,U,,AUS,20.7392197125,287,173,6-4 6-4 6-2,5,R128,113,2,1,82,53,38,20,14,0,1,7,3,78,49,31,15,14,3,8,,,,,,,,,,,,,,,,,,,,
2017-580,Australian Open,Hard,128,G,20170116,160,105807,30,,Pablo Carreno Busta,R,,ESP,25.5167693361,31,1370,105166,,,Peter Polansky,R,180,CAN,28.5886379192,132,454,6-0 3-6 3-6 6-2 3-0 RET,5,R128,143,20,8,101,59,49,19,18,3,7,10,5,123,73,41,22,17,13,20,,,,,,,,,,,,,,,,,,,,
2017-580,Australian Open,Hard,128,G,20170116,161,106378,,,Kyle Edmund,R,,GBR,22.0232717317,46,989,105053,,,Santiago Giraldo,R,188,COL,29.1389459274,91,631,6-2 7-5 6-3,5,R128,110,12,2,78,43,39,20,15,0,1,6,4,85,48,32,17,14,5,10,,,,,,,,,,,,,,,,,,,,
2017-580,Australian Open,Hard,128,G,20170116,162,104797,,,Denis Istomin,R,188,UZB,30.3600273785,117,498,104471,,,Ivan Dodig,R,183,CRO,32.038329911,170,336,6-1 6-4 3-6 7-5,5,R128,154,14,2,119,78,61,19,19,8,11,7,11,113,65,47,20,19,3,9,,,,,,,,,,,,,,,,,,,,
2017-580,Australian Open,Hard,128,G,20170116,163,104925,2,,Novak Djokovic,R,188,SRB,29.6563997262,2,11780,104269,,,Fernando Verdasco,L,188,ESP,33.1718001369,40,1105,6-1 7-6(4) 6-2,5,R128,140,2,2,94,58,44,18,14,3,5,5,5,106,55,33,20,13,10,16,,,,,,,,,,,,,,,,,,,,
2017-580,Australian Open,Hard,128,G,20170116,164,104918,1,,Andy Murray,R,190,GBR,29.6755646817,1,12560,126094,,,Andrey Rublev,R,,RUS,19.241615332,152,383,6-3 6-0 6-2,5,R64,96,9,2,69,44,34,17,12,0,0,2,3,65,27,19,14,11,1,7,,,,,,,,,,,,,,,,,,,,
2017-580,Australian Open,Hard,128,G,20170116,165,105023,31,,Sam Querrey,R,198,USA,29.2785763176,32,1355,200282,,,Alex De Minaur,R,,AUS,17.9137577002,301,164,7-6(5) 6-0 6-1,5,R64,108,9,9,89,46,43,21,13,3,3,1,4,100,68,44,8,12,8,13,,,,,,,,,,,,,,,,,,,,
2017-580,Australian Open,Hard,128,G,20170116,166,104999,,,Mischa Zverev,L,190,GER,29.4045174538,50,894,104545,19,,John Isner,R,206,USA,31.7262149213,19,1850,6-7(4) 6-7(4) 6-4 7-6(7) 9-7,5,R64,250,22,13,212,128,107,43,31,16,17,33,4,203,143,106,36,31,13,16,,,,,,,,,,,,,,,,,,,,
2017-580,Australian Open,Hard,128,G,20170116,167,104291,,,Malek Jaziri,R,185,TUN,32.9911019849,56,824,122330,,,Alexander Bublik,R,,RUS,19.5838466804,207,268,6-2 6-3 7-5,5,R64,97,8,4,82,48,34,20,15,7,10,15,4,92,50,30,14,14,4,12,,,,,,,,,,,,,,,,,,,,
2017-580,Australian Open,Hard,128,G,20170116,168,104607,10,,Tomas Berdych,R,196,CZE,31.3319644079,10,3060,105992,,,Ryan Harrison,R,183,USA,24.6954140999,82,664,6-3 7-6(6) 6-2,5,R64,125,15,2,75,48,43,16,15,2,3,6,11,129,68,46,22,14,10,15,,,,,,,,,,,,,,,,,,,,
2017-580,Australian Open,Hard,128,G,20170116,169,103819,17,,Roger Federer,R,185,SUI,35.4414784394,17,1980,111511,,,Noah Rubin,R,,USA,20.9034907598,200,274,7-5 6-3 7-6(3),5,R64,123,17,2,112,67,55,25,17,5,6,2,3,102,57,36,28,16,5,8,,,,,,,,,,,,,,,,,,,,
2017-580,Australian Open,Hard,128,G,20170116,170,105041,,,Lukas Lacko,R,185,SVK,29.2046543463,121,486,104534,,,Dudi Sela,R,175,ISR,31.7864476386,67,731,2-6 6-3 6-2 6-4,5,R64,135,8,1,118,66,45,28,18,8,12,5,5,98,68,42,16,17,5,11,,,,,,,,,,,,,,,,,,,,
2017-580,Australian Open,Hard,128,G,20170116,171,105453,5,,Kei Nishikori,R,178,JPN,27.0499657769,5,5010,104871,,,Jeremy Chardy,R,188,FRA,29.9274469541,72,705,6-3 6-4 6-3,5,R64,126,2,0,88,61,41,15,14,6,9,5,5,94,54,32,16,14,11,18,,,,,,,,,,,,,,,,,,,,
2017-580,Australian Open,Hard,128,G,20170116,172,104527,4,,Stanislas Wawrinka,R,183,SUI,31.8056125941,4,5155,105449,,,Steve Johnson,R,188,USA,27.0636550308,30,1390,6-3 6-4 6-4,5,R64,111,11,4,88,54,47,19,15,5,5,6,0,93,66,44,14,14,8,11,,,,,,,,,,,,,,,,,,,,
2017-580,Australian Open,Hard,128,G,20170116,173,104678,29,,Viktor Troicki,R,193,SRB,30.932238193,35,1225,103893,,,Paolo Lorenzi,R,183,ITA,35.0882956879,43,1033,6-3 1-6 7-6(3) 3-6 6-3,5,R64,227,21,6,154,84,65,34,23,12,16,8,8,160,98,68,32,23,8,11,,,,,,,,,,,,,,,,,,,,
2017-580,Australian Open,Hard,128,G,20170116,174,104327,,,Steve Darcis,R,178,BEL,32.8459958932,71,707,106043,,,Diego Sebastian Schwartzman,R,,ARG,24.4188911704,54,867,6-3 6-3 2-6 6-4,5,R64,152,5,0,114,80,57,16,18,5,8,5,5,118,67,46,24,18,5,10,,,,,,,,,,,,,,,,,,,,
2017-580,Australian Open,Hard,128,G,20170116,175,104312,,,Andreas Seppi,R,190,ITA,32.9034907598,89,635,106401,14,,Nick Kyrgios,R,,AUS,21.7248459959,13,2460,1-6 6-7(1) 6-4 6-2 10-8,5,R64,188,16,4,149,85,65,41,28,7,10,28,8,171,118,88,27,27,7,12,,,,,,,,,,,,,,,,,,,,
2017-580,Australian Open,Hard,128,G,20170116,176,104542,12,,Jo Wilfried Tsonga,R,188,FRA,31.7508555784,12,2505,105583,,,Dusan Lajovic,R,180,SRB,26.5489390828,94,627,6-2 6-2 6-3,5,R64,105,15,2,79,45,38,17,13,3,4,1,0,85,57,30,13,12,9,15,,,,,,,,,,,,,,,,,,,,
2017-580,Australian Open,Hard,128,G,20170116,177,106058,23,,Jack Sock,R,185,USA,24.3121149897,20,1810,111575,,,Karen Khachanov,R,,RUS,20.6570841889,52,875,6-3 6-4 6-4,5,R64,134,7,5,107,63,51,20,15,8,9,10,6,111,58,41,22,14,11,15,,,,,,,,,,,,,,,,,,,,
2017-580,Australian Open,Hard,128,G,20170116,178,106071,27,,Bernard Tomic,R,193,AUS,24.2381930185,27,1420,103607,,,Victor Estrella,R,173,DOM,36.4572210815,103,586,7-5 7-6(4) 4-6 7-6(5),5,R64,200,19,2,134,96,77,21,23,3,5,13,7,164,104,77,31,23,6,8,,,,,,,,,,,,,,,,,,,,
2017-580,Australian Open,Hard,128,G,20170116,179,105554,,,Daniel Evans,R,175,GBR,26.6529774127,51,886,105227,7,,Marin Cilic,R,198,CRO,28.3011635866,7,3605,3-6 7-5 6-3 6-3,5,R64,177,5,7,143,84,58,30,20,16,19,14,4,110,63,44,24,19,8,14,,,,,,,,,,,,,,,,,,,,
2017-580,Australian Open,Hard,128,G,20170116,180,104792,6,,Gael Monfils,R,193,FRA,30.3764544832,6,3625,105238,,,Alexandr Dolgopolov,R,180,UKR,28.1916495551,69,715,6-3 6-4 1-6 6-0,5,R64,116,17,5,92,62,49,11,16,3,6,6,5,123,72,48,19,16,13,19,,,,,,,,,,,,,,,,,,,,
2017-580,Australian Open,Hard,128,G,20170116,181,104259,32,,Philipp Kohlschreiber,R,178,GER,33.2539356605,33,1325,105385,,,Donald Young,L,183,USA,27.485284052,85,651,7-5 6-3 6-0,5,R64,111,3,3,77,43,33,23,14,4,5,5,2,93,62,30,15,13,5,12,,,,,,,,,,,,,,,,,,,,
2017-580,Australian Open,Hard,128,G,20170116,182,100644,24,,Alexander Zverev,R,,GER,19.742642026,24,1655,126207,,,Francis Tiafoe,R,,USA,18.9897330595,108,550,6-2 6-3 6-4,5,R64,116,9,6,99,55,41,26,14,5,5,4,2,83,55,34,16,13,4,8,,,,,,,,,,,,,,,,,,,,
2017-580,Australian Open,Hard,128,G,20170116,183,104745,9,,Rafael Nadal,L,185,ESP,30.6228610541,9,3195,104571,,,Marcos Baghdatis,R,183,CYP,31.5838466804,36,1210,6-3 6-1 6-3,5,R64,132,5,0,80,64,46,10,13,4,5,7,4,98,53,33,16,12,10,16,,,,,,,,,,,,,,,,,,,,
2017-580,Australian Open,Hard,128,G,20170116,184,105138,13,,Roberto Bautista Agut,R,,ESP,28.758384668,14,2350,106415,,,Yoshihito Nishioka,L,,JPN,21.3059548255,99,602,6-2 6-3 6-3,5,R64,129,9,1,77,63,41,6,13,6,10,2,3,118,71,35,19,13,12,21,,,,,,,,,,,,,,,,,,,,
2017-580,Australian Open,Hard,128,G,20170116,185,103970,21,,David Ferrer,R,175,ESP,34.7926078029,23,1740,124014,,,Ernesto Escobedo,R,,USA,20.5366187543,131,455,2-6 6-4 6-4 6-2,5,R64,166,6,7,141,84,58,30,18,11,13,7,3,121,68,48,27,18,10,14,,,,,,,,,,,,,,,,,,,,
2017-580,Australian Open,Hard,128,G,20170116,186,104468,25,,Gilles Simon,R,183,FRA,32.0547570157,25,1585,104297,,,Rogerio Dutra Silva,R,178,BRA,32.9527720739,100,600,6-4 6-1 6-1,5,R64,96,3,5,67,47,41,10,12,2,2,1,3,81,50,29,13,12,5,11,,,,,,,,,,,,,,,,,,,,
2017-580,Australian Open,Hard,128,G,20170116,187,105683,3,,Milos Raonic,R,196,CAN,26.0561259411,3,5290,104180,,,Gilles Muller,L,193,LUX,33.6919917864,28,1415,6-3 6-4 7-6(4),5,R64,119,21,3,95,61,51,20,16,4,4,7,1,93,65,44,18,15,5,7,,,,,,,,,,,,,,,,,,,,
2017-580,Australian Open,Hard,128,G,20170116,188,106233,8,,Dominic Thiem,R,,AUT,23.370294319,8,3415,111442,,,Jordan Thompson,R,,AUS,22.7433264887,76,699,6-2 6-1 6-7(6) 6-4,5,R64,163,12,4,113,66,54,27,19,4,5,5,1,123,67,40,30,18,10,17,,,,,,,,,,,,,,,,,,,,
2017-580,Australian Open,Hard,128,G,20170116,189,105332,,,Benoit Paire,R,196,FRA,27.6933607118,47,960,104926,,,Fabio Fognini,R,178,ITA,29.6509240246,48,945,7-6(3) 4-6 6-3 3-6 6-3,5,R64,208,21,10,176,96,70,36,25,10,16,2,6,160,92,56,41,24,8,14,,,,,,,,,,,,,,,,,,,,
2017-580,Australian Open,Hard,128,G,20170116,190,103333,20,,Ivo Karlovic,R,208,CRO,37.8836413415,21,1795,106225,,,Andrew Whittington,R,,AUS,23.4332648871,194,289,6-4 6-4 6-4,5,R64,120,19,7,92,52,44,23,15,5,5,5,6,92,46,35,23,15,7,10,,,,,,,,,,,,,,,,,,,,
2017-580,Australian Open,Hard,128,G,20170116,191,105676,11,,David Goffin,R,163,BEL,26.1108829569,11,2750,103285,,,Radek Stepanek,R,185,CZE,38.1382614648,102,595,6-4 6-0 6-3,5,R64,104,7,4,80,44,32,23,13,4,5,3,9,79,46,27,12,12,6,13,,,,,,,,,,,,,,,,,,,,
2017-580,Australian Open,Hard,128,G,20170116,192,105777,15,,Grigor Dimitrov,R,188,BUL,25.6728268309,15,2135,111202,,,Hyeon Chung,R,,KOR,20.6625598905,105,583,1-6 6-4 6-4 6-4,5,R64,156,12,4,117,76,52,22,19,10,15,7,4,104,71,53,11,18,5,10,,,,,,,,,,,,,,,,,,,,
2017-580,Australian Open,Hard,128,G,20170116,193,104755,18,,Richard Gasquet,R,185,FRA,30.5817932923,18,1885,104122,,,Carlos Berlocq,R,183,ARG,33.9520876112,90,632,6-1 6-1 6-1,5,R64,105,2,5,71,39,29,21,11,2,2,2,1,72,38,20,11,10,6,13,,,,,,,,,,,,,,,,,,,,
2017-580,Australian Open,Hard,128,G,20170116,194,105807,30,,Pablo Carreno Busta,R,,ESP,25.5167693361,31,1370,106378,,,Kyle Edmund,R,,GBR,22.0232717317,46,989,6-2 6-4 6-2,5,R64,106,7,0,89,58,46,16,13,6,6,6,6,79,42,31,14,13,3,8,,,,,,,,,,,,,,,,,,,,
2017-580,Australian Open,Hard,128,G,20170116,195,104797,,,Denis Istomin,R,188,UZB,30.3600273785,117,498,104925,2,,Novak Djokovic,R,188,SRB,29.6563997262,2,11780,7-6(8) 5-7 2-6 7-6(5) 6-4,5,R64,288,17,3,194,134,94,27,27,9,15,14,9,185,107,77,43,27,10,14,,,,,,,,,,,,,,,,,,,,
2017-580,Australian Open,Hard,128,G,20170116,196,104918,1,,Andy Murray,R,190,GBR,29.6755646817,1,12560,105023,31,,Sam Querrey,R,198,USA,29.2785763176,32,1355,6-4 6-2 6-4,5,R32,119,8,2,86,56,43,15,14,2,3,5,2,87,53,30,18,14,3,8,,,,,,,,,,,,,,,,,,,,
2017-580,Australian Open,Hard,128,G,20170116,197,104999,,,Mischa Zverev,L,190,GER,29.4045174538,50,894,104291,,,Malek Jaziri,R,185,TUN,32.9911019849,56,824,6-1 4-6 6-3 6-0,5,R32,141,7,3,88,52,37,20,16,1,4,4,6,123,69,42,19,16,12,21,,,,,,,,,,,,,,,,,,,,
2017-580,Australian Open,Hard,128,G,20170116,198,103819,17,,Roger Federer,R,185,SUI,35.4414784394,17,1980,104607,10,,Tomas Berdych,R,196,CZE,31.3319644079,10,3060,6-2 6-4 6-4,5,R32,90,8,2,70,41,39,17,14,0,0,13,3,81,51,43,9,14,1,5,,,,,,,,,,,,,,,,,,,,
2017-580,Australian Open,Hard,128,G,20170116,199,105453,5,,Kei Nishikori,R,178,JPN,27.0499657769,5,5010,105041,,,Lukas Lacko,R,185,SVK,29.2046543463,121,486,6-4 6-4 6-4,5,R32,131,5,3,76,46,38,20,15,1,2,12,1,106,60,46,15,15,5,9,,,,,,,,,,,,,,,,,,,,
2017-580,Australian Open,Hard,128,G,20170116,200,104527,4,,Stanislas Wawrinka,R,183,SUI,31.8056125941,4,5155,104678,29,,Viktor Troicki,R,193,SRB,30.932238193,35,1225,3-6 6-2 6-2 7-6(7),5,R32,152,16,4,117,71,52,24,19,4,9,7,8,122,70,48,20,18,6,13,,,,,,,,,,,,,,,,,,,,
2017-580,Australian Open,Hard,128,G,20170116,201,104312,,,Andreas Seppi,R,190,ITA,32.9034907598,89,635,104327,,,Steve Darcis,R,178,BEL,32.8459958932,71,707,4-6 6-4 7-6(1) 7-6(2),5,R32,187,11,5,131,72,60,31,22,3,7,8,4,131,74,55,28,22,2,6,,,,,,,,,,,,,,,,,,,,
2017-580,Australian Open,Hard,128,G,20170116,202,104542,12,,Jo Wilfried Tsonga,R,188,FRA,31.7508555784,12,2505,106058,23,,Jack Sock,R,185,USA,24.3121149897,20,1810,7-6(4) 7-5 6-7(8) 6-3,5,R32,213,23,5,155,101,81,29,23,5,6,7,5,166,94,71,35,22,8,11,,,,,,,,,,,,,,,,,,,,
2017-580,Australian Open,Hard,128,G,20170116,203,105554,,,Daniel Evans,R,175,GBR,26.6529774127,51,886,106071,27,,Bernard Tomic,R,193,AUS,24.2381930185,27,1420,7-5 7-6(2) 7-6(3),5,R32,168,9,2,134,75,55,33,18,7,10,20,1,114,82,60,13,18,2,6,,,,,,,,,,,,,,,,,,,,
2017-580,Australian Open,Hard,128,G,20170116,204,104792,6,,Gael Monfils,R,193,FRA,30.3764544832,6,3625,104259,32,,Philipp Kohlschreiber,R,178,GER,33.2539356605,33,1325,6-3 7-6(1) 6-4,5,R32,115,8,4,97,68,52,11,16,3,6,3,2,80,52,36,14,15,1,6,,,,,,,,,,,,,,,,,,,,
2017-580,Australian Open,Hard,128,G,20170116,205,104745,9,,Rafael Nadal,L,185,ESP,30.6228610541,9,3195,100644,24,,Alexander Zverev,R,,GER,19.742642026,24,1655,4-6 6-3 6-7(5) 6-3 6-2,5,R32,245,11,4,150,113,82,23,24,5,7,19,11,172,108,77,27,24,11,16,,,,,,,,,,,,,,,,,,,,
2017-580,Australian Open,Hard,128,G,20170116,206,105138,13,,Roberto Bautista Agut,R,,ESP,28.758384668,14,2350,103970,21,,David Ferrer,R,175,ESP,34.7926078029,23,1740,7-5 6-7(6) 7-6(3) 6-4,5,R32,242,5,5,182,106,70,40,23,15,20,1,6,151,81,51,38,23,7,14,,,,,,,,,,,,,,,,,,,,
2017-580,Australian Open,Hard,128,G,20170116,207,105683,3,,Milos Raonic,R,196,CAN,26.0561259411,3,5290,104468,25,,Gilles Simon,R,183,FRA,32.0547570157,25,1585,6-2 7-6(5) 3-6 6-3,5,R32,154,21,3,112,74,53,23,19,3,6,0,3,109,83,58,10,19,2,7,,,,,,,,,,,,,,,,,,,,
2017-580,Australian Open,Hard,128,G,20170116,208,106233,8,,Dominic Thiem,R,,AUT,23.370294319,8,3415,105332,,,Benoit Paire,R,196,FRA,27.6933607118,47,960,6-1 4-6 6-4 6-4,5,R32,143,10,3,128,85,53,25,19,12,17,10,9,110,52,41,19,18,3,11,,,,,,,,,,,,,,,,,,,,
2017-580,Australian Open,Hard,128,G,20170116,209,105676,11,,David Goffin,R,163,BEL,26.1108829569,11,2750,103333,20,,Ivo Karlovic,R,208,CRO,37.8836413415,21,1795,6-3 6-2 6-4,5,R32,87,3,3,66,39,37,19,14,0,0,25,3,78,58,42,7,13,3,7,,,,,,,,,,,,,,,,,,,,
2017-580,Australian Open,Hard,128,G,20170116,210,105777,15,,Grigor Dimitrov,R,188,BUL,25.6728268309,15,2135,104755,18,,Richard Gasquet,R,185,FRA,30.5817932923,18,1885,6-3 6-2 6-4,5,R32,122,11,4,95,69,57,9,14,6,7,3,4,82,49,28,16,13,4,9,,,,,,,,,,,,,,,,,,,,
2017-580,Australian Open,Hard,128,G,20170116,211,104797,,,Denis Istomin,R,188,UZB,30.3600273785,117,498,105807,30,,Pablo Carreno Busta,R,,ESP,25.5167693361,31,1370,6-4 4-6 6-4 4-6 6-2,5,R32,207,16,2,141,93,70,27,24,9,12,5,5,151,86,59,34,24,2,7,,,,,,,,,,,,,,,,,,,,
2017-580,Australian Open,Hard,128,G,20170116,212,104999,,,Mischa Zverev,L,190,GER,29.4045174538,50,894,104918,1,,Andy Murray,R,190,GBR,29.6755646817,1,12560,7-5 5-7 6-2 6-4,5,R16,213,7,2,137,91,60,21,21,8,13,10,6,145,95,62,18,21,9,17,,,,,,,,,,,,,,,,,,,,
2017-580,Australian Open,Hard,128,G,20170116,213,103819,17,,Roger Federer,R,185,SUI,35.4414784394,17,1980,105453,5,,Kei Nishikori,R,178,JPN,27.0499657769,5,5010,6-7(4) 6-4 6-1 4-6 6-3,5,R16,203,24,6,148,100,80,23,24,7,10,5,5,164,107,73,24,24,11,18,,,,,,,,,,,,,,,,,,,,
2017-580,Australian Open,Hard,128,G,20170116,214,104527,4,,Stanislas Wawrinka,R,183,SUI,31.8056125941,4,5155,104312,,,Andreas Seppi,R,190,ITA,32.9034907598,89,635,7-6(2) 7-6(4) 7-6(4),5,R16,163,17,2,117,66,53,34,18,2,4,12,3,136,84,62,26,18,7,9,,,,,,,,,,,,,,,,,,,,
2017-580,Australian Open,Hard,128,G,20170116,215,104542,12,,Jo Wilfried Tsonga,R,188,FRA,31.7508555784,12,2505,105554,,,Daniel Evans,R,175,GBR,26.6529774127,51,886,6-7(4) 6-2 6-4 6-4,5,R16,173,17,2,122,81,66,25,20,4,4,8,11,143,100,73,16,20,10,14,,,,,,,,,,,,,,,,,,,,
2017-580,Australian Open,Hard,128,G,20170116,216,104745,9,,Rafael Nadal,L,185,ESP,30.6228610541,9,3195,104792,6,,Gael Monfils,R,193,FRA,30.3764544832,6,3625,6-3 6-3 4-6 6-4,5,R16,175,2,1,101,74,53,17,19,3,6,15,10,130,76,50,24,19,11,17,,,,,,,,,,,,,,,,,,,,
2017-580,Australian Open,Hard,128,G,20170116,217,105683,3,,Milos Raonic,R,196,CAN,26.0561259411,3,5290,105138,13,,Roberto Bautista Agut,R,,ESP,28.758384668,14,2350,7-6(6) 3-6 6-4 6-1,5,R16,171,33,9,113,73,59,19,19,7,10,9,4,127,88,56,21,19,11,16,,,,,,,,,,,,,,,,,,,,
2017-580,Australian Open,Hard,128,G,20170116,218,105676,11,,David Goffin,R,163,BEL,26.1108829569,11,2750,106233,8,,Dominic Thiem,R,,AUT,23.370294319,8,3415,5-7 7-6(4) 6-2 6-2,5,R16,163,15,2,125,70,51,33,20,3,6,13,5,128,77,53,23,20,9,15,,,,,,,,,,,,,,,,,,,,
2017-580,Australian Open,Hard,128,G,20170116,219,105777,15,,Grigor Dimitrov,R,188,BUL,25.6728268309,15,2135,104797,,,Denis Istomin,R,188,UZB,30.3600273785,117,498,2-6 7-6(2) 6-2 6-1,5,R16,144,7,1,98,72,58,16,18,5,7,14,1,104,73,48,14,17,3,7,,,,,,,,,,,,,,,,,,,,
2017-580,Australian Open,Hard,128,G,20170116,220,103819,17,,Roger Federer,R,185,SUI,35.4414784394,17,1980,104999,,,Mischa Zverev,L,190,GER,29.4045174538,50,894,6-1 7-5 6-2,5,QF,92,9,1,79,54,37,17,14,1,2,5,0,97,72,38,13,13,9,15,,,,,,,,,,,,,,,,,,,,
2017-580,Australian Open,Hard,128,G,20170116,221,104527,4,,Stanislas Wawrinka,R,183,SUI,31.8056125941,4,5155,104542,12,,Jo Wilfried Tsonga,R,188,FRA,31.7508555784,12,2505,7-6(2) 6-4 6-3,5,QF,134,4,2,107,58,41,32,16,5,6,7,3,86,46,34,17,15,0,3,,,,,,,,,,,,,,,,,,,,
2017-580,Australian Open,Hard,128,G,20170116,222,104745,9,,Rafael Nadal,L,185,ESP,30.6228610541,9,3195,105683,3,,Milos Raonic,R,196,CAN,26.0561259411,3,5290,6-4 7-6(7) 6-4,5,QF,164,4,4,105,76,63,15,16,4,4,14,2,107,71,48,20,16,1,3,,,,,,,,,,,,,,,,,,,,
2017-580,Australian Open,Hard,128,G,20170116,223,105777,15,,Grigor Dimitrov,R,188,BUL,25.6728268309,15,2135,105676,11,,David Goffin,R,163,BEL,26.1108829569,11,2750,6-3 6-2 6-4,5,QF,132,8,4,96,61,46,15,14,8,10,6,3,94,44,30,19,13,9,15,,,,,,,,,,,,,,,,,,,,
2017-580,Australian Open,Hard,128,G,20170116,224,103819,17,,Roger Federer,R,185,SUI,35.4414784394,17,1980,104527,4,,Stanislas Wawrinka,R,183,SUI,31.8056125941,4,5155,7-5 6-3 1-6 4-6 6-3,5,SF,184,11,3,143,86,62,33,24,8,12,10,2,135,89,56,32,23,5,9,,,,,,,,,,,,,,,,,,,,
2017-580,Australian Open,Hard,128,G,20170116,225,104745,9,,Rafael Nadal,L,185,ESP,30.6228610541,9,3195,105777,15,,Grigor Dimitrov,R,188,BUL,25.6728268309,15,2135,6-3 5-7 7-6(5) 6-7(4) 6-4,5,SF,296,8,3,184,135,93,27,28,12,16,20,5,181,124,87,28,27,8,13,,,,,,,,,,,,,,,,,,,,
2017-580,Australian Open,Hard,128,G,20170116,226,103819,17,,Roger Federer,R,185,SUI,35.4414784394,17,1980,104745,9,,Rafael Nadal,L,185,ESP,30.6228610541,9,3195,6-4 3-6 6-1 3-6 6-3,5,F,217,20,3,138,85,65,26,22,13,17,4,3,151,110,69,23,22,14,20,,,,,,,,,,,,,,,,,,,,
2017-M-DC-2017-G1-AM-M-DOM-CHI-01,Davis Cup G1 R1: DOM vs CHI,Hard,4,D,20170203,1,111797,,,Nicolas Jarry,R,,CHI,21.3059548255,312,157,105497,,,Jose Hernandez,U,,DOM,26.8856947296,263,195,6-3 7-5 6-2,3,RR,107,10,0,84,52,39,21,15,2,3,1,2,77,49,28,16,14,3,8,,,,,,,,,,,,,,,,,,,,
2017-M-DC-2017-G1-AM-M-DOM-CHI-01,Davis Cup G1 R1: DOM vs CHI,Hard,4,D,20170203,2,106426,,,Christian Garin,R,,CHI,20.6707734428,189,295,106232,,,Roberto Cid,R,,DOM,23.4195756331,507,72,5-7 6-1 6-2 6-2,5,RR,163,6,4,105,61,43,23,18,2,6,2,14,121,64,38,21,17,8,18,,,,,,,,,,,,,,,,,,,,
2017-M-DC-2017-G1-AM-M-DOM-CHI-01,Davis Cup G1 R1: DOM vs CHI,Hard,4,D,20170203,4,144642,,,Marcelo Tomas Barrios Vera,U,,CHI,19.1403148528,454,86,144773,,,Jose Olivares,,,DOM,20.0602327173,722,31,7-6(8) 7-6(2),3,RR,105,2,4,77,50,40,19,12,2,3,6,5,90,54,42,17,12,4,5,,,,,,,,,,,,,,,,,,,,
2017-M-DC-2017-G1-AM-M-DOM-CHI-01,Davis Cup G1 R1: DOM vs CHI,Hard,4,D,20170203,5,111797,,,Nicolas Jarry,R,,CHI,21.3059548255,312,157,200572,,,Nick Hardt,U,,DOM,16.3613963039,1772,1,6-3 6-3,3,RR,,8,0,48,25,23,12,9,0,1,3,3,57,32,16,12,9,2,6,,,,,,,,,,,,,,,,,,,,
2017-M-DC-2017-G1-AM-M-PER-ECU-01,Davis Cup G1 R1: PER vs ECU,Clay,4,D,20170203,1,105877,,,Emilio Gomez,R,,ECU,25.1745379877,293,172,122669,,,Juan Pablo Varillas Patino Samudio,R,,PER,21.3196440794,633,45,6-3 6-0 6-7(5) 2-6 6-3,5,RR,214,13,7,149,92,68,28,22,7,10,4,5,147,84,54,33,22,6,12,,,,,,,,,,,,,,,,,,,,
2017-M-DC-2017-G1-AM-M-PER-ECU-01,Davis Cup G1 R1: PER vs ECU,Clay,4,D,20170203,2,105933,,,Roberto Quiroz,L,,ECU,24.9363449692,289,176,105273,,,Mauricio Echazu,R,,PER,28.0246406571,844,19,5-7 6-4 6-1 6-3,5,RR,164,11,5,113,68,49,26,19,4,6,1,4,109,83,53,11,19,2,8,,,,,,,,,,,,,,,,,,,,
2017-M-DC-2017-G1-AM-M-PER-ECU-01,Davis Cup G1 R1: PER vs ECU,Clay,4,D,20170203,4,105933,,,Roberto Quiroz,L,,ECU,24.9363449692,289,176,122669,,,Juan Pablo Varillas Patino Samudio,R,,PER,21.3196440794,633,45,6-4 7-6(6),3,RR,90,6,2,61,35,34,16,11,0,0,2,4,81,45,34,19,11,4,5,,,,,,,,,,,,,,,,,,,,
2017-M-DC-2017-G1-AM-M-PER-ECU-01,Davis Cup G1 R1: PER vs ECU,Clay,4,D,20170203,5,105271,,,Gonzalo Escobar,L,,ECU,28.0273785079,508,72,122635,,,Alexander Merino,L,,PER,24.4161533196,1340,4,6-3 6-0,3,RR,46,2,2,37,23,20,12,8,0,0,2,3,43,24,14,6,7,3,7,,,,,,,,,,,,,,,,,,,,
2017-M-DC-2017-G1-AO-M-NZL-IND-01,Davis Cup G1 R1: NZL vs IND,Hard,4,D,20170203,1,106026,,,Yuki Bhambri,R,183,IND,24.5749486653,368,121,110686,,,Finn Tearney,R,,NZL,26.3436002738,414,102,6-4 6-4 6-3,5,RR,,5,5,79,53,37,14,15,3,6,3,6,105,58,32,22,14,10,17,,,,,,,,,,,,,,,,,,,,
2017-M-DC-2017-G1-AO-M-NZL-IND-01,Davis Cup G1 R1: NZL vs IND,Hard,4,D,20170203,2,106368,,,Ramkumar Ramanathan,R,,IND,22.2286105407,276,186,104907,,,Jose Rubin Statham,R,183,NZL,29.7686516085,417,100,6-3 6-4 6-3,5,RR,112,15,8,84,44,37,23,14,3,3,3,1,83,53,37,15,14,2,6,,,,,,,,,,,,,,,,,,,,
2017-M-DC-2017-G1-AO-M-NZL-IND-01,Davis Cup G1 R1: NZL vs IND,Hard,4,D,20170203,4,106368,,,Ramkumar Ramanathan,R,,IND,22.2286105407,276,186,110686,,,Finn Tearney,R,,NZL,26.3436002738,414,102,7-5 6-1 6-0,5,RR,,,,,,,,,,,,,,,,,,,,,,,,,,,,,,,,,,,,,,,
2017-M-DC-2017-G1-AO-M-NZL-IND-01,Davis Cup G1 R1: NZL vs IND,Hard,4,D,20170203,5,106026,,,Yuki Bhambri,R,183,IND,24.5749486653,368,121,104907,,,Jose Rubin Statham,R,183,NZL,29.7686516085,417,100,7-5 3-6 6-4,3,RR,,,,,,,,,,,,,,,,,,,,,,,,,,,,,,,,,,,,,,,
2017-M-DC-2017-G1-AO-M-UZB-KOR-01,Davis Cup G1 R1: UZB vs KOR,Hard,4,D,20170203,1,111202,,,Hyeon Chung,R,,KOR,20.7008898015,73,698,122109,,,Sanjar Fayziev,U,,UZB,22.507871321,367,123,6-4 6-4 6-7(5) 4-6 6-0,5,RR,208,15,13,150,102,80,21,24,4,7,13,7,167,98,67,32,24,4,11,,,,,,,,,,,,,,,,,,,,
2017-M-DC-2017-G1-AO-M-UZB-KOR-01,Davis Cup G1 R1: UZB vs KOR,Hard,4,D,20170203,2,104797,,,Denis Istomin,R,188,UZB,30.3983572895,80,668,117353,,,Duck Hee Lee,R,,KOR,18.674880219,139,431,4-6 6-2 7-6(0) 6-4,5,RR,165,17,4,120,73,59,28,20,7,9,3,6,138,69,49,32,20,4,8,,,,,,,,,,,,,,,,,,,,
2017-M-DC-2017-G1-AO-M-UZB-KOR-01,Davis Cup G1 R1: UZB vs KOR,Hard,4,D,20170203,4,104797,,,Denis Istomin,R,188,UZB,30.3983572895,80,668,126952,,,Soon Woo Kwon,R,,KOR,19.1622176591,308,162,3-6 7-6(5) 6-2 7-6(12),5,RR,196,11,2,154,98,67,30,21,10,14,8,6,149,86,61,33,20,6,10,,,,,,,,,,,,,,,,,,,,
2017-M-DC-2017-G1-EPA-M-ISR-POR-01,Davis Cup G1 R1: ISR vs POR,Clay,4,D,20170203,1,105311,,,Joao Sousa,R,,POR,27.8384668036,41,1055,200075,,,Yshai Oliel,L,,ISR,17.0704996578,928,14,6-1 6-1 6-2,5,RR,88,4,0,58,41,34,10,11,0,0,0,2,70,46,17,12,11,1,8,,,,,,,,,,,,,,,,,,,,
2017-M-DC-2017-G1-EPA-M-ISR-POR-01,Davis Cup G1 R1: ISR vs POR,Clay,4,D,20170203,2,105671,,,Gastao Elias,R,178,POR,26.1848049281,76,685,104534,,,Dudi Sela,R,175,ISR,31.8247775496,75,686,1-6 6-2 6-4 6-2,5,RR,146,3,1,93,49,38,25,17,4,7,1,3,113,80,48,14,16,7,13,,,,,,,,,,,,,,,,,,,,
2017-M-DC-2017-G1-EPA-M-ISR-POR-01,Davis Cup G1 R1: ISR vs POR,Clay,4,D,20170203,4,106393,,,Frederico Ferreira Silva,L,,POR,21.8726899384,363,127,131951,,,Daniel Cukierman,U,,ISR,21.5633127995,528,66,6-2 6-0,3,RR,57,3,0,38,22,17,13,7,1,1,1,5,46,30,15,5,7,2,7,,,,,,,,,,,,,,,,,,,,
2017-M-DC-2017-G1-EPA-M-ISR-POR-01,Davis Cup G1 R1: ISR vs POR,Clay,4,D,20170203,5,105155,,,Pedro Sousa,R,180,POR,28.6789869952,192,293,200075,,,Yshai Oliel,L,,ISR,17.0704996578,928,14,6-2 6-0,3,RR,44,1,0,40,34,23,4,7,2,3,0,1,41,29,14,1,7,7,13,,,,,,,,,,,,,,,,,,,,
2017-M-DC-2017-G1-EPA-M-POL-BIH-01,Davis Cup G1 R1: POL vs BIH,Hard,4,D,20170203,1,105806,,,Mirza Basic,R,,BIH,25.5550992471,212,256,111794,,,Kamil Majchrzak,R,,POL,21.0485968515,259,199,6-4 6-3 RET,3,RR,88,3,2,56,30,26,17,10,3,3,3,2,57,36,25,12,9,2,4,,,,,,,,,,,,,,,,,,,,
2017-M-DC-2017-G1-EPA-M-POL-BIH-01,Davis Cup G1 R1: POL vs BIH,Hard,4,D,20170203,2,106000,,,Damir Dzumhur,R,172,BIH,24.6981519507,82,659,128034,,,Hubert Hurkacz,R,,POL,19.9671457906,379,115,7-6(1) 7-5 7-5,5,RR,134,4,8,123,69,45,27,18,10,16,5,12,111,67,39,16,18,6,14,,,,,,,,,,,,,,,,,,,,
2017-M-DC-2017-G1-EPA-M-POL-BIH-01,Davis Cup G1 R1: POL vs BIH,Hard,4,D,20170203,4,106000,,,Damir Dzumhur,R,172,BIH,24.6981519507,82,659,111794,,,Kamil Majchrzak,R,,POL,21.0485968515,259,199,Walkover,3,RR,,,,,,,,,,,,,,,,,,,,,,,,,,,,,,,,,,,,,,,
2017-M-DC-2017-G1-EPA-M-POL-BIH-01,Davis Cup G1 R1: POL vs BIH,Hard,4,D,20170203,5,105493,,,Tomislav Brkic,R,,BIH,26.8966461328,418,100,128034,,,Hubert Hurkacz,R,,POL,19.9671457906,379,115,7-6(1) 4-6 7-5,3,RR,134,3,3,112,67,53,21,17,5,8,9,14,132,84,64,16,17,11,14,,,,,,,,,,,,,,,,,,,,
2017-M-DC-2017-G1-EPA-M-ROU-BLR-01,Davis Cup G1 R1: ROU vs BLR,Hard,4,D,20170203,1,104494,,,Adrian Ungur,R,178,ROU,32.0136892539,313,155,125802,,,Ilya Ivashka,R,,BLR,22.932238193,175,323,6-2 5-7 7-5 6-4,5,RR,183,5,3,143,101,67,24,21,8,11,14,6,125,70,53,20,21,2,8,,,,,,,,,,,,,,,,,,,,
2017-M-DC-2017-G1-EPA-M-ROU-BLR-01,Davis Cup G1 R1: ROU vs BLR,Hard,4,D,20170203,2,106078,,,Egor Gerasimov,R,,BLR,24.219028063,341,139,105657,,,Marius Copil,R,193,ROU,26.288843258,129,464,6-3 6-4 6-4,5,RR,101,14,6,80,57,50,11,15,0,0,9,1,86,55,40,13,14,4,7,,,,,,,,,,,,,,,,,,,,
2017-M-DC-2017-G1-EPA-M-ROU-BLR-01,Davis Cup G1 R1: ROU vs BLR,Hard,4,D,20170203,4,105657,,,Marius Copil,R,193,ROU,26.288843258,129,464,125802,,,Ilya Ivashka,R,,BLR,22.932238193,175,323,7-5 6-4 6-1,3,RR,122,13,2,85,43,39,24,15,1,1,7,5,90,50,35,18,14,5,9,,,,,,,,,,,,,,,,,,,,
2017-M-DC-2017-G1-EPA-M-ROU-BLR-01,Davis Cup G1 R1: ROU vs BLR,Hard,4,D,20170203,5,106078,,,Egor Gerasimov,R,,BLR,24.219028063,341,139,104494,,,Adrian Ungur,R,178,ROU,32.0136892539,313,155,7-6(5) 6-4 6-4,5,RR,137,15,3,107,67,50,22,16,8,10,2,1,107,63,39,23,16,7,11,,,,,,,,,,,,,,,,,,,,
2017-M-DC-2017-G1-EPA-M-SVK-HUN-01,Davis Cup G1 R2: SVK vs HUN,Hard,4,D,20170203,1,105373,,,Martin Klizan,L,190,SVK,27.5564681725,36,1230,105226,,,Attila Balazs,R,180,HUN,28.3422313484,284,179,6-1 6-2 3-6 6-4,5,RR,150,0,3,125,93,61,17,17,10,13,2,2,96,47,33,22,17,6,13,,,,,,,,,,,,,,,,,,,,
2017-M-DC-2017-G1-EPA-M-SVK-HUN-01,Davis Cup G1 R2: SVK vs HUN,Hard,4,D,20170203,2,105916,,,Marton Fucsovics,R,,HUN,24.977412731,159,361,106075,,,Jozef Kovalik,R,,SVK,24.2381930185,115,519,6-2 6-7(4) 6-3 6-4,5,RR,153,13,1,112,74,59,23,20,3,4,4,1,129,84,49,29,19,10,15,,,,,,,,,,,,,,,,,,,,
2017-M-DC-2017-G1-EPA-M-SVK-HUN-01,Davis Cup G1 R2: SVK vs HUN,Hard,4,D,20170203,4,105916,,,Marton Fucsovics,R,,HUN,24.977412731,159,361,105373,,,Martin Klizan,L,190,SVK,27.5564681725,36,1230,3-6 6-3 6-3 7-5,5,RR,154,18,4,105,75,62,14,20,5,7,7,5,143,107,76,10,19,12,17,,,,,,,,,,,,,,,,,,,,
2017-M-DC-2017-G2-AM-M-BAH-VEN-01,Davis Cup G2 R1: BAH vs VEN,Hard,4,D,20170203,1,106175,,,Ricardo Rodriguez,R,,VEN,23.7590691307,753,27,132040,,,Philip Wilbert Major,L,,BAH,20.9144421629,,,6-7(5) 6-1 6-1 6-1,5,RR,163,2,1,101,76,58,7,17,4,7,1,3,116,74,38,14,16,9,20,,,,,,,,,,,,,,,,,,,,
2017-M-DC-2017-G2-AM-M-BAH-VEN-01,Davis Cup G2 R1: BAH vs VEN,Hard,4,D,20170203,2,105334,,,Luis David Martinez,U,,VEN,27.7207392197,1231,5,106180,,,Spencer Newman,R,,USA,23.7371663244,,,7-5 6-0 7-6(5),5,RR,148,2,6,104,56,33,25,15,3,8,0,11,101,76,36,9,15,5,14,,,,,,,,,,,,,,,,,,,,
2017-M-DC-2017-G2-AM-M-BAH-VEN-01,Davis Cup G2 R1: BAH vs VEN,Hard,4,D,20170203,4,106175,,,Ricardo Rodriguez,R,,VEN,23.7590691307,753,27,132028,,,Justin Lunn,U,,BAH,25.620807666,,,6-0 6-2,3,RR,66,2,1,38,24,19,10,7,2,2,1,1,48,25,15,6,7,3,8,,,,,,,,,,,,,,,,,,,,
2017-M-DC-2017-G2-AM-M-BAH-VEN-01,Davis Cup G2 R1: BAH vs VEN,Hard,4,D,20170203,5,105467,,,Jordi Munoz Abreu,U,,VEN,27.0362765229,1259,5,132040,,,Philip Wilbert Major,L,,BAH,20.9144421629,,,6-7(8) 6-4 6-3,3,RR,167,1,7,101,64,45,21,16,6,8,6,3,115,73,49,17,15,6,11,,,,,,,,,,,,,,,,,,,,
2017-M-DC-2017-G2-AM-M-BAR-PAR-01,Davis Cup G2 R1: BAR vs PAR,Clay,4,D,20170203,1,137018,,,Ayed Zatar,R,,PAR,20.8405201916,,,104656,,,Haydn Lewis,L,,BAR,31.0773442847,,,7-6(5) 7-5 6-2,5,RR,150,6,2,105,59,43,24,16,4,7,5,12,109,58,43,18,16,7,13,,,,,,,,,,,,,,,,,,,,
2017-M-DC-2017-G2-AM-M-BAR-PAR-01,Davis Cup G2 R1: BAR vs PAR,Clay,4,D,20170203,2,105985,,,Darian King,R,,BAR,24.7638603696,142,426,200621,,,Bruno Britez,,,PAR,18.6913073238,,,6-2 6-3 6-3,3,RR,134,5,3,81,53,39,15,13,6,8,1,3,87,68,38,6,13,16,23,,,,,,,,,,,,,,,,,,,,
2017-M-DC-2017-G2-AM-M-BAR-PAR-01,Davis Cup G2 R1: BAR vs PAR,Clay,4,D,20170203,4,105985,,,Darian King,R,,BAR,24.7638603696,142,426,137018,,,Ayed Zatar,R,,PAR,20.8405201916,,,7-6(2) 6-1 6-1,3,RR,97,1,1,82,51,36,22,13,2,3,2,3,89,56,32,13,13,3,9,,,,,,,,,,,,,,,,,,,,
2017-M-DC-2017-G2-AM-M-BAR-PAR-01,Davis Cup G2 R1: BAR vs PAR,Clay,4,D,20170203,5,200621,,,Bruno Britez,,,PAR,18.6913073238,,,108786,,,Seanon Williams,R,,BAR,25.9712525667,,,6-3 6-2,3,RR,67,5,3,53,41,32,7,9,3,3,1,4,48,33,22,7,8,4,7,,,,,,,,,,,,,,,,,,,,
2017-M-DC-2017-G2-AM-M-BOL-ESA-01,Davis Cup G2 R1: BOL vs ESA,Hard,4,D,20170203,1,105156,,,Federico Zeballos,U,,BOL,28.6707734428,509,72,108763,,,Alberto Emmanuel Alvarado Larin,U,,ESA,22.1656399726,,,6-4 6-2 6-3,3,RR,115,1,5,89,49,28,24,14,5,10,1,3,94,70,30,10,13,5,15,,,,,,,,,,,,,,,,,,,,
2017-M-DC-2017-G2-AM-M-BOL-ESA-01,Davis Cup G2 R1: BOL vs ESA,Hard,4,D,20170203,2,105656,,,Marcelo Arevalo,R,,ESA,26.288843258,181,315,106198,,,Hugo Dellien,R,,BOL,23.6249144422,743,28,6-2 6-4 7-5,5,RR,134,9,7,105,62,42,21,15,8,11,1,2,118,93,50,13,15,7,14,,,,,,,,,,,,,,,,,,,,
2017-M-DC-2017-G2-AM-M-BOL-ESA-01,Davis Cup G2 R1: BOL vs ESA,Hard,4,D,20170203,4,105656,,,Marcelo Arevalo,R,,ESA,26.288843258,181,315,105156,,,Federico Zeballos,U,,BOL,28.6707734428,509,72,6-3 6-3 6-1,5,RR,,,,,,,,,,,,,,,,,,,,,,,,,,,,,,,,,,,,,,,
2017-M-DC-2017-G2-AM-M-BOL-ESA-01,Davis Cup G2 R1: BOL vs ESA,Hard,4,D,20170203,5,123965,,,Rodrigo Banzer,R,,BOL,20.0027378508,,,108763,,,Alberto Emmanuel Alvarado Larin,U,,ESA,22.1656399726,,,6-2 6-0,3,RR,,,,,,,,,,,,,,,,,,,,,,,,,,,,,,,,,,,,,,,
2017-M-DC-2017-G2-AM-M-MEX-GUA-01,Davis Cup G2 R1: MEX vs GUA,Hard,4,D,20170203,1,108739,,,Wilfredo Gonzalez,R,,GUA,24.0657084189,1019,11,106250,,,Luis Patino,R,,MEX,23.318275154,730,30,6-4 6-2 6-4,5,RR,131,10,10,93,57,43,15,14,9,12,1,9,93,51,28,19,14,10,17,,,,,,,,,,,,,,,,,,,,
2017-M-DC-2017-G2-AM-M-MEX-GUA-01,Davis Cup G2 R1: MEX vs GUA,Hard,4,D,20170203,2,105688,,,Manuel Sanchez,R,,MEX,26.0698151951,790,23,105499,,,Christopher Diaz Figueroa,R,,GUA,26.8829568789,677,38,6-2 6-2 7-6(2),3,RR,134,4,6,90,51,39,23,14,8,10,4,10,107,48,29,28,14,15,21,,,,,,,,,,,,,,,,,,,,
2017-M-DC-2017-G2-AM-M-MEX-GUA-01,Davis Cup G2 R1: MEX vs GUA,Hard,4,D,20170203,4,105499,,,Christopher Diaz Figueroa,R,,GUA,26.8829568789,677,38,126204,,,Gerardo Lopez Villasenor,U,,MEX,,1772,1,6-7(5) 6-4 7-5 6-2,5,RR,200,6,10,147,84,65,32,21,10,12,10,11,142,73,48,36,21,8,14,,,,,,,,,,,,,,,,,,,,
2017-M-DC-2017-G2-AO-M-INA-PHI-01,Davis Cup G2 R1: INA vs PHI,Clay,4,D,20170203,1,105812,,,David Agung Susanto,U,,INA,25.53045859,740,29,202165,,,Alberto Lim,R,,PHI,17.7056810404,,,3-6 2-6 6-2 6-1 1-1 RET,3,RR,187,4,5,111,86,56,11,17,7,12,3,3,97,57,33,24,17,2,8,,,,,,,,,,,,,,,,,,,,
2017-M-DC-2017-G2-AO-M-INA-PHI-01,Davis Cup G2 R1: INA vs PHI,Clay,4,D,20170203,2,104604,,,Ruben Gonzales,R,,PHI,31.3867214237,925,14,105177,,,Aditya Hari Sasongko,U,,INA,28.5749486653,1568,2,6-2 6-2 6-4,5,RR,115,2,4,76,54,40,14,13,3,4,3,3,79,53,32,10,13,8,14,,,,,,,,,,,,,,,,,,,,
2017-M-DC-2017-G2-AO-M-INA-PHI-01,Davis Cup G2 R1: INA vs PHI,Clay,4,D,20170203,4,104604,,,Ruben Gonzales,R,,PHI,31.3867214237,925,14,105812,,,David Agung Susanto,U,,INA,25.53045859,740,29,6-2 6-3 6-4,5,RR,122,9,2,86,58,41,19,14,4,5,2,5,91,64,36,12,13,8,13,,,,,,,,,,,,,,,,,,,,
2017-M-DC-2017-G2-AO-M-INA-PHI-01,Davis Cup G2 R1: INA vs PHI,Clay,4,D,20170203,5,202165,,,Alberto Lim,R,,PHI,17.7056810404,,,200045,,,Anthony Susanto,U,,INA,19.6906228611,2031,1,7-5 6-3,3,RR,86,2,5,70,46,29,10,11,6,9,3,6,71,36,21,13,10,3,9,,,,,,,,,,,,,,,,,,,,
2017-M-DC-2017-G2-AO-M-KUW-THA-01,Davis Cup G2 R1: KUW vs THA,Hard,4,D,20170203,1,127143,,,Jirat Navasirisomboon,R,,THA,20.2026009582,997,12,104895,,,Abdullah Maqdas,U,,KUW,29.8370978782,1298,4,6-2 6-4 6-7(4) 6-4,5,RR,163,1,5,121,84,60,21,20,8,11,2,3,141,107,65,14,20,4,11,,,,,,,,,,,,,,,,,,,,
2017-M-DC-2017-G2-AO-M-KUW-THA-01,Davis Cup G2 R1: KUW vs THA,Hard,4,D,20170203,2,103600,,,Mohammad Ghareeb,R,,KUW,36.5256673511,,,106397,,,Wishaya Trongcharoenchaikul,R,,THA,21.8151950719,773,25,6-4 3-6 6-3 6-7(3) 6-0,5,RR,188,7,0,142,103,72,28,23,4,5,9,12,147,73,54,38,23,7,12,,,,,,,,,,,,,,,,,,,,
2017-M-DC-2017-G2-AO-M-KUW-THA-01,Davis Cup G2 R1: KUW vs THA,Hard,4,D,20170203,4,106397,,,Wishaya Trongcharoenchaikul,R,,THA,21.8151950719,773,25,104895,,,Abdullah Maqdas,U,,KUW,29.8370978782,1298,4,6-4 6-2 5-7 4-6 7-6(3),5,RR,220,7,15,189,116,72,42,26,15,21,3,1,175,140,84,19,26,15,22,,,,,,,,,,,,,,,,,,,,
2017-M-DC-2017-G2-AO-M-PAK-IRI-01,Davis Cup G2 R1: PAK vs IRI,Hard,4,D,20170203,1,103499,,,Aqeel Khan,R,,PAK,37.0020533881,,,105566,,,Shahin Khaledan,R,,IRI,26.6502395619,1995,1,7-6(1) 6-4 6-2,5,RR,131,3,6,92,57,48,19,15,6,7,1,5,87,55,36,16,15,1,5,,,,,,,,,,,,,,,,,,,,
2017-M-DC-2017-G2-AO-M-PAK-IRI-01,Davis Cup G2 R1: PAK vs IRI,Hard,4,D,20170203,2,103529,,,Aisam Ul Haq Qureshi,R,183,PAK,36.8733744011,,,103875,,,Anoosha Shahgholi,U,,IRI,35.2224503765,1865,1,6-1 6-2 6-2,5,RR,78,22,5,64,34,31,19,12,1,1,1,2,76,59,33,5,11,7,13,,,,,,,,,,,,,,,,,,,,
2017-M-DC-2017-G2-AO-M-PAK-IRI-01,Davis Cup G2 R1: PAK vs IRI,Hard,4,D,20170203,4,106085,,,Hamid Reza Nadaf,R,,IRI,24.1971252567,,,120792,,,M Abid Ali Khan Akbar,U,,PAK,26.5270362765,1491,2,6-7(4) 6-4 6-3,3,RR,,,,,,,,,,,,,,,,,,,,,,,,,,,,,,,,,,,,,,,
2017-M-DC-2017-G2-AO-M-PAK-IRI-01,Davis Cup G2 R1: PAK vs IRI,Hard,4,D,20170203,5,105566,,,Shahin Khaledan,R,,IRI,26.6502395619,1995,1,108782,,,Mahammad Abid,U,,PAK,22.6611909651,,,7-6(8) 6-3,3,RR,,,,,,,,,,,,,,,,,,,,,,,,,,,,,,,,,,,,,,,
2017-M-DC-2017-G2-AO-M-VIE-HKG-01,Davis Cup G2 R1: VIE vs HKG,Hard,4,D,20170203,1,138846,,,Hong Kit Jack Wong,U,,HKG,18.4202600958,911,15,106392,,,Thien Nguyen Hoang,R,,VIE,21.8891170431,1443,3,6-7(4) 7-5 6-3 3-6 6-0,5,RR,206,9,8,136,90,60,26,24,3,10,2,7,161,94,56,31,24,12,22,,,,,,,,,,,,,,,,,,,,
2017-M-DC-2017-G2-AO-M-VIE-HKG-01,Davis Cup G2 R1: VIE vs HKG,Hard,4,D,20170203,2,122533,,,Nam Hoang Ly,R,,VIE,19.9288158795,635,44,124023,,,Hei Yin Andrew Li,R,,HKG,19.8439425051,1511,2,6-1 6-2 6-4,5,RR,117,6,1,75,45,34,22,13,5,6,1,5,98,55,28,21,12,9,15,,,,,,,,,,,,,,,,,,,,
2017-M-DC-2017-G2-AO-M-VIE-HKG-01,Davis Cup G2 R1: VIE vs HKG,Hard,4,D,20170203,4,122533,,,Nam Hoang Ly,R,,VIE,19.9288158795,635,44,138846,,,Hong Kit Jack Wong,U,,HKG,18.4202600958,911,15,6-3 7-6(8) 6-4,5,RR,150,2,4,100,68,40,17,16,1,6,0,3,108,69,34,18,15,2,10,,,,,,,,,,,,,,,,,,,,
2017-M-DC-2017-G2-AO-M-VIE-HKG-01,Davis Cup G2 R1: VIE vs HKG,Hard,4,D,20170203,5,104816,,,Karan Rastogi,R,178,IND,30.3134839151,1511,2,106392,,,Thien Nguyen Hoang,R,,VIE,21.8891170431,1443,3,6-7(4) 6-1 6-2 6-1,5,RR,,0,3,101,74,53,18,17,4,5,8,6,123,63,43,19,17,9,17,,,,,,,,,,,,,,,,,,,,
2017-M-DC-2017-G2-EPA-M-EST-RSA-01,Davis Cup G2 R1: EST vs RSA,Hard,4,D,20170203,1,105707,,,Nicolaas Scholtz,R,,RSA,25.9849418207,517,70,105132,,,Jurgen Zopp,R,190,EST,28.8405201916,317,153,4-6 6-4 6-3 RET,3,RR,116,21,2,90,59,44,20,15,8,9,8,6,82,49,38,18,14,1,3,,,,,,,,,,,,,,,,,,,,
2017-M-DC-2017-G2-EPA-M-EST-RSA-01,Davis Cup G2 R1: EST vs RSA,Hard,4,D,20170203,2,144750,,,Lloyd George Muirhead Harris,R,,RSA,19.9315537303,288,176,104901,,,Vladimir Ivanov,R,,EST,29.8097193703,442,90,6-4 6-3 6-2,5,RR,114,11,3,74,40,33,24,14,0,0,8,6,89,51,36,14,13,11,15,,,,,,,,,,,,,,,,,,,,
2017-M-DC-2017-G2-EPA-M-EST-RSA-01,Davis Cup G2 R1: EST vs RSA,Hard,4,D,20170203,4,144750,,,Lloyd George Muirhead Harris,R,,RSA,19.9315537303,288,176,144940,,,Mattias Siimar,U,,EST,18.9897330595,1511,2,7-5 6-3,3,RR,76,9,0,53,31,28,13,11,0,0,2,2,72,34,25,19,10,6,9,,,,,,,,,,,,,,,,,,,,
2017-M-DC-2017-G2-EPA-M-EST-RSA-01,Davis Cup G2 R1: EST vs RSA,Hard,4,D,20170203,5,104901,,,Vladimir Ivanov,R,,EST,29.8097193703,442,90,105707,,,Nicolaas Scholtz,R,,RSA,25.9849418207,517,70,7-6(3) 6-3,3,RR,89,3,2,65,37,33,18,11,0,0,16,5,76,37,29,18,10,4,5,,,,,,,,,,,,,,,,,,,,
2017-M-DC-2017-G2-EPA-M-FIN-GEO-01,Davis Cup G2 R1: FIN vs GEO,Carpet,4,D,20170203,1,105932,,,Nikoloz Basilashvili,R,,RUS,24.9363449692,89,630,144814,,,Eero Vasa,U,,FIN,,1112,8,2-6 6-1 6-4 6-1,5,RR,117,2,6,108,60,41,24,16,8,12,3,7,116,74,40,18,16,10,18,,,,,,,,,,,,,,,,,,,,
2017-M-DC-2017-G2-EPA-M-FIN-GEO-01,Davis Cup G2 R1: FIN vs GEO,Carpet,4,D,20170203,2,105349,,,Harri Heliovaara,R,,FIN,27.6577686516,,,106106,,,George Tsivadze,U,,GEO,24.076659822,819,21,7-5 6-2 6-1,3,RR,112,4,4,111,67,49,22,14,8,9,0,5,79,48,28,8,13,3,9,,,,,,,,,,,,,,,,,,,,
2017-M-DC-2017-G2-EPA-M-FIN-GEO-01,Davis Cup G2 R1: FIN vs GEO,Carpet,4,D,20170203,4,105932,,,Nikoloz Basilashvili,R,,RUS,24.9363449692,89,630,200325,,,Emil Ruusuvuori,R,,FIN,17.8316221766,1511,2,6-2 6-4 6-4,5,RR,110,1,5,91,53,39,22,14,7,9,1,3,93,54,31,17,14,6,12,,,,,,,,,,,,,,,,,,,,
2017-M-DC-2017-G2-EPA-M-LTU-MAD-01,Davis Cup G2 R1: LTU vs MAD,Hard,4,D,20170203,1,105827,,,Laurynas Grigelis,R,183,LTU,25.4647501711,267,192,145003,,,Lucas Andriamasilalao,R,,MAD,19.6057494867,,,6-1 6-2 6-4,5,RR,82,15,0,70,53,45,10,13,2,2,1,1,77,51,27,13,12,5,10,,,,,,,,,,,,,,,,,,,,
2017-M-DC-2017-G2-EPA-M-LTU-MAD-01,Davis Cup G2 R1: LTU vs MAD,Hard,4,D,20170203,2,105182,,,Antso Rakotondramanga,U,,MAD,28.5393566051,,,126689,,,Tadas Babelis,U,,LTU,19.9288158795,1345,4,6-4 6-4 6-3,3,RR,97,11,1,78,51,40,17,15,0,0,3,1,99,60,39,20,14,2,6,,,,,,,,,,,,,,,,,,,,
2017-M-DC-2017-G2-EPA-M-LTU-MAD-01,Davis Cup G2 R1: LTU vs MAD,Hard,4,D,20170203,4,105827,,,Laurynas Grigelis,R,183,LTU,25.4647501711,267,192,105182,,,Antso Rakotondramanga,U,,MAD,28.5393566051,,,6-4 7-6(6) 6-4,5,RR,116,14,1,103,73,60,16,16,3,3,12,4,119,71,50,25,16,3,5,,,,,,,,,,,,,,,,,,,,
2017-M-DC-2017-G2-EPA-M-LTU-MAD-01,Davis Cup G2 R1: LTU vs MAD,Hard,4,D,20170203,5,200272,,,Jean Jacques Rakotohasy,,,MAD,22.4394250513,,,202219,,,Tomas Vaise,U,,LTU,19.0253251198,,,6-3 4-6 6-2,3,RR,89,8,6,80,50,36,21,14,2,3,9,3,85,59,42,10,13,4,7,,,,,,,,,,,,,,,,,,,,
2017-M-DC-2017-G2-EPA-M-MAR-DEN-01,Davis Cup G2 R1: MAR vs DEN,Carpet,4,D,20170203,1,104233,,,Frederik Nielsen,R,190,DEN,33.4291581109,408,104,144760,,,Amine Ahouda,U,,MAR,19.3867214237,861,18,6-1 6-3 6-3,5,RR,80,2,2,63,34,30,22,13,0,0,1,3,76,43,28,14,12,3,8,,,,,,,,,,,,,,,,,,,,
2017-M-DC-2017-G2-EPA-M-MAR-DEN-01,Davis Cup G2 R1: MAR vs DEN,Carpet,4,D,20170203,2,105149,,,Reda El Amrani,R,185,MAR,28.7008898015,682,36,126526,,,Soren Hess Olesen,U,,DEN,26.0588637919,,,6-2 3-6 6-2 7-6(5),5,RR,146,8,7,122,72,56,23,19,6,9,4,4,132,82,54,24,18,9,15,,,,,,,,,,,,,,,,,,,,
2017-M-DC-2017-G2-EPA-M-MAR-DEN-01,Davis Cup G2 R1: MAR vs DEN,Carpet,4,D,20170203,4,104233,,,Frederik Nielsen,R,190,DEN,33.4291581109,408,104,105149,,,Reda El Amrani,R,185,MAR,28.7008898015,682,36,6-2 3-6 6-3 6-4,5,RR,127,12,5,118,76,55,25,18,7,8,8,10,111,61,46,23,18,4,8,,,,,,,,,,,,,,,,,,,,
2017-M-DC-2017-G2-EPA-M-MAR-DEN-01,Davis Cup G2 R1: MAR vs DEN,Carpet,4,D,20170203,5,126526,,,Soren Hess Olesen,U,,DEN,26.0588637919,,,105250,,,Mehdi Jdi,R,,MAR,28.1314168378,1252,5,3-6 6-0 6-0,3,RR,58,2,1,56,38,26,14,11,1,3,2,4,66,37,24,7,10,4,10,,,,,,,,,,,,,,,,,,,,
2017-M-DC-2017-G2-EPA-M-MON-SLO-01,Davis Cup G2 R1: MON vs SLO,Hard,4,D,20170203,1,104882,,,Blaz Kavcic,R,188,SLO,29.9082819986,171,334,200031,,,Lucas Catarina,R,,MON,20.4298425736,885,17,6-4 2-6 6-2 6-4,5,RR,164,2,8,107,63,40,19,18,12,19,6,8,110,53,32,23,18,11,20,,,,,,,,,,,,,,,,,,,,
2017-M-DC-2017-G2-EPA-M-MON-SLO-01,Davis Cup G2 R1: MON vs SLO,Hard,4,D,20170203,2,104813,,,Grega Zemlja,R,183,SLO,30.3381245722,151,397,106033,,,Romain Arneodo,R,,FRA,24.4900752909,954,13,6-3 6-4 6-7(5) 6-4,5,RR,175,21,3,115,55,45,42,21,2,4,8,4,160,94,66,28,20,17,22,,,,,,,,,,,,,,,,,,,,
2017-M-DC-2017-G2-EPA-M-MON-SLO-01,Davis Cup G2 R1: MON vs SLO,Hard,4,D,20170203,4,104813,,,Grega Zemlja,R,183,SLO,30.3381245722,151,397,200031,,,Lucas Catarina,R,,MON,20.4298425736,885,17,6-2 6-3 6-1,5,RR,101,9,3,64,31,28,20,12,0,1,0,9,87,45,25,16,12,6,13,,,,,,,,,,,,,,,,,,,,
2017-M-DC-2017-G2-EPA-M-MON-SLO-01,Davis Cup G2 R1: MON vs SLO,Hard,4,D,20170203,5,103531,,,Thomas Oger,U,,MON,36.8596851472,,,105798,,,Tilen Zitnik,U,,SLO,25.582477755,1654,1,1-6 6-4 6-2,3,RR,89,7,3,71,41,28,13,13,3,8,4,7,83,46,28,16,12,7,12,,,,,,,,,,,,,,,,,,,,
2017-M-DC-2017-G2-EPA-M-NOR-LAT-01,Davis Cup G2 R1: NOR vs LAT,Hard,4,D,20170203,1,134770,,,Casper Ruud,R,,NOR,18.1081451061,217,247,106342,,,Martins Podzus,R,,LAT,22.5900068446,860,18,6-3 6-1 7-5,3,RR,114,1,2,94,66,44,19,14,10,10,13,5,91,50,32,20,14,5,10,,,,,,,,,,,,,,,,,,,,
2017-M-DC-2017-G2-EPA-M-NOR-LAT-01,Davis Cup G2 R1: NOR vs LAT,Hard,4,D,20170203,2,126340,,,Viktor Durasovic,U,,NOR,19.8685831622,630,46,108761,,,Mikelis Libietis,U,,LAT,24.5612594114,380,115,6-7(5) 6-4 6-1 7-6(3),5,RR,185,8,5,162,106,78,29,21,10,11,18,5,149,90,62,30,20,12,17,,,,,,,,,,,,,,,,,,,,
2017-M-DC-2017-G2-EPA-M-NOR-LAT-01,Davis Cup G2 R1: NOR vs LAT,Hard,4,D,20170203,4,202382,,,Simen Sunde Bratholm,R,,NOR,17.9110198494,1376,3,144854,,,Rudolfs Mednis,U,,LAT,19.0308008214,1544,2,5-7 7-6(5) 7-6(6),3,RR,162,3,5,126,90,60,19,18,7,10,8,5,134,80,61,28,18,13,15,,,,,,,,,,,,,,,,,,,,
2017-M-DC-2017-G2-EPA-M-NOR-LAT-01,Davis Cup G2 R1: NOR vs LAT,Hard,4,D,20170203,5,126340,,,Viktor Durasovic,U,,NOR,19.8685831622,630,46,123915,,,Arturs Lazdins,R,,LAT,19.8110882957,1469,3,Walkover,3,RR,,,,,,,,,,,,,,,,,,,,,,,,,,,,,,,,,,,,,,,
2017-M-DC-2017-G2-EPA-M-SWE-TUN-01,Davis Cup G2 R1: SWE vs TUN,Hard,4,D,20170203,1,104291,,,Malek Jaziri,R,185,TUN,33.029431896,51,904,106035,,,Isak Arvidsson,R,,SWE,24.4845995893,569,57,6-4 7-5 6-2,5,RR,128,4,6,79,44,35,20,15,2,5,7,5,102,44,30,23,15,9,16,,,,,,,,,,,,,,,,,,,,
2017-M-DC-2017-G2-EPA-M-SWE-TUN-01,Davis Cup G2 R1: SWE vs TUN,Hard,4,D,20170203,2,105113,,,Patrik Rosenholm,R,,SWE,28.9062286105,531,65,202212,,,Mohamed Aziz Dougaz,L,,TUN,19.8494182067,,,7-6(4) 6-3 3-6 4-6 6-3,5,RR,220,3,1,151,93,75,34,25,5,7,4,6,173,107,77,34,24,10,12,,,,,,,,,,,,,,,,,,,,
2017-M-DC-2017-G2-EPA-M-SWE-TUN-01,Davis Cup G2 R1: SWE vs TUN,Hard,4,D,20170203,4,104291,,,Malek Jaziri,R,185,TUN,33.029431896,51,904,105113,,,Patrik Rosenholm,R,,SWE,28.9062286105,531,65,6-3 6-3 6-1,5,RR,124,6,6,85,43,32,27,13,7,8,6,6,102,55,32,19,12,14,20,,,,,,,,,,,,,,,,,,,,
2017-M-DC-2017-G2-EPA-M-SWE-TUN-01,Davis Cup G2 R1: SWE vs TUN,Hard,4,D,20170203,5,106035,,,Isak Arvidsson,R,,SWE,24.4845995893,569,57,202212,,,Mohamed Aziz Dougaz,L,,TUN,19.8494182067,,,6-7(7) 6-2 6-1 3-6 6-3,5,RR,251,11,11,153,86,62,36,23,8,12,5,16,174,108,67,29,22,20,29,,,,,,,,,,,,,,,,,,,,
2017-M-DC-2017-G2-EPA-M-TUR-CYP-01,Davis Cup G2 R1: TUR vs CYP,Hard,4,D,20170203,1,117356,,,Cem Ilkel,R,,TUR,21.4455852156,354,129,117365,,,Petros Chrysochos,R,,CYP,20.8131416838,1365,3,6-7(4) 3-6 6-3 6-0 6-4,5,RR,201,8,2,158,89,63,32,23,11,15,2,6,160,91,57,34,23,15,23,,,,,,,,,,,,,,,,,,,,
2017-M-DC-2017-G2-EPA-M-TUR-CYP-01,Davis Cup G2 R1: TUR vs CYP,Hard,4,D,20170203,2,104947,,,Marsel Ilhan,R,190,TUR,29.6399726215,238,219,144949,,,Menelaos Efstathiou,U,,CYP,17.916495551,1505,2,5-7 1-6 6-4 7-6(5) 6-4,5,RR,213,10,7,164,99,70,28,26,3,11,4,5,175,118,76,26,25,9,15,,,,,,,,,,,,,,,,,,,,
2017-M-DC-2017-G2-EPA-M-TUR-CYP-01,Davis Cup G2 R1: TUR vs CYP,Hard,4,D,20170203,4,104947,,,Marsel Ilhan,R,190,TUR,29.6399726215,238,219,117365,,,Petros Chrysochos,R,,CYP,20.8131416838,1365,3,5-7 7-5 7-6(2) 6-4,5,RR,181,14,4,146,82,61,26,23,10,16,3,4,129,79,58,21,23,2,9,,,,,,,,,,,,,,,,,,,,
2017-M-DC-2017-G2-EPA-M-TUR-CYP-01,Davis Cup G2 R1: TUR vs CYP,Hard,4,D,20170203,5,123795,,,Altug Celikbilek,U,,TUR,20.3969883641,532,65,123315,,,Nicholas Campbell,U,,AUS,46.0369609856,,,6-3 7-6(1),3,RR,71,8,1,59,32,27,17,11,0,1,0,4,70,34,20,20,10,3,5,,,,,,,,,,,,,,,,,,,,
2017-M-DC-2017-WG-M-ARG-ITA-01,Davis Cup WG R1: ARG vs ITA,Clay,4,D,20170203,1,103893,,,Paolo Lorenzi,R,183,ITA,35.1266255989,43,1042,105550,,,Guido Pella,L,,ARG,26.7077344285,84,650,6-3 6-3 6-3,3,RR,145,7,3,95,50,37,25,14,10,12,3,4,97,58,37,12,13,9,15,,,,,,,,,,,,,,,,,,,,
2017-M-DC-2017-WG-M-ARG-ITA-01,Davis Cup WG R1: ARG vs ITA,Clay,4,D,20170203,2,104312,,,Andreas Seppi,R,190,ITA,32.9418206708,68,725,104122,,,Carlos Berlocq,R,183,ARG,33.9904175222,81,668,6-1 6-2 1-6 7-6(6),5,RR,178,8,3,123,63,46,27,17,7,12,6,2,112,65,40,22,17,10,17,,,,,,,,,,,,,,,,,,,,
2017-M-DC-2017-WG-M-ARG-ITA-01,Davis Cup WG R1: ARG vs ITA,Clay,4,D,20170203,4,104122,,,Carlos Berlocq,R,183,ARG,33.9904175222,81,668,103893,,,Paolo Lorenzi,R,183,ITA,35.1266255989,43,1042,4-6 6-4 6-1 3-6 6-3,5,RR,254,4,2,140,89,60,31,23,7,11,6,3,147,89,63,24,22,9,15,,,,,,,,,,,,,,,,,,,,
2017-M-DC-2017-WG-M-ARG-ITA-01,Davis Cup WG R1: ARG vs ITA,Clay,4,D,20170203,5,104926,,,Fabio Fognini,R,178,ITA,29.6892539357,48,980,105550,,,Guido Pella,L,,ARG,26.7077344285,84,650,2-6 4-6 6-3 6-4 6-2,5,RR,255,8,8,154,93,68,31,23,13,17,5,4,167,111,70,30,22,17,22,,,,,,,,,,,,,,,,,,,,
2017-M-DC-2017-WG-M-BEL-GER-01,Davis Cup WG R1: BEL vs GER,Hard,4,D,20170203,1,104327,,,Steve Darcis,R,178,BEL,32.8843258042,58,787,104259,,,Philipp Kohlschreiber,R,178,GER,33.2922655715,29,1405,6-4 3-6 2-6 7-6(2) 7-6(5),5,RR,233,4,3,165,112,71,32,26,7,14,9,1,161,107,82,24,25,6,11,,,,,,,,,,,,,,,,,,,,
2017-M-DC-2017-WG-M-BEL-GER-01,Davis Cup WG R1: BEL vs GER,Hard,4,D,20170203,2,100644,,,Alexander Zverev,R,,GER,19.780971937,22,1735,105963,,,Arthur De Greef,R,,BEL,24.8459958932,143,421,6-3 6-3 6-4,5,RR,103,17,3,85,52,39,24,14,4,4,2,1,91,62,39,15,14,7,11,,,,,,,,,,,,,,,,,,,,
2017-M-DC-2017-WG-M-BEL-GER-01,Davis Cup WG R1: BEL vs GER,Hard,4,D,20170203,4,104327,,,Steve Darcis,R,178,BEL,32.8843258042,58,787,100644,,,Alexander Zverev,R,,GER,19.780971937,22,1735,2-6 6-4 6-4 7-6(8),5,RR,182,7,2,128,79,52,33,20,2,6,21,6,125,77,58,24,20,4,8,,,,,,,,,,,,,,,,,,,,
2017-M-DC-2017-WG-M-BEL-GER-01,Davis Cup WG R1: BEL vs GER,Hard,4,D,20170203,5,105074,,,Ruben Bemelmans,L,,BEL,29.0458590007,141,429,104999,,,Mischa Zverev,L,190,GER,29.4428473648,35,1238,7-5 6-1,3,RR,50,9,2,49,32,28,9,10,0,1,5,3,56,37,25,5,9,4,8,,,,,,,,,,,,,,,,,,,,
2017-M-DC-2017-WG-M-CAN-GBR-01,Davis Cup WG R1: CAN vs GBR,Hard,4,D,20170203,1,105554,,,Daniel Evans,R,175,GBR,26.6913073238,45,1031,133430,,,Denis Shapovalov,L,,CAN,17.7960301164,234,223,6-3 6-3 6-4,3,RR,110,3,5,88,57,48,15,14,2,2,13,4,87,41,31,21,14,4,8,,,,,,,,,,,,,,,,,,,,
2017-M-DC-2017-WG-M-CAN-GBR-01,Davis Cup WG R1: CAN vs GBR,Hard,4,D,20170203,2,105577,,,Vasek Pospisil,R,193,CAN,26.6064339493,133,438,106378,,,Kyle Edmund,R,,GBR,22.0616016427,47,988,6-4 6-1 7-6(3),5,RR,128,19,4,96,51,44,29,15,3,3,7,8,95,48,33,25,14,3,6,,,,,,,,,,,,,,,,,,,,
2017-M-DC-2017-WG-M-CAN-GBR-01,Davis Cup WG R1: CAN vs GBR,Hard,4,D,20170203,4,105577,,,Vasek Pospisil,R,193,CAN,26.6064339493,133,438,105554,,,Daniel Evans,R,175,GBR,26.6913073238,45,1031,7-6(3) 6-4 3-6 7-6(5),5,RR,203,25,4,152,93,72,24,22,9,14,7,2,151,92,67,25,21,5,10,,,,,,,,,,,,,,,,,,,,
2017-M-DC-2017-WG-M-CAN-GBR-01,Davis Cup WG R1: CAN vs GBR,Hard,4,D,20170203,5,106378,,,Kyle Edmund,R,,GBR,22.0616016427,47,988,133430,,,Denis Shapovalov,L,,CAN,17.7960301164,234,223,6-3 6-4 2-1 DEF,3,RR,78,8,3,59,29,25,21,11,0,0,2,4,58,30,21,17,11,2,5,,,,,,,,,,,,,,,,,,,,
2017-M-DC-2017-WG-M-CZE-AUS-01,Davis Cup WG R1: CZE vs AUS,Hard,4,D,20170203,1,111442,,,Jordan Thompson,R,,AUS,22.7816563997,65,744,106210,,,Jiri Vesely,L,,CZE,23.5592060233,54,873,6-3 6-3 6-4,5,RR,126,6,1,77,44,35,21,14,3,4,2,6,96,59,40,11,14,7,12,,,,,,,,,,,,,,,,,,,,
2017-M-DC-2017-WG-M-CZE-AUS-01,Davis Cup WG R1: CZE vs AUS,Hard,4,D,20170203,2,106401,,,Nick Kyrgios,R,,AUS,21.7631759069,15,2415,105596,,,Jan Satral,R,,CZE,26.5215605749,157,370,6-2 6-3 6-2,5,RR,95,21,4,81,51,39,19,13,3,3,13,5,84,44,31,15,12,9,14,,,,,,,,,,,,,,,,,,,,
2017-M-DC-2017-WG-M-CZE-AUS-01,Davis Cup WG R1: CZE vs AUS,Hard,4,D,20170203,4,106210,,,Jiri Vesely,L,,CZE,23.5592060233,54,873,105032,,,Samuel Groth,R,,AUS,29.2840520192,182,310,3-6 7-5 6-3,3,RR,107,9,5,89,59,45,16,15,1,3,12,8,87,46,36,20,15,2,5,,,,,,,,,,,,,,,,,,,,
2017-M-DC-2017-WG-M-CZE-AUS-01,Davis Cup WG R1: CZE vs AUS,Hard,4,D,20170203,5,111442,,,Jordan Thompson,R,,AUS,22.7816563997,65,744,105596,,,Jan Satral,R,,CZE,26.5215605749,157,370,7-6(5) 6-2,3,RR,91,8,3,60,41,31,8,10,2,4,4,6,75,36,27,13,10,3,7,,,,,,,,,,,,,,,,,,,,
2017-M-DC-2017-WG-M-ESP-CRO-01,Davis Cup WG R1: ESP vs CRO,Hard,4,D,20170203,1,105015,,,Franco Skugor,R,193,CRO,29.363449692,223,238,105807,,,Pablo Carreno Busta,R,,ESP,25.5550992471,26,1450,3-6 6-3 6-4 4-6 7-6(6),5,RR,243,7,3,168,103,72,37,25,6,10,5,4,159,101,80,26,25,9,13,,,,,,,,,,,,,,,,,,,,
2017-M-DC-2017-WG-M-ESP-CRO-01,Davis Cup WG R1: ESP vs CRO,Hard,4,D,20170203,2,105138,,,Roberto Bautista Agut,R,,ESP,28.7967145791,16,2350,105302,,,Ante Pavic,R,,CRO,27.9014373717,486,77,6-4 6-2 6-3,3,RR,124,5,2,91,47,33,28,14,5,6,7,7,90,47,35,17,13,12,17,,,,,,,,,,,,,,,,,,,,
2017-M-DC-2017-WG-M-ESP-CRO-01,Davis Cup WG R1: ESP vs CRO,Hard,4,D,20170203,4,105138,,,Roberto Bautista Agut,R,,ESP,28.7967145791,16,2350,105015,,,Franco Skugor,R,193,CRO,29.363449692,223,238,6-1 6-7(4) 6-3 7-6(6),5,RR,199,5,3,129,85,65,28,20,2,3,8,4,137,85,55,30,20,7,11,,,,,,,,,,,,,,,,,,,,
2017-M-DC-2017-WG-M-ESP-CRO-01,Davis Cup WG R1: ESP vs CRO,Hard,4,D,20170203,5,105807,,,Pablo Carreno Busta,R,,ESP,25.5550992471,26,1450,105254,,,Nikola Mektic,R,,CRO,28.1013004791,319,151,7-6(4) 6-1 6-4,3,RR,135,7,3,90,61,50,14,15,1,3,7,3,103,64,38,16,14,6,11,,,,,,,,,,,,,,,,,,,,
2017-M-DC-2017-WG-M-JPN-FRA-01,Davis Cup WG R1: JPN vs FRA,Hard,4,D,20170203,1,104755,,,Richard Gasquet,R,185,FRA,30.6201232033,18,1975,106121,,,Taro Daniel,R,,JPN,24.0082135524,114,522,6-2 6-3 6-2,3,RR,122,7,2,61,33,27,17,13,0,1,4,7,107,60,34,19,12,8,15,,,,,,,,,,,,,,,,,,,,
2017-M-DC-2017-WG-M-JPN-FRA-01,Davis Cup WG R1: JPN vs FRA,Hard,4,D,20170203,2,104468,,,Gilles Simon,R,183,FRA,32.0930869268,24,1495,106415,,,Yoshihito Nishioka,L,,JPN,21.3442847365,85,647,6-3 6-3 6-4,3,RR,119,4,6,81,41,27,23,14,3,6,0,2,86,50,28,15,14,4,11,,,,,,,,,,,,,,,,,,,,
2017-M-DC-2017-WG-M-JPN-FRA-01,Davis Cup WG R1: JPN vs FRA,Hard,4,D,20170203,4,103917,,,Nicolas Mahut,R,190,FRA,35.0253251198,42,1050,106415,,,Yoshihito Nishioka,L,,JPN,21.3442847365,85,647,6-1 1-1 RET,3,RR,33,3,3,28,17,15,5,5,0,0,1,0,22,10,9,3,4,0,2,,,,,,,,,,,,,,,,,,,,
2017-M-DC-2017-WG-M-JPN-FRA-01,Davis Cup WG R1: JPN vs FRA,Hard,4,D,20170203,5,106034,,,Yasutaka Uchiyama,R,,JPN,24.4873374401,230,227,105732,,,Pierre Hugues Herbert,R,,FRA,25.8726899384,101,600,6-4 6-4,3,RR,60,5,1,48,31,25,15,10,0,0,5,1,54,30,23,12,10,1,3,,,,,,,,,,,,,,,,,,,,
2017-M-DC-2017-WG-M-RUS-SRB-01,Davis Cup WG R1: RUS vs SRB,Hard,4,D,20170203,1,104678,,,Viktor Troicki,R,193,SRB,30.970568104,37,1225,111575,,,Karen Khachanov,R,,RUS,20.6954140999,52,904,6-4 6-7(3) 6-3 1-6 7-6(6),5,RR,270,11,9,188,120,86,27,25,11,15,27,6,213,124,89,37,25,18,22,,,,,,,,,,,,,,,,,,,,
2017-M-DC-2017-WG-M-RUS-SRB-01,Davis Cup WG R1: RUS vs SRB,Hard,4,D,20170203,2,104925,,,Novak Djokovic,R,188,SRB,29.6947296372,2,9825,106421,,,Daniil Medvedev,R,,RUS,20.9691991786,63,749,3-6 6-4 6-1 1-0 RET,3,RR,136,4,3,104,70,42,16,14,9,14,7,2,96,51,29,20,13,6,13,,,,,,,,,,,,,,,,,,,,
2017-M-DC-2017-WG-M-RUS-SRB-01,Davis Cup WG R1: RUS vs SRB,Hard,4,D,20170203,5,106421,,,Daniil Medvedev,R,,RUS,20.9691991786,63,749,102800,,,Nenad Zimonjic,R,190,SRB,40.6570841889,,,Walkover,3,RR,,,,,,,,,,,,,,,,,,,,,,,,,,,,,,,,,,,,,,,
2017-M-DC-2017-WG-M-SUI-USA-01,Davis Cup WG R1: SUI vs USA,Hard,4,D,20170203,1,106058,,,Jack Sock,R,185,USA,24.3504449008,20,1855,103843,,,Marco Chiudinelli,R,185,SUI,35.3894592745,146,414,6-4 6-3 6-1,5,RR,118,12,1,83,50,37,22,13,4,4,4,5,82,52,38,9,13,7,12,,,,,,,,,,,,,,,,,,,,
2017-M-DC-2017-WG-M-SUI-USA-01,Davis Cup WG R1: SUI vs USA,Hard,4,D,20170203,2,104545,,,John Isner,R,206,USA,31.7645448323,23,1715,105967,,,Henri Laaksonen,R,,SUI,24.8350444901,127,473,4-6 6-2 6-2 7-6(1),5,RR,164,28,0,139,90,68,25,19,8,9,7,9,113,76,53,17,19,7,11,,,,,,,,,,,,,,,,,,,,
2017-M-DC-2017-WG-M-SUI-USA-01,Davis Cup WG R1: SUI vs USA,Hard,4,D,20170203,4,105023,,,Sam Querrey,R,198,USA,29.3169062286,27,1435,104847,,,Adrien Bossel,L,,SUI,30.0917180014,485,78,6-3 7-5,3,RR,73,16,4,58,35,31,14,11,0,0,3,2,76,42,30,14,10,8,10,,,,,,,,,,,,,,,,,,,,
2017-M-DC-2017-WG-M-SUI-USA-01,Davis Cup WG R1: SUI vs USA,Hard,4,D,20170203,5,105449,,,Steve Johnson,R,188,USA,27.1019849418,31,1345,134472,,,Antoine Bellier,U,,SUI,20.2847364819,598,52,6-4 6-3,3,RR,60,5,0,46,34,26,9,10,3,4,1,2,54,27,15,15,9,2,6,,,,,,,,,,,,,,,,,,,,
