tourney_id,tourney_name,surface,draw_size,tourney_level,tourney_date,match_num,winner_id,winner_seed,winner_entry,winner_name,winner_hand,winner_ht,winner_ioc,winner_age,loser_id,loser_seed,loser_entry,loser_name,loser_hand,loser_ht,loser_ioc,loser_age,score,best_of,round,minutes,w_ace,w_df,w_svpt,w_1stIn,w_1stWon,w_2ndWon,w_SvGms,w_bpSaved,w_bpFaced,l_ace,l_df,l_svpt,l_1stIn,l_1stWon,l_2ndWon,l_SvGms,l_bpSaved,l_bpFaced,winner_rank,winner_rank_points,loser_rank,loser_rank_points
2022-8998,Adelaide 1,Hard,32,A,20220103,238,106121,6,,Taro Daniel,R,191,JPN,28.9336071184,106214,1,,Oscar Otte,R,,GER,28.4681724846,7-6(5) 6-2,3,Q2,92,12,4,78,45,37,13,10,3,4,5,5,61,37,29,9,10,1,4,125,584,101,747
2022-8998,Adelaide 1,Hard,32,A,20220103,237,208029,2,,Holger Rune,R,,DEN,18.6830937714,122669,8,,Juan Pablo Varillas,R,,PER,26.2450376454,6-2 6-3,3,Q2,77,4,3,46,24,20,17,9,0,0,2,1,50,27,17,12,8,3,6,103,740,129,567
2022-8998,Adelaide 1,Hard,32,A,20220103,236,106078,3,,Egor Gerasimov,R,196,BLR,29.144421629,105430,5,,Radu Albot,R,175,MDA,32.1451060917,6-3 0-6 6-2,3,Q2,108,7,2,89,53,37,18,12,7,10,2,4,68,44,31,10,11,1,4,113,665,123,587
2022-8998,Adelaide 1,Hard,32,A,20220103,235,202103,7,,Francisco Cerundolo,R,,ARG,23.3921971253,123755,4,,Daniel Elahi Galan,R,191,COL,25.5441478439,7-6(3) 7-6(5),3,Q2,127,2,5,89,63,42,11,12,2,5,0,2,100,64,39,16,12,4,7,127,582,120,618
2022-8998,Adelaide 1,Hard,32,A,20220103,234,106214,1,,Oscar Otte,R,,GER,28.4681724846,200514,,,Jurij Rodionov,L,,AUT,22.636550308,6-4 7-6(5),3,Q1,97,7,4,69,40,32,18,11,2,3,1,4,74,39,27,21,11,4,6,101,747,136,510
2022-8998,Adelaide 1,Hard,32,A,20220103,233,106121,6,,Taro Daniel,R,191,JPN,28.9336071184,210399,,WC,Edward Winter,U,,AUS,17.3004791239,6-4 6-4,3,Q1,81,6,3,57,37,30,13,10,3,3,8,2,62,39,25,15,10,2,4,125,584,1768,1
2022-8998,Adelaide 1,Hard,32,A,20220103,232,208029,2,,Holger Rune,R,,DEN,18.6830937714,106368,,,Ramkumar Ramanathan,R,188,IND,27.1540041068,6-4 7-6(7),3,Q1,85,6,3,72,44,37,17,11,2,2,10,5,70,42,34,14,11,1,2,103,740,184,360
2022-8998,Adelaide 1,Hard,32,A,20220103,231,122669,8,,Juan Pablo Varillas,R,,PER,26.2450376454,126125,,,Maxime Janvier,R,,FRA,25.2101300479,6-4 7-6(6),3,Q1,91,4,1,56,33,32,17,11,0,0,3,3,71,48,36,13,11,3,4,129,567,223,290
2022-8998,Adelaide 1,Hard,32,A,20220103,230,106078,3,,Egor Gerasimov,R,196,BLR,29.144421629,210439,,,Henry Lamchinniah,U,,AUS,16.9281314168,6-0 6-1,3,Q1,44,2,2,37,22,19,10,7,2,2,1,4,40,20,10,5,6,5,10,113,665,,
2022-8998,Adelaide 1,Hard,32,A,20220103,229,105430,5,,Radu Albot,R,175,MDA,32.1451060917,105441,,Alt,John Patrick Smith,L,,AUS,32.0821355236,6-7(6) 6-2 6-4,3,Q1,129,8,2,99,65,47,20,15,4,5,7,2,97,68,45,16,15,6,10,123,587,394,106
2022-8998,Adelaide 1,Hard,32,A,20220103,228,123755,4,,Daniel Elahi Galan,R,191,COL,25.5441478439,105051,,,Matthew Ebden,R,188,AUS,34.1054072553,5-7 7-5 6-3,3,Q1,145,18,1,118,70,53,21,16,8,11,8,6,108,74,52,13,17,8,13,120,618,237,266
2022-8998,Adelaide 1,Hard,32,A,20220103,227,202103,7,,Francisco Cerundolo,R,,ARG,23.3921971253,105349,,Alt,Harri Heliovaara,R,188,FIN,32.5831622177,6-4 6-2,3,Q1,67,3,3,55,37,29,9,9,1,2,3,2,53,32,19,9,9,4,8,127,582,1016,11
2022-9665,Melbourne,Hard,32,A,20220103,238,105575,6,,Ricardas Berankis,R,175,LTU,31.537303217,123795,,,Altug Celikbilek,U,,TUR,25.3223819302,5-7 6-2 6-1,3,Q2,117,6,2,93,48,38,22,13,9,11,3,2,91,49,32,19,14,6,12,104,739,162,428
2022-9665,Melbourne,Hard,32,A,20220103,237,208014,,WC,Rinky Hijikata,U,,AUS,20.8596851472,105967,2,,Henri Laaksonen,R,185,SUI,29.7604380561,4-6 7-6(8) 6-4,3,Q2,150,5,0,106,61,43,24,16,2,6,13,0,110,67,47,22,16,5,9,375,113,98,765
2022-9665,Melbourne,Hard,32,A,20220103,236,104312,5,,Andreas Seppi,R,190,ITA,37.8672142368,202104,3,,Sebastian Baez,R,,ARG,21.015742642,7-5 7-6(1),3,Q2,103,8,0,79,40,27,22,12,3,6,4,1,76,51,30,13,12,3,7,102,744,99,762
2022-9665,Melbourne,Hard,32,A,20220103,235,202195,8,,Maxime Cressy,R,198,USA,24.6570841889,131934,,,Andrea Vavassori,U,,ITA,26.6666666667,7-6(6) 7-6(10),3,Q2,116,9,4,86,60,47,13,12,2,4,6,6,89,52,38,20,12,3,5,112,683,267,221
2022-9665,Melbourne,Hard,32,A,20220103,234,123795,,,Altug Celikbilek,U,,TUR,25.3223819302,105613,,,Norbert Gombos,R,193,SVK,31.3921971253,6-4 6-4,3,Q1,80,5,2,63,35,23,16,10,3,5,3,6,71,46,30,8,10,5,9,162,428,118,624
2022-9665,Melbourne,Hard,32,A,20220103,233,105575,6,,Ricardas Berankis,R,175,LTU,31.537303217,144869,,,Tomas Martin Etcheverry,R,,ARG,22.4640657084,6-4 6-2,3,Q1,83,1,1,62,34,24,17,9,4,5,3,5,51,32,19,9,9,2,6,104,739,130,556
2022-9665,Melbourne,Hard,32,A,20220103,232,105967,2,,Henri Laaksonen,R,185,SUI,29.7604380561,106075,,,Jozef Kovalik,R,183,SVK,29.1635865845,6-4 6-2,3,Q1,,4,0,54,39,28,8,9,1,2,1,3,50,32,18,8,9,2,6,98,765,149,452
2022-9665,Melbourne,Hard,32,A,20220103,231,208014,,WC,Rinky Hijikata,U,,AUS,20.8596851472,106045,7,,Denis Kudla,R,180,USA,29.3798767967,6-1 7-5,3,Q1,82,4,2,63,36,25,17,10,2,3,1,1,53,35,18,9,9,3,7,375,113,105,733
2022-9665,Melbourne,Hard,32,A,20220103,230,202104,3,,Sebastian Baez,R,,ARG,21.015742642,117360,,WC,Marc Polmans,R,,AUS,24.6735112936,7-5 6-2,3,Q1,86,1,2,65,48,33,8,10,4,6,2,3,66,50,27,7,10,7,12,99,762,196,343
2022-9665,Melbourne,Hard,32,A,20220103,229,104312,5,,Andreas Seppi,R,190,ITA,37.8672142368,126523,,,Bernabe Zapata Miralles,R,,ESP,24.9746748802,6-4 7-6(3),3,Q1,96,5,1,73,44,32,13,11,5,9,4,1,70,43,26,11,11,0,5,102,744,124,586
2022-9665,Melbourne,Hard,32,A,20220103,228,131934,,,Andrea Vavassori,U,,ITA,26.6666666667,106298,,,Lucas Pouille,R,185,FRA,27.8603696099,6-7(3) 7-6(5) 6-3,3,Q1,145,11,7,112,62,49,29,16,7,7,5,8,112,53,41,33,17,5,7,267,221,155,440
2022-9665,Melbourne,Hard,32,A,20220103,227,202195,8,,Maxime Cressy,R,198,USA,24.6570841889,105311,,,Joao Sousa,R,185,POR,32.7638603696,6-2 6-3,3,Q1,74,11,10,66,41,30,12,9,8,9,3,6,41,24,14,5,8,1,5,112,683,140,500
2022-9667,Adelaide 2,Hard,32,A,20220110,238,144895,7,,Corentin Moutet,L,178,FRA,22.7296372348,106148,1,,Roberto Carballes Baena,R,183,ESP,28.8021902806,6-4 6-7(6) 6-1,3,Q2,148,7,4,96,72,55,12,15,5,6,3,3,94,56,39,21,14,4,8,115,643,76,837
2022-9667,Adelaide 2,Hard,32,A,20220110,237,106415,2,,Yoshihito Nishioka,L,170,JPN,26.288843258,106291,,Alt,Luke Saville,R,,AUS,27.9397672827,7-6(4) 6-7(0) 6-2,3,Q2,138,5,4,104,81,60,6,16,3,6,9,6,122,73,47,25,16,9,14,99,748,720,32
2022-9667,Adelaide 2,Hard,32,A,20220110,236,105449,3,,Steve Johnson,R,188,USA,32.0465434634,106329,5,,Thiago Monteiro,L,183,BRA,27.613963039,7-6(6) 6-4,3,Q2,93,20,4,64,40,37,13,11,3,3,14,2,75,46,38,14,11,2,3,84,807,83,809
2022-9667,Adelaide 2,Hard,32,A,20220110,235,106078,,Alt,Egor Gerasimov,R,196,BLR,29.1635865845,105714,,Alt,Hugo Nys,R,,MON,30.8993839836,6-2 6-3,3,Q2,54,4,1,48,30,23,11,8,4,5,3,3,60,33,19,11,9,4,9,106,712,692,35
2022-9667,Adelaide 2,Hard,32,A,20220110,234,106148,1,,Roberto Carballes Baena,R,183,ESP,28.8021902806,105441,,Alt,John Patrick Smith,L,,AUS,32.1013004791,6-3 6-4,3,Q1,82,0,3,52,31,24,8,9,1,4,4,3,62,39,22,7,10,2,8,76,837,396,106
2022-9667,Adelaide 2,Hard,32,A,20220110,233,144895,7,,Corentin Moutet,L,178,FRA,22.7296372348,208029,,,Holger Rune,R,,DEN,18.7022587269,7-5 6-3,3,Q1,105,0,3,63,38,27,17,10,1,1,4,6,71,45,29,12,11,1,4,115,643,102,742
2022-9667,Adelaide 2,Hard,32,A,20220110,232,106415,2,,Yoshihito Nishioka,L,170,JPN,26.288843258,132124,,WC,Aaron Addison,R,,AUS,26.1629021218,6-2 6-3,3,Q1,70,0,1,51,31,24,14,8,4,4,6,9,64,32,23,11,9,12,16,99,748,1252,6
2022-9667,Adelaide 2,Hard,32,A,20220110,231,106291,,Alt,Luke Saville,R,,AUS,27.9397672827,126573,,WC,Thomas Fancutt,R,,AUS,26.8747433265,6-4 6-4,3,Q1,76,1,3,58,32,27,17,10,1,1,6,1,58,31,21,16,10,3,5,720,32,665,39
2022-9667,Adelaide 2,Hard,32,A,20220110,230,105449,3,,Steve Johnson,R,188,USA,32.0465434634,106214,,,Oscar Otte,R,,GER,28.4873374401,4-6 7-6(5) 6-3,3,Q1,122,10,3,95,61,49,19,15,3,4,19,8,105,53,42,29,16,7,9,84,807,100,748
2022-9667,Adelaide 2,Hard,32,A,20220110,229,106329,5,,Thiago Monteiro,L,183,BRA,27.613963039,117358,,Alt,Harry Bourchier,R,,AUS,25.9630390144,7-6(6) 6-1,3,Q1,82,8,1,53,34,28,15,10,0,1,6,4,81,56,37,9,9,9,12,83,809,497,70
2022-9667,Adelaide 2,Hard,32,A,20220110,228,105714,,Alt,Hugo Nys,R,,MON,30.8993839836,125804,,Alt,Brandon Walkin,R,,AUS,27.4031485284,4-6 6-3 7-5,3,Q1,111,6,1,84,46,38,23,16,0,2,8,1,113,81,52,17,15,18,21,692,35,858,19
2022-9667,Adelaide 2,Hard,32,A,20220110,227,106078,,Alt,Egor Gerasimov,R,196,BLR,29.1635865845,207678,6,,Juan Manuel Cerundolo,L,,ARG,20.1533196441,6-4 5-7 7-5,3,Q1,141,6,3,103,71,55,18,17,4,5,3,2,100,71,49,20,17,5,7,106,712,81,818
2022-9663,Sydney,Hard,32,A,20220110,237,126340,,Alt,Viktor Durasovic,R,185,NOR,24.8131416838,105349,,Alt,Harri Heliovaara,R,188,FIN,32.6023271732,6-4 3-6 6-4,3,Q2,136,5,4,83,46,35,19,14,2,4,8,3,86,51,38,19,15,7,10,345,137,1017,11
2022-9663,Sydney,Hard,32,A,20220110,236,106331,,,Christopher Oconnell,R,183,AUS,27.6057494867,105882,2,,Stefano Travaglia,R,185,ITA,30.0643394935,6-3 6-4,3,Q2,82,4,1,59,37,27,13,10,5,6,3,2,49,20,16,14,9,1,4,173,386,86,807
2022-9663,Sydney,Hard,32,A,20220110,235,106210,3,,Jiri Vesely,L,198,CZE,28.5037645448,106045,8,,Denis Kudla,R,180,USA,29.3990417522,6-4 7-6(3),3,Q2,105,20,2,65,42,36,13,11,3,4,8,0,81,54,34,16,11,4,6,79,822,109,698
2022-9663,Sydney,Hard,32,A,20220110,234,202104,6,,Sebastian Baez,R,,ARG,21.0349075975,127157,4,,Daniel Altmaier,R,,GER,23.3292265572,7-6(4) 7-5,3,Q2,142,1,2,94,61,41,17,12,3,6,10,1,89,50,34,18,12,8,12,95,764,91,792
2022-9663,Sydney,Hard,32,A,20220110,233,105349,,Alt,Harri Heliovaara,R,188,FIN,32.6023271732,104907,,PR,Jose Rubin Statham,R,183,NZL,34.71321013,7-6(5) 7-6(11),3,Q1,151,14,0,89,60,43,15,12,1,3,9,5,95,64,46,15,12,4,6,1017,11,1085,9
2022-9663,Sydney,Hard,32,A,20220110,232,126340,,Alt,Viktor Durasovic,R,185,NOR,24.8131416838,104665,5,,Pablo Andujar,R,180,ESP,35.9644079398,7-6(3) 3-6 6-3,3,Q1,165,8,5,108,61,48,21,15,12,15,1,6,83,39,32,22,15,1,4,345,137,88,800
2022-9663,Sydney,Hard,32,A,20220110,231,105882,2,,Stefano Travaglia,R,185,ITA,30.0643394935,200039,,WC,Matthew Christopher Romios,U,,AUS,22.7871321013,7-5 6-1,3,Q1,86,4,2,69,37,26,22,10,5,5,1,5,58,28,16,16,9,0,3,86,807,747,30
2022-9663,Sydney,Hard,32,A,20220110,230,106331,,,Christopher Oconnell,R,183,AUS,27.6057494867,104312,7,,Andreas Seppi,R,190,ITA,37.8863791923,6-4 6-3,3,Q1,89,9,1,54,36,26,11,10,2,4,3,6,66,39,24,10,9,6,10,173,386,98,749
2022-9663,Sydney,Hard,32,A,20220110,229,106210,3,,Jiri Vesely,L,198,CZE,28.5037645448,106298,,,Lucas Pouille,R,185,FRA,27.8795345654,6-4 6-4,3,Q1,100,11,3,68,42,33,15,10,5,5,6,5,73,40,30,15,10,13,15,79,822,159,440
2022-9663,Sydney,Hard,32,A,20220110,228,106045,8,,Denis Kudla,R,180,USA,29.3990417522,111578,,,Stefan Kozlov,R,,USA,23.9397672827,4-6 7-6(7) 6-3,3,Q1,188,9,4,102,68,47,14,15,5,9,8,8,142,97,60,17,16,14,19,109,698,168,406
2022-9663,Sydney,Hard,32,A,20220110,227,127157,4,,Daniel Altmaier,R,,GER,23.3292265572,133018,,Alt,Michail Pervolarakis,R,,CYP,25.5961670089,6-4 6-1,3,Q1,66,2,0,42,33,28,5,8,0,0,4,4,52,30,19,9,9,1,5,91,792,366,120
2022-9663,Sydney,Hard,32,A,20220110,226,202104,6,,Sebastian Baez,R,,ARG,21.0349075975,207728,,WC,Moerani Bouzige,R,,AUS,22.4969199179,6-3 7-5,3,Q1,87,3,0,52,41,30,8,10,1,2,7,0,80,38,27,18,11,9,13,95,764,750,29
2022-7841,Bendigo CH,Hard,64,C,20220103,300,124014,8,,Ernesto Escobedo,R,,USA,25.5003422313,111505,10,,Enzo Couacaud,R,,FRA,26.8446269678,5-7 6-3 7-5,3,F,156,10,0,112,86,61,13,17,8,10,13,5,123,70,51,24,16,4,7,164,422,179,370
2022-7841,Bendigo CH,Hard,64,C,20220103,299,111505,10,,Enzo Couacaud,R,,FRA,26.8446269678,106162,,,Franco Agamenone,L,,ITA,28.720054757,6-1 6-7(6) 6-4,3,SF,138,8,5,98,50,39,28,15,2,3,1,2,111,74,53,13,14,1,5,179,370,201,323
2022-7841,Bendigo CH,Hard,64,C,20220103,298,124014,8,,Ernesto Escobedo,R,,USA,25.5003422313,106099,5,,Salvatore Caruso,R,185,ITA,29.0513347023,6-3 6-1,3,SF,80,4,3,61,33,27,15,8,3,3,0,3,53,36,22,6,8,4,8,164,422,157,436
2022-7841,Bendigo CH,Hard,64,C,20220103,297,106162,,,Franco Agamenone,L,,ITA,28.720054757,122078,11,,Dmitry Popko,R,,KAZ,25.1937029432,6-4 6-2,3,QF,82,2,0,56,43,33,7,9,4,4,2,5,61,32,23,12,9,4,7,201,323,180,369
2022-7841,Bendigo CH,Hard,64,C,20220103,296,111505,10,,Enzo Couacaud,R,,FRA,26.8446269678,111460,4,,Quentin Halys,R,,FRA,25.1882272416,6-7(5) 7-6(9) 7-5,3,QF,177,5,7,153,91,64,28,18,7,11,6,2,120,78,53,18,18,2,7,179,370,151,448
2022-7841,Bendigo CH,Hard,64,C,20220103,295,106099,5,,Salvatore Caruso,R,185,ITA,29.0513347023,126409,3,,Hugo Grenier,R,,FRA,25.7823408624,4-6 7-6(5) 4-0 RET,3,QF,145,3,3,85,46,35,23,13,4,6,10,7,87,54,38,12,13,4,7,157,436,150,450
2022-7841,Bendigo CH,Hard,64,C,20220103,294,124014,8,,Ernesto Escobedo,R,,USA,25.5003422313,200240,,,Vit Kopriva,U,,CZE,24.553045859,6-3 6-7(2) 7-6(2),3,QF,160,12,4,114,74,57,18,17,6,8,18,4,107,61,45,23,16,7,10,164,422,198,333
2022-7841,Bendigo CH,Hard,64,C,20220103,293,106162,,,Franco Agamenone,L,,ITA,28.720054757,104897,,,Matthias Bachinger,R,188,GER,34.7570157426,6-4 6-4,3,R16,66,3,1,47,30,22,14,10,0,1,3,1,53,29,21,11,10,2,5,201,323,234,273
2022-7841,Bendigo CH,Hard,64,C,20220103,292,122078,11,,Dmitry Popko,R,,KAZ,25.1937029432,207925,,,Flavio Cobolli,U,,ITA,19.6632443532,6-3 7-5,3,R16,82,3,0,54,25,21,21,11,1,2,2,5,61,36,27,10,10,1,4,180,369,205,321
2022-7841,Bendigo CH,Hard,64,C,20220103,291,111460,4,,Quentin Halys,R,,FRA,25.1882272416,106288,,,Mathias Bourgue,R,,FRA,27.9589322382,6-2 6-4,3,R16,91,4,2,52,28,22,12,9,1,2,2,3,70,45,28,9,9,10,14,151,448,211,303
2022-7841,Bendigo CH,Hard,64,C,20220103,290,111505,10,,Enzo Couacaud,R,,FRA,26.8446269678,105341,,,Thomas Fabbiano,R,,ITA,32.6078028747,7-5 3-6 6-4,3,R16,143,13,5,90,46,31,18,15,2,8,2,3,104,71,40,16,16,8,15,179,370,204,321
2022-7841,Bendigo CH,Hard,64,C,20220103,289,106099,5,,Salvatore Caruso,R,185,ITA,29.0513347023,105671,,,Gastao Elias,R,178,POR,31.1101984942,W/O,3,R16,0,,,,,,,,,,,,,,,,,,,157,436,217,296
2022-7841,Bendigo CH,Hard,64,C,20220103,288,126409,3,,Hugo Grenier,R,,FRA,25.7823408624,200267,16,,Zizou Bergs,R,,BEL,22.5872689938,6-0 5-7 7-6(5),3,R16,142,12,2,96,56,48,21,15,4,5,4,3,96,62,44,18,15,5,8,150,450,192,348
2022-7841,Bendigo CH,Hard,64,C,20220103,287,124014,8,,Ernesto Escobedo,R,,USA,25.5003422313,105359,9,,Jason Jung,R,,TPE,32.553045859,6-2 4-6 6-2,3,R16,118,11,1,76,50,39,16,13,0,1,6,4,82,52,34,13,13,4,8,164,422,178,379
2022-7841,Bendigo CH,Hard,64,C,20220103,286,200240,,,Vit Kopriva,U,,CZE,24.553045859,106057,,,Facundo Mena,R,,ARG,29.2813141684,7-6(11) 4-6 6-3,3,R16,156,11,4,95,54,42,25,16,1,3,12,3,107,62,50,20,15,11,13,198,333,209,308
2022-7841,Bendigo CH,Hard,64,C,20220103,285,104897,,,Matthias Bachinger,R,188,GER,34.7570157426,110748,1,,Nikola Milojevic,R,188,SRB,26.5434633812,6-2 6-1,3,R32,59,4,2,47,28,22,10,8,0,1,1,3,38,20,9,5,7,1,6,234,273,138,506
2022-7841,Bendigo CH,Hard,64,C,20220103,284,106162,,,Franco Agamenone,L,,ITA,28.720054757,105952,15,,Renzo Olivo,R,180,ARG,29.8042436687,6-4 6-2,3,R32,91,2,5,63,42,33,9,9,4,5,2,4,62,42,22,9,9,1,5,201,323,189,351
2022-7841,Bendigo CH,Hard,64,C,20220103,283,122078,11,,Dmitry Popko,R,,KAZ,25.1937029432,105806,,,Mirza Basic,R,188,BIH,30.4804928131,6-2 6-3,3,R32,75,7,2,53,30,25,12,8,6,6,3,2,56,30,19,11,9,5,9,180,369,233,276
2022-7841,Bendigo CH,Hard,64,C,20220103,282,207925,,,Flavio Cobolli,U,,ITA,19.6632443532,111578,7,,Stefan Kozlov,R,,USA,23.9206023272,6-4 3-6 6-1,3,R32,113,7,0,76,46,24,17,13,6,12,2,6,77,44,19,14,13,6,14,205,321,159,434
2022-7841,Bendigo CH,Hard,64,C,20220103,281,111460,4,,Quentin Halys,R,,FRA,25.1882272416,111581,,,Michael Mmoh,R,,USA,23.9808350445,7-6(5) 3-6 6-3,3,R32,145,11,8,88,54,42,15,15,2,5,9,5,122,78,53,17,15,7,10,151,448,239,263
2022-7841,Bendigo CH,Hard,64,C,20220103,280,106288,,,Mathias Bourgue,R,,FRA,27.9589322382,109054,13,,Daniel Masur,R,,GER,27.5646817248,6-3 6-3,3,R32,96,10,6,80,50,36,14,9,10,10,8,6,48,27,22,8,9,0,3,211,303,183,361
2022-7841,Bendigo CH,Hard,64,C,20220103,279,111505,10,,Enzo Couacaud,R,,FRA,26.8446269678,106044,,,Nicolas Kicker,R,,ARG,29.3826146475,6-7(1) 6-4 6-4,3,R32,165,15,1,101,60,42,18,16,5,9,1,3,101,71,44,13,16,4,10,179,370,216,297
2022-7841,Bendigo CH,Hard,64,C,20220103,278,105341,,,Thomas Fabbiano,R,,ITA,32.6078028747,106000,6,,Damir Dzumhur,R,172,BIH,29.6235455168,6-4 6-4,3,R32,83,0,1,59,37,23,14,10,2,4,3,4,71,43,25,13,10,3,7,204,321,158,436
2022-7841,Bendigo CH,Hard,64,C,20220103,277,106099,5,,Salvatore Caruso,R,185,ITA,29.0513347023,124186,,,Alexandre Muller,R,,FRA,24.9199178645,2-6 6-2 6-1,3,R32,122,5,3,82,53,30,18,12,9,13,3,4,69,42,22,11,11,6,12,157,436,224,288
2022-7841,Bendigo CH,Hard,64,C,20220103,276,105671,,,Gastao Elias,R,178,POR,31.1101984942,105641,12,,Blaz Rola,L,193,SLO,31.2470910335,6-4 3-6 6-3,3,R32,122,3,2,80,43,35,22,14,3,4,5,1,91,57,39,21,14,6,8,217,296,181,368
2022-7841,Bendigo CH,Hard,64,C,20220103,275,200267,16,,Zizou Bergs,R,,BEL,22.5872689938,103708,,Q,Jaroslav Pospisil,R,,CZE,40.8980150582,6-1 7-6(4),3,R32,95,7,1,61,39,30,15,10,0,0,6,1,66,40,24,15,9,3,5,192,348,793,24
2022-7841,Bendigo CH,Hard,64,C,20220103,274,126409,3,,Hugo Grenier,R,,FRA,25.7823408624,105841,,,Lorenzo Giustino,R,,ITA,30.3162217659,7-6(5) 6-0,3,R32,88,8,4,54,34,32,11,9,2,2,3,8,79,44,31,14,9,5,8,150,450,207,316
2022-7841,Bendigo CH,Hard,64,C,20220103,273,124014,8,,Ernesto Escobedo,R,,USA,25.5003422313,105477,,,Marco Trungelliti,R,,ARG,31.923340178,6-1 6-1,3,R32,50,9,2,35,21,18,10,7,0,0,4,7,43,24,12,6,7,0,5,164,422,199,330
2022-7841,Bendigo CH,Hard,64,C,20220103,272,105359,9,,Jason Jung,R,,TPE,32.553045859,200116,,,Camilo Ugo Carabelli,R,,ARG,22.5489390828,7-6(6) 7-6(1),3,R32,138,4,4,96,61,41,15,12,5,9,4,3,90,59,39,11,12,9,13,178,379,213,301
2022-7841,Bendigo CH,Hard,64,C,20220103,271,106057,,,Facundo Mena,R,,ARG,29.2813141684,106220,14,,Dimitar Kuzmanov,R,183,BUL,28.4353182752,7-6(7) 6-4,3,R32,129,3,1,79,43,32,22,11,2,3,4,3,83,51,37,15,11,2,4,209,308,187,355
2022-7841,Bendigo CH,Hard,64,C,20220103,270,200240,,,Vit Kopriva,U,,CZE,24.553045859,117356,2,,Cem Ilkel,R,185,TUR,26.3709787817,7-6(4) 6-3,3,R32,94,5,1,66,35,31,22,11,3,3,3,1,64,37,31,12,10,6,7,198,333,144,468
2022-7841,Bendigo CH,Hard,64,C,20220103,268,104897,,,Matthias Bachinger,R,188,GER,34.7570157426,105633,,,Mohamed Safwat,R,183,EGY,31.2908966461,4-6 7-6(3) 7-6(4),3,R64,149,9,3,118,69,46,34,17,4,6,15,2,104,64,52,21,17,0,1,234,273,214,298
2022-7841,Bendigo CH,Hard,64,C,20220103,267,106162,,,Franco Agamenone,L,,ITA,28.720054757,210435,,,Cooper Errey,U,,AUS,16.2464065708,6-2 7-6(5),3,R64,101,8,4,71,50,33,12,10,6,8,2,5,75,54,33,5,10,6,10,201,323,,
2022-7841,Bendigo CH,Hard,64,C,20220103,264,105806,,,Mirza Basic,R,188,BIH,30.4804928131,126573,,WC,Thomas Fancutt,R,,AUS,26.855578371,7-6(6) 6-4,3,R64,88,0,0,71,57,41,10,11,3,4,7,3,71,42,34,13,11,3,5,233,276,663,39
2022-7841,Bendigo CH,Hard,64,C,20220103,263,207925,,,Flavio Cobolli,U,,ITA,19.6632443532,132124,,Q,Aaron Addison,R,,AUS,26.1437371663,6-2 7-6(4),3,R64,99,6,5,74,35,26,23,10,8,9,7,4,84,47,31,17,10,8,11,205,321,1428,4
2022-7841,Bendigo CH,Hard,64,C,20220103,260,111581,,,Michael Mmoh,R,,USA,23.9808350445,111453,,,Mikael Torpegaard,R,,DEN,27.6577686516,4-6 6-3 6-0,3,R64,111,4,3,73,49,36,15,13,3,5,1,3,70,36,21,18,12,4,9,239,263,231,279
2022-7841,Bendigo CH,Hard,64,C,20220103,259,106288,,,Mathias Bourgue,R,,FRA,27.9589322382,207728,,WC,Moerani Bouzige,R,,AUS,22.4777549624,6-4 6-4,3,R64,93,6,2,55,32,24,14,10,0,1,4,4,80,46,32,14,10,6,9,211,303,748,29
2022-7841,Bendigo CH,Hard,64,C,20220103,256,106044,,,Nicolas Kicker,R,,ARG,29.3826146475,111795,,,Filippo Baldi,R,,ITA,25.9822039699,6-3 6-1,3,R64,72,6,0,46,33,25,9,8,0,0,0,1,47,30,18,6,8,3,7,216,297,369,118
2022-7841,Bendigo CH,Hard,64,C,20220103,255,105341,,,Thomas Fabbiano,R,,ITA,32.6078028747,105595,,,Dayne Kelly,U,,AUS,31.4496919918,6-2 6-2,3,R64,56,1,1,38,20,18,14,8,0,0,2,6,42,22,14,8,8,3,7,204,321,435,89
2022-7841,Bendigo CH,Hard,64,C,20220103,252,124186,,,Alexandre Muller,R,,FRA,24.9199178645,210317,,WC,James Mccabe,U,,AUS,18.4996577687,6-0 6-7(3) 6-4,3,R64,150,1,3,99,67,45,22,14,5,6,8,2,86,52,37,13,14,2,7,224,288,1208,6
2022-7841,Bendigo CH,Hard,64,C,20220103,251,105671,,,Gastao Elias,R,178,POR,31.1101984942,144731,,Q,Kody Pearson,U,,AUS,22.4421629021,6-2 6-1,3,R64,64,3,0,48,28,24,11,8,2,2,0,3,47,30,14,8,7,2,6,217,296,1379,4
2022-7841,Bendigo CH,Hard,64,C,20220103,248,103708,,Q,Jaroslav Pospisil,R,,CZE,40.8980150582,200039,,WC,Matthew Christopher Romios,U,,AUS,22.7679671458,6-2 6-3,3,R64,87,6,7,64,39,30,11,8,3,3,2,4,67,34,19,15,9,5,9,793,24,745,30
2022-7841,Bendigo CH,Hard,64,C,20220103,247,105841,,,Lorenzo Giustino,R,,ITA,30.3162217659,210434,,,Charlie Camus,U,,AUS,15.2169746749,7-6(2) 6-3,3,R64,75,8,3,60,40,34,13,11,1,2,4,2,57,38,31,7,10,0,2,207,316,,
2022-7841,Bendigo CH,Hard,64,C,20220103,244,105477,,,Marco Trungelliti,R,,ARG,31.923340178,126237,,,Gian Marco Moroni,R,,ITA,23.8877481177,7-5 7-6(6),3,R64,114,4,4,84,54,41,13,12,2,4,6,4,76,54,36,12,12,4,7,199,330,197,336
2022-7841,Bendigo CH,Hard,64,C,20220103,243,200116,,,Camilo Ugo Carabelli,R,,ARG,22.5489390828,106034,,,Yasutaka Uchiyama,R,183,JPN,29.4127310062,6-4 6-4,3,R64,91,4,3,63,40,30,15,10,4,4,5,2,59,37,27,9,10,1,3,213,301,203,321
2022-7841,Bendigo CH,Hard,64,C,20220103,240,106057,,,Facundo Mena,R,,ARG,29.2813141684,202354,,Q,Matthew Dellavedova,U,,AUS,21.5961670089,6-2 6-1,3,R64,72,8,1,44,29,20,10,7,1,2,1,3,61,42,19,7,8,4,10,209,308,1542,3
2022-7841,Bendigo CH,Hard,64,C,20220103,239,200240,,,Vit Kopriva,U,,CZE,24.553045859,105074,,,Ruben Bemelmans,L,183,BEL,33.9712525667,6-4 6-4,3,R64,81,1,2,52,29,21,17,10,1,2,0,0,62,37,25,12,10,1,4,198,333,212,301
2022-7841,Bendigo CH,Hard,64,C,20220103,219,144731,2,,Kody Pearson,U,,AUS,22.4421629021,210435,,,Cooper Errey,U,,AUS,16.2464065708,6-2 6-3,3,Q1,74,1,0,47,28,20,14,8,4,5,0,8,60,33,19,9,9,4,9,1379,4,,
2022-7841,Bendigo CH,Hard,64,C,20220103,218,132124,3,,Aaron Addison,R,,AUS,26.1437371663,210434,,,Charlie Camus,U,,AUS,15.2169746749,7-5 6-3,3,Q1,93,4,6,64,26,23,18,11,3,5,3,1,75,43,27,11,10,8,12,1428,4,,
2022-7841,Bendigo CH,Hard,64,C,20220103,217,202354,4,,Matthew Dellavedova,U,,AUS,21.5961670089,209509,7,,Thomas Pavlekovich Smith,U,,AUS,20.6735112936,6-1 6-4,3,Q1,81,2,2,55,35,25,13,9,3,4,4,3,56,37,22,8,8,4,8,1542,3,,
2022-9678,Tigre CH,Clay,32,C,20220102,300,144973,2,,Santiago Fa Rodriguez Taverna,R,,ARG,22.46954141,207680,7,,Facundo Diaz Acosta,L,,ARG,21.0513347023,6-4 6-2,3,F,91,3,1,58,38,27,12,9,3,4,1,4,57,26,14,17,9,1,5,302,175,338,144
2022-9678,Tigre CH,Clay,32,C,20220102,299,207680,7,,Facundo Diaz Acosta,L,,ARG,21.0513347023,123961,,Q,Murkel Alejandro Dellien Velasco,U,,BOL,24.2984257358,6-3 6-1,3,SF,86,0,2,53,26,21,12,8,3,4,2,2,46,21,12,6,8,6,11,338,144,905,16
2022-9678,Tigre CH,Clay,32,C,20220102,298,144973,2,,Santiago Fa Rodriguez Taverna,R,,ARG,22.46954141,106174,4,,Gonzalo Lama,R,180,CHI,28.6872005476,6-1 6-3,3,SF,77,5,1,52,33,26,13,8,1,1,1,3,66,37,21,13,8,7,11,302,175,322,158
2022-9678,Tigre CH,Clay,32,C,20220102,297,123961,,Q,Murkel Alejandro Dellien Velasco,U,,BOL,24.2984257358,208882,,,Roman Andres Burruchaga,U,,ARG,19.9452429843,6-3 6-1,3,QF,72,1,1,43,21,18,14,8,0,0,0,3,52,37,21,6,8,3,7,905,16,577,53
2022-9678,Tigre CH,Clay,32,C,20220102,296,207680,7,,Facundo Diaz Acosta,L,,ARG,21.0513347023,106380,,,Gonzalo Villanueva,R,,ARG,26.9733059548,6-3 6-2,3,QF,86,2,4,57,31,23,12,9,6,8,2,2,55,31,12,13,8,6,11,338,144,436,88
2022-9678,Tigre CH,Clay,32,C,20220102,295,106174,4,,Gonzalo Lama,R,180,CHI,28.6872005476,105700,,Q,Jose Pereira,R,,BRA,30.9377138946,6-7(1) 6-1 6-4,3,QF,148,2,3,98,56,39,24,15,4,6,1,0,89,73,44,10,14,7,12,322,158,648,41
2022-9678,Tigre CH,Clay,32,C,20220102,294,144973,2,,Santiago Fa Rodriguez Taverna,R,,ARG,22.46954141,106292,5,,Hernan Casanova,U,,ARG,27.9069130732,7-5 6-4,3,QF,103,4,4,76,41,28,20,11,5,7,1,3,77,58,33,10,11,7,11,302,175,325,155
2022-9678,Tigre CH,Clay,32,C,20220102,293,123961,,Q,Murkel Alejandro Dellien Velasco,U,,BOL,24.2984257358,106164,,Q,Tomas Lipovsek Puches,U,,ARG,28.7145790554,6-1 6-1,3,R16,53,0,3,38,24,20,7,7,1,2,0,6,39,25,12,3,7,3,9,905,16,708,34
2022-9678,Tigre CH,Clay,32,C,20220102,292,208882,,,Roman Andres Burruchaga,U,,ARG,19.9452429843,202197,6,,Carlos Gimeno Valero,U,,ESP,20.5256673511,6-0 4-6 7-6(4),3,R16,140,1,7,97,59,37,15,14,5,11,2,21,93,52,27,14,14,5,13,577,53,329,152
2022-9678,Tigre CH,Clay,32,C,20220102,291,106380,,,Gonzalo Villanueva,R,,ARG,26.9733059548,144821,3,,Genaro Alberto Olivieri,U,,ARG,23.4168377823,6-4 6-1,3,R16,103,1,2,76,51,32,12,8,10,11,3,1,62,32,16,14,9,3,8,436,88,313,167
2022-9678,Tigre CH,Clay,32,C,20220102,290,207680,7,,Facundo Diaz Acosta,L,,ARG,21.0513347023,208363,,,Mariano Navone,U,,ARG,20.848733744,6-3 6-2,3,R16,92,1,3,58,31,21,15,9,5,7,0,6,47,26,11,9,8,5,10,338,144,561,57
2022-9678,Tigre CH,Clay,32,C,20220102,289,105700,,Q,Jose Pereira,R,,BRA,30.9377138946,144870,,Q,Federico Agustin Gomez,R,,ARG,25.1033538672,6-4 6-3,3,R16,83,2,2,63,48,29,9,10,1,4,3,5,59,30,20,8,9,4,9,648,41,947,14
2022-9678,Tigre CH,Clay,32,C,20220102,288,106174,4,,Gonzalo Lama,R,180,CHI,28.6872005476,208913,,,Juan Bautista Torres,U,,ARG,19.7563312799,3-6 6-3 6-3,3,R16,133,1,5,91,51,30,19,14,3,8,1,7,83,55,35,8,13,7,13,322,158,487,74
2022-9678,Tigre CH,Clay,32,C,20220102,287,106292,5,,Hernan Casanova,U,,ARG,27.9069130732,111511,,,Noah Rubin,R,,USA,25.8672142368,6-3 2-6 6-2,3,R16,111,1,2,69,52,39,8,13,3,6,4,3,80,51,34,10,12,9,13,325,155,391,107
2022-9678,Tigre CH,Clay,32,C,20220102,286,144973,2,,Santiago Fa Rodriguez Taverna,R,,ARG,22.46954141,122536,,,Juan Pablo Paz,R,,ARG,26.9979466119,7-5 7-6(5),3,R16,125,5,1,82,51,36,17,12,5,8,1,8,111,60,38,24,12,14,18,302,175,442,86
2022-9678,Tigre CH,Clay,32,C,20220102,285,123961,,Q,Murkel Alejandro Dellien Velasco,U,,BOL,24.2984257358,105819,1,,Guido Andreozzi,R,,ARG,30.4147843943,6-3 6-2,3,R32,82,7,2,53,32,25,14,9,1,1,1,3,53,29,17,13,8,4,7,905,16,271,213
2022-9678,Tigre CH,Clay,32,C,20220102,284,106164,,Q,Tomas Lipovsek Puches,U,,ARG,28.7145790554,209254,,WC,Valerio Aboian,U,,ARG,,6-2 7-6(3),3,R32,102,3,3,76,43,25,17,10,6,11,2,3,64,31,14,13,10,7,14,708,34,817,22
2022-9678,Tigre CH,Clay,32,C,20220102,283,208882,,,Roman Andres Burruchaga,U,,ARG,19.9452429843,210412,,WC,Juan Manuel La Serna,U,,ARG,17.9110198494,6-1 7-6(5),3,R32,93,2,7,66,43,27,9,10,1,5,0,7,62,39,16,10,9,8,14,577,53,,
2022-9678,Tigre CH,Clay,32,C,20220102,282,202197,6,,Carlos Gimeno Valero,U,,ESP,20.5256673511,208262,,,Alejo Lorenzo Lingua Lavallen,L,,ARG,20.8213552361,6-4 1-6 6-3,3,R32,123,0,18,79,37,25,16,13,5,12,2,5,82,56,26,13,13,6,13,329,152,555,58
2022-9678,Tigre CH,Clay,32,C,20220102,281,144821,3,,Genaro Alberto Olivieri,U,,ARG,23.4168377823,134457,,,Nicolas Moreno De Alboran,U,,ESP,24.4736481862,6-4 5-7 6-2,3,R32,146,1,3,98,73,47,9,15,6,11,2,4,90,55,35,12,15,5,12,313,167,348,134
2022-9678,Tigre CH,Clay,32,C,20220102,280,106380,,,Gonzalo Villanueva,R,,ARG,26.9733059548,207793,,Q,Alec Deckers,R,,NED,21.6728268309,7-6(2) 6-4,3,R32,110,1,2,75,57,39,9,11,3,5,10,7,83,39,31,18,11,3,6,436,88,975,13
2022-9678,Tigre CH,Clay,32,C,20220102,279,208363,,,Mariano Navone,U,,ARG,20.848733744,126183,,Alt,Mariano Kestelboim,R,,ARG,25.9082819986,7-5 5-3 RET,3,R32,106,1,7,65,34,21,12,10,6,11,0,8,71,38,24,9,10,7,14,561,57,586,52
2022-9678,Tigre CH,Clay,32,C,20220102,277,105700,,Q,Jose Pereira,R,,BRA,30.9377138946,209260,8,,Luciano Darderi,R,,ITA,19.8850102669,6-4 7-6(3),3,R32,96,0,0,68,55,35,11,11,1,2,6,0,79,41,30,16,11,4,6,648,41,341,142
2022-9678,Tigre CH,Clay,32,C,20220102,276,144870,,Q,Federico Agustin Gomez,R,,ARG,25.1033538672,123812,,,Jose Fco Vidal Azorin,U,,ESP,28.5612594114,3-6 7-6(2) 7-5,3,R32,192,8,8,123,67,42,34,16,12,15,1,3,115,90,53,17,17,0,3,947,14,445,85
2022-9678,Tigre CH,Clay,32,C,20220102,275,208913,,,Juan Bautista Torres,U,,ARG,19.7563312799,126177,,,Strong Kirchheimer,U,,USA,26.6913073238,6-1 6-2,3,R32,89,0,2,41,18,12,14,7,1,2,0,2,64,36,18,9,8,6,12,487,74,541,61
2022-9678,Tigre CH,Clay,32,C,20220102,274,106174,4,,Gonzalo Lama,R,180,CHI,28.6872005476,106352,,,Matias Franco Descotte,R,,ARG,27.3483915127,7-5 7-6(4),3,R32,134,4,8,71,30,26,21,12,0,2,0,2,92,46,33,21,12,6,9,322,158,469,78
2022-9678,Tigre CH,Clay,32,C,20220102,273,106292,5,,Hernan Casanova,U,,ARG,27.9069130732,200030,,,Facundo Juarez,R,,ARG,24.2792607803,6-4 6-1,3,R32,75,0,0,56,47,31,7,8,7,7,0,0,48,38,23,4,9,1,5,325,155,377,113
2022-9678,Tigre CH,Clay,32,C,20220102,272,111511,,,Noah Rubin,R,,USA,25.8672142368,105180,,,Daniel Dutra Da Silva,L,175,BRA,33.4976043806,7-6(5) 6-2,3,R32,106,7,2,74,36,29,17,10,7,8,2,5,63,23,18,15,10,1,4,391,107,349,134
2022-9678,Tigre CH,Clay,32,C,20220102,271,122536,,,Juan Pablo Paz,R,,ARG,26.9979466119,200331,,Q,Leonardo Aboian,U,,ARG,23.7070499658,6-3 7-5,3,R32,92,3,5,73,40,30,13,11,4,7,2,1,62,40,22,9,10,1,6,442,86,853,20
2022-9678,Tigre CH,Clay,32,C,20220102,270,144973,2,,Santiago Fa Rodriguez Taverna,R,,ARG,22.46954141,200346,,,Mats Rosenkranz,L,,GER,23.3648186174,6-3 3-6 6-3,3,R32,114,8,4,74,46,39,17,14,0,1,5,9,81,44,36,15,13,5,7,302,175,404,103
2022-9678,Tigre CH,Clay,32,C,20220102,254,144870,10,,Federico Agustin Gomez,R,,ARG,25.1033538672,105868,1,,Wilson Leite,R,178,BRA,30.160164271,6-4 6-3,3,Q2,85,5,3,47,27,21,12,9,0,1,0,2,66,49,31,6,10,5,9,947,14,609,48
2022-9678,Tigre CH,Clay,32,C,20220102,253,105700,2,,Jose Pereira,R,,BRA,30.9377138946,207815,12,,Guido Ivan Justo,U,,ARG,24.0465434634,6-3 6-0,3,Q2,60,4,0,32,22,19,9,8,0,1,0,3,61,39,19,8,7,5,10,648,41,1006,12
2022-9678,Tigre CH,Clay,32,C,20220102,252,123961,8,,Murkel Alejandro Dellien Velasco,U,,BOL,24.2984257358,138485,3,,Conner Huertas Del Pino,U,,PER,26.0396988364,6-3 6-3,3,Q2,87,3,2,50,31,24,12,9,2,3,2,0,57,41,23,8,9,4,8,905,16,658,40
2022-9678,Tigre CH,Clay,32,C,20220102,251,200331,7,,Leonardo Aboian,U,,ARG,23.7070499658,208046,4,,Pedro Boscardin Dias,U,,BRA,18.932238193,6-4 1-6 7-6(3),3,Q2,151,2,1,89,47,30,23,14,7,12,5,1,101,62,37,22,15,6,10,853,20,705,34
2022-9678,Tigre CH,Clay,32,C,20220102,249,207793,11,,Alec Deckers,R,,NED,21.6728268309,202378,6,,Ignacio Carou,U,,ARG,22.4804928131,6-3 2-6 7-6(4),3,Q2,132,7,3,77,45,30,15,14,4,9,5,6,100,75,48,12,15,7,12,975,13,775,27
2022-9678,Tigre CH,Clay,32,C,20220102,247,144870,10,,Federico Agustin Gomez,R,,ARG,25.1033538672,208668,,,Sean Hess,U,,ARG,20.758384668,6-2 6-2,3,Q1,73,3,6,56,30,23,14,8,1,1,0,2,51,27,17,10,8,1,5,947,14,1506,3
2022-9678,Tigre CH,Clay,32,C,20220102,243,123961,8,,Murkel Alejandro Dellien Velasco,U,,BOL,24.2984257358,209336,,WC,Leonardo Lopez Linquet,U,,ARG,,6-4 6-1,3,Q1,91,2,5,63,33,23,16,9,4,6,0,3,51,29,13,9,8,0,5,905,16,1657,2
2022-9678,Tigre CH,Clay,32,C,20220102,238,202378,6,,Ignacio Carou,U,,ARG,22.4804928131,206805,,,Luciano Carraro,U,,ARG,23.7015742642,6-2 6-4,3,Q1,84,1,2,44,31,23,8,9,0,2,1,4,61,39,18,11,9,5,10,775,27,2060,1
2022-9678,Tigre CH,Clay,32,C,20220102,237,207793,11,,Alec Deckers,R,,NED,21.6728268309,207682,,,Lorenzo Gagliardo,R,,ARG,21.5195071869,7-6(4) 4-6 6-4,3,Q1,174,9,13,119,62,41,25,16,6,11,4,4,109,71,39,24,16,11,16,975,13,1373,4
2022-9680,Forli 1 CH,Hard,32,C,20220103,300,208134,,,Luca Nardi,R,,ITA,18.4120465435,124154,,Q,Sasi Kumar Mukund,R,,IND,24.9691991786,6-3 6-1,3,F,63,8,3,41,27,22,8,8,1,2,1,1,59,44,20,8,8,8,13,364,121,414,99
2022-9680,Forli 1 CH,Hard,32,C,20220103,299,124154,,Q,Sasi Kumar Mukund,R,,IND,24.9691991786,200436,7,,Zsombor Piros,R,,HUN,22.2258726899,6-3 7-6(4),3,SF,99,1,1,76,43,31,19,11,1,3,2,5,60,30,21,16,10,3,6,414,99,288,191
2022-9680,Forli 1 CH,Hard,32,C,20220103,298,208134,,,Luca Nardi,R,,ITA,18.4120465435,105649,2,,Cedrik Marcel Stebe,L,183,GER,31.2361396304,W/O,3,SF,,0,0,0,0,0,0,0,0,0,0,0,0,0,0,0,0,0,0,364,121,227,282
2022-9680,Forli 1 CH,Hard,32,C,20220103,297,200436,7,,Zsombor Piros,R,,HUN,22.2258726899,126652,1,,Jay Clarke,R,,GBR,23.4387405886,6-3 6-3,3,QF,64,6,2,50,27,21,13,9,3,4,2,3,51,28,18,10,9,4,8,288,191,215,297
2022-9680,Forli 1 CH,Hard,32,C,20220103,296,124154,,Q,Sasi Kumar Mukund,R,,IND,24.9691991786,200611,,Q,Elliot Benchetrit,R,,FRA,23.2553045859,6-3 7-6(5),3,QF,109,7,1,70,36,29,19,11,0,1,5,4,88,50,36,16,10,8,10,414,99,344,137
2022-9680,Forli 1 CH,Hard,32,C,20220103,295,208134,,,Luca Nardi,R,,ITA,18.4120465435,106328,3,,Christian Harrison,R,,USA,27.6002737851,1-6 7-5 6-2,3,QF,116,5,3,75,42,31,16,14,2,6,7,5,94,60,39,13,13,12,16,364,121,256,240
2022-9680,Forli 1 CH,Hard,32,C,20220103,294,105649,2,,Cedrik Marcel Stebe,L,183,GER,31.2361396304,206553,,WC,Luca Potenza,U,,ITA,21.4346338125,7-5 6-3,3,QF,96,7,1,60,43,32,9,11,1,3,2,5,73,40,27,12,10,5,9,227,282,559,57
2022-9680,Forli 1 CH,Hard,32,C,20220103,293,126652,1,,Jay Clarke,R,,GBR,23.4387405886,202420,,,Aidan Mchugh,U,,GBR,21.4866529774,7-6(6) 7-6(6),3,R16,141,3,2,83,51,36,21,12,1,2,0,3,88,50,35,20,12,3,4,215,297,340,143
2022-9680,Forli 1 CH,Hard,32,C,20220103,292,200436,7,,Zsombor Piros,R,,HUN,22.2258726899,202398,,Q,Michael Vrbensky,R,,CZE,22.0232717317,6-2 6-3,3,R16,83,5,2,50,38,27,7,8,1,2,2,2,67,39,25,7,9,8,13,288,191,372,116
2022-9680,Forli 1 CH,Hard,32,C,20220103,291,200611,,Q,Elliot Benchetrit,R,,FRA,23.2553045859,126555,4,,Tung Lin Wu,R,,TPE,23.6468172485,7-6(1) 6-3,3,R16,90,8,2,71,47,37,12,10,6,7,2,0,68,52,37,4,11,3,6,344,137,270,214
2022-9680,Forli 1 CH,Hard,32,C,20220103,290,124154,,Q,Sasi Kumar Mukund,R,,IND,24.9691991786,106187,,Q,Denis Yevseyev,U,,KAZ,28.6187542779,6-3 6-2,3,R16,66,4,1,53,31,24,13,9,4,5,4,3,47,34,19,6,8,5,9,414,99,403,104
2022-9680,Forli 1 CH,Hard,32,C,20220103,289,208134,,,Luca Nardi,R,,ITA,18.4120465435,145001,8,,Evan Furness,R,,FRA,23.3921971253,6-7(5) 6-4 6-1,3,R16,119,10,4,87,50,40,22,14,2,2,9,1,97,67,41,17,15,3,7,364,121,290,186
2022-9680,Forli 1 CH,Hard,32,C,20220103,288,106328,3,,Christian Harrison,R,,USA,27.6002737851,106072,,,Alexey Vatutin,R,,RUS,29.1854893908,6-0 2-6 6-2,3,R16,91,10,1,66,40,31,12,11,6,8,1,1,56,30,18,13,11,3,8,256,240,339,144
2022-9680,Forli 1 CH,Hard,32,C,20220103,287,206553,,WC,Luca Potenza,U,,ITA,21.4346338125,111190,,,Zhizhen Zhang,R,193,CHN,25.2156057495,7-5 6-4,3,R16,92,11,2,72,43,32,19,11,2,2,12,3,77,48,35,13,11,7,9,559,57,321,160
2022-9680,Forli 1 CH,Hard,32,C,20220103,286,105649,2,,Cedrik Marcel Stebe,L,183,GER,31.2361396304,109699,,,Julian Lenz,R,,GER,28.8761122519,6-2 7-6(2),3,R16,97,1,3,62,36,27,17,10,3,4,4,3,71,40,24,15,10,5,8,227,282,300,176
2022-9680,Forli 1 CH,Hard,32,C,20220103,285,126652,1,,Jay Clarke,R,,GBR,23.4387405886,105514,,PR,Jeremy Jahn,R,180,GER,31.7481177276,6-4 6-2,3,R32,66,3,1,56,34,25,14,9,1,1,2,6,52,28,17,12,9,0,3,215,297,568,55
2022-9680,Forli 1 CH,Hard,32,C,20220103,284,202420,,,Aidan Mchugh,U,,GBR,21.4866529774,210086,,WC,Lorenzo Angelini,U,,ITA,15.8357289528,6-4 6-0,3,R32,68,7,1,42,31,26,7,8,1,1,1,1,54,36,19,10,8,3,7,340,143,,
2022-9680,Forli 1 CH,Hard,32,C,20220103,283,202398,,Q,Michael Vrbensky,R,,CZE,22.0232717317,104970,,,Matteo Viola,R,,ITA,34.4941820671,6-4 6-2,3,R32,70,5,1,58,40,30,9,9,2,2,1,3,50,33,23,7,9,0,3,372,116,303,175
2022-9680,Forli 1 CH,Hard,32,C,20220103,282,200436,7,,Zsombor Piros,R,,HUN,22.2258726899,144923,,,Louis Wessels,R,,GER,23.3538672142,6-4 6-4,3,R32,79,5,0,46,27,25,15,10,0,0,6,3,80,43,30,17,10,6,8,288,191,361,123
2022-9680,Forli 1 CH,Hard,32,C,20220103,281,126555,4,,Tung Lin Wu,R,,TPE,23.6468172485,202090,,LL,Adrian Andreev,R,,BUL,20.6461327858,7-5 5-7 6-2,3,R32,133,2,2,77,51,40,20,16,4,6,2,3,102,58,37,23,16,5,9,270,214,365,121
2022-9680,Forli 1 CH,Hard,32,C,20220103,280,200611,,Q,Elliot Benchetrit,R,,FRA,23.2553045859,126107,,,Michael Geerts,R,,BEL,26.9623545517,6-1 6-2,3,R32,73,10,3,56,30,24,13,8,3,3,2,3,47,26,20,4,7,4,8,344,137,336,144
2022-9680,Forli 1 CH,Hard,32,C,20220103,279,124154,,Q,Sasi Kumar Mukund,R,,IND,24.9691991786,209506,,,Francesco Forti,R,,ITA,22.4421629021,7-6(3) 6-3,3,R32,95,6,1,81,53,43,11,11,9,11,6,5,61,36,29,10,10,1,4,414,99,330,151
2022-9680,Forli 1 CH,Hard,32,C,20220103,278,106187,,Q,Denis Yevseyev,U,,KAZ,28.6187542779,123819,6,,Goncalo Oliveira,L,,POR,26.8774811773,6-4 6-4,3,R32,79,5,0,65,37,26,14,10,5,7,1,1,61,40,24,10,10,4,8,403,104,282,200
2022-9680,Forli 1 CH,Hard,32,C,20220103,277,145001,8,,Evan Furness,R,,FRA,23.3921971253,123983,,,Nerman Fatic,U,,BIH,27.1950718686,6-2 6-3,3,R32,76,5,1,57,39,26,12,9,3,4,2,3,52,27,16,11,8,2,6,290,186,304,174
2022-9680,Forli 1 CH,Hard,32,C,20220103,276,208134,,,Luca Nardi,R,,ITA,18.4120465435,200031,,PR,Lucas Catarina,R,,MON,25.3552361396,3-6 6-3 6-2,3,R32,118,2,3,77,37,27,23,13,6,8,5,4,90,52,34,16,13,8,12,364,121,370,118
2022-9680,Forli 1 CH,Hard,32,C,20220103,275,106072,,,Alexey Vatutin,R,,RUS,29.1854893908,111436,,,Nick Chappell,L,,USA,29.2895277207,6-7(5) 6-2 6-2,3,R32,121,3,4,86,48,38,20,14,3,5,3,2,95,58,36,16,14,3,9,339,144,374,115
2022-9680,Forli 1 CH,Hard,32,C,20220103,274,106328,3,,Christian Harrison,R,,USA,27.6002737851,105060,,Q,Aldin Setkic,R,193,BIH,34.0369609856,2-6 7-5 7-6(3),3,R32,157,6,3,100,63,39,19,16,5,10,0,3,103,76,49,12,16,4,8,256,240,400,106
2022-9680,Forli 1 CH,Hard,32,C,20220103,273,206553,,WC,Luca Potenza,U,,ITA,21.4346338125,106310,5,,Alexander Ritschard,R,,SUI,27.780971937,5-7 6-4 7-6(8),3,R32,153,2,7,121,76,43,22,17,9,15,9,2,117,81,49,17,17,5,11,559,57,276,207
2022-9680,Forli 1 CH,Hard,32,C,20220103,272,111190,,,Zhizhen Zhang,R,193,CHN,25.2156057495,109303,,WC,Stefano Napolitano,R,,ITA,26.7323750856,7-6(3) 3-6 7-6(4),3,R32,162,13,4,122,74,60,19,17,8,11,15,4,109,61,49,26,16,4,5,321,160,486,74
2022-9680,Forli 1 CH,Hard,32,C,20220103,271,109699,,,Julian Lenz,R,,GER,28.8761122519,200318,,Alt,Yu Hsiou Hsu,U,,TPE,22.7570157426,6-4 6-4,3,R32,74,7,0,48,38,31,5,10,0,1,8,3,64,43,29,10,10,7,10,300,176,362,123
2022-9680,Forli 1 CH,Hard,32,C,20220103,270,105649,2,,Cedrik Marcel Stebe,L,183,GER,31.2361396304,200247,,Q,Alexandar Lazarov,R,,BUL,24.1587953457,7-6(3) 6-3,3,R32,85,3,2,65,46,33,10,11,4,7,3,4,71,45,25,13,10,4,8,227,282,405,101
2022-9680,Forli 1 CH,Hard,32,C,20220103,254,200611,1,,Elliot Benchetrit,R,,FRA,23.2553045859,209263,,,Matteo Gigante,L,,ITA,19.9972621492,6-2 6-3,3,Q2,65,9,2,52,34,28,8,9,5,6,3,2,51,32,20,6,8,2,6,344,137,791,24
2022-9680,Forli 1 CH,Hard,32,C,20220103,253,124154,9,,Sasi Kumar Mukund,R,,IND,24.9691991786,105452,,Alt,Francesco Vilardo,R,,ITA,32.0164271047,6-2 6-4,3,Q2,79,5,2,45,26,21,15,9,0,0,3,4,64,36,23,14,9,7,10,414,99,789,25
2022-9680,Forli 1 CH,Hard,32,C,20220103,252,200247,8,,Alexandar Lazarov,R,,BUL,24.1587953457,202090,3,,Adrian Andreev,R,,BUL,20.6461327858,6-4 7-5,3,Q2,112,7,3,80,47,35,14,11,4,6,2,3,74,40,26,14,11,9,13,405,101,365,121
2022-9680,Forli 1 CH,Hard,32,C,20220103,251,202398,4,,Michael Vrbensky,R,,CZE,22.0232717317,202440,,Alt,Marco Miceli,U,,ITA,23.1676933607,2-6 6-4 7-5,3,Q2,156,7,8,108,58,38,19,15,8,14,3,3,111,75,42,18,15,8,14,372,116,763,28
2022-9680,Forli 1 CH,Hard,32,C,20220103,250,106187,7,,Denis Yevseyev,U,,KAZ,28.6187542779,110618,5,,Elmar Ejupovic,R,,BIH,28.9199178645,6-7(8) 7-6(5) 6-2,3,Q2,172,6,3,108,58,46,32,16,3,4,9,2,108,73,54,17,16,6,9,403,104,397,106
2022-9680,Forli 1 CH,Hard,32,C,20220103,249,105060,6,,Aldin Setkic,R,193,BIH,34.0369609856,206091,10,,Yan Bondarevskiy,U,,RUS,21.7987679671,6-3 7-6(3),3,Q2,113,4,5,83,59,38,12,11,4,6,2,3,58,30,23,11,10,1,4,400,106,443,85
2022-9680,Forli 1 CH,Hard,32,C,20220103,248,200611,1,,Elliot Benchetrit,R,,FRA,23.2553045859,208233,,,Mattia Bellucci,U,,ITA,20.59137577,6-3 6-4,3,Q1,89,6,2,63,37,26,16,10,2,3,3,4,63,35,21,15,9,4,7,344,137,681,37
2022-9680,Forli 1 CH,Hard,32,C,20220103,247,209263,,,Matteo Gigante,L,,ITA,19.9972621492,105778,11,,Tobias Simon,R,,GER,30.6310746064,7-6(5) 6-3,3,Q1,83,4,4,75,41,32,18,11,3,4,5,4,68,44,31,11,10,4,6,791,24,475,77
2022-9680,Forli 1 CH,Hard,32,C,20220103,245,124154,9,,Sasi Kumar Mukund,R,,IND,24.9691991786,126609,,,Patrik Niklas Salminen,L,,FIN,24.8323066393,6-3 6-4,3,Q1,70,5,0,51,30,22,16,10,1,2,7,6,50,22,16,12,9,0,3,414,99,599,49
2022-9680,Forli 1 CH,Hard,32,C,20220103,244,202090,3,,Adrian Andreev,R,,BUL,20.6461327858,106169,,Alt,Vladyslav Manafov,U,,UKR,28.7008898015,6-3 6-2,3,Q1,68,12,1,49,31,27,11,9,0,0,5,6,62,29,16,17,8,6,9,365,121,591,51
2022-9680,Forli 1 CH,Hard,32,C,20220103,241,202440,,Alt,Marco Miceli,U,,ITA,23.1676933607,200255,12,,Alexander Weis,U,,ITA,24.6954140999,4-6 7-6(2) 6-0,3,Q1,108,0,3,79,63,44,5,14,0,4,2,9,95,53,32,19,14,5,11,763,28,491,73
2022-9680,Forli 1 CH,Hard,32,C,20220103,240,110618,5,,Elmar Ejupovic,R,,BIH,28.9199178645,105697,,,Marco Bortolotti,R,,ITA,30.9514031485,6-3 6-2,3,Q1,66,3,0,50,29,24,14,9,3,3,2,1,43,25,14,11,8,1,4,397,106,752,29
2022-9680,Forli 1 CH,Hard,32,C,20220103,239,106187,7,,Denis Yevseyev,U,,KAZ,28.6187542779,121411,,,Moez Chargui,R,,TUN,28.9801505818,7-5 6-1,3,Q1,84,1,1,63,31,23,21,10,3,3,0,5,61,28,20,16,9,5,8,403,104,562,57
2022-9680,Forli 1 CH,Hard,32,C,20220103,238,105060,6,,Aldin Setkic,R,193,BIH,34.0369609856,200329,,,Remy Bertola,R,,SUI,23.3429158111,4-6 7-5 6-4,3,Q1,156,4,3,105,77,47,15,16,9,13,7,9,109,57,43,21,16,6,11,400,106,569,55
2022-9680,Forli 1 CH,Hard,32,C,20220103,237,206091,10,,Yan Bondarevskiy,U,,RUS,21.7987679671,123851,,,Davide Galoppini,R,,ITA,27.1950718686,6-2 6-1,3,Q1,62,1,1,48,33,24,10,7,3,3,1,8,55,32,17,8,8,5,10,443,85,685,37
2022-6865,Traralgon CH,Hard,64,C,20220103,300,207830,4,,Tomas Machac,R,,CZE,21.2238193018,106216,5,,Bjorn Fratangelo,R,,USA,28.4599589322,7-6(2) 6-3,3,F,105,5,1,71,47,34,12,10,4,6,4,2,78,44,30,13,11,7,11,143,477,165,422
2022-6865,Traralgon CH,Hard,64,C,20220103,299,207830,4,,Tomas Machac,R,,CZE,21.2238193018,207411,12,,Jesper De Jong,R,,NED,21.5934291581,6-4 6-2,3,SF,78,7,0,46,30,27,8,9,2,3,1,3,60,36,21,10,9,1,5,143,477,226,285
2022-6865,Traralgon CH,Hard,64,C,20220103,298,106216,5,,Bjorn Fratangelo,R,,USA,28.4599589322,106283,6,,Mitchell Krueger,R,,USA,27.9753593429,7-6(6) 6-7(6) 7-6(8),3,SF,195,14,4,150,100,73,19,18,10,15,9,3,128,75,50,33,18,4,9,165,422,169,404
2022-6865,Traralgon CH,Hard,64,C,20220103,297,207411,12,,Jesper De Jong,R,,NED,21.5934291581,104468,1,,Gilles Simon,R,183,FRA,37.0184804928,6-4 6-1,3,QF,85,2,0,56,37,27,13,9,4,4,1,3,54,32,19,12,8,3,6,226,285,122,597
2022-6865,Traralgon CH,Hard,64,C,20220103,296,207830,4,,Tomas Machac,R,,CZE,21.2238193018,105062,8,,Mikhail Kukushkin,R,183,KAZ,34.0232717317,3-6 6-3 6-2,3,QF,144,6,0,73,51,39,12,13,5,7,2,1,130,85,51,20,13,17,21,143,477,182,366
2022-6865,Traralgon CH,Hard,64,C,20220103,295,106283,6,,Mitchell Krueger,R,,USA,27.9753593429,126120,,,Nino Serdarusic,U,,CRO,25.0568104038,5-7 6-4 6-1,3,QF,125,10,4,89,61,45,14,14,5,7,9,4,80,43,22,24,15,0,5,169,404,252,246
2022-6865,Traralgon CH,Hard,64,C,20220103,294,106216,5,,Bjorn Fratangelo,R,,USA,28.4599589322,208103,2,,Jiri Lehecka,R,,CZE,20.1533196441,1-6 6-3 7-6(5),3,QF,143,5,2,112,67,47,23,14,9,11,10,0,94,57,44,22,14,5,6,165,422,141,484
2022-6865,Traralgon CH,Hard,64,C,20220103,293,104468,1,,Gilles Simon,R,183,FRA,37.0184804928,144972,15,,Geoffrey Blancaneaux,R,,FRA,23.4058863792,6-0 2-1 RET,3,R16,52,1,1,21,10,8,8,4,0,0,0,3,45,31,16,3,5,3,7,122,597,235,271
2022-6865,Traralgon CH,Hard,64,C,20220103,292,207411,12,,Jesper De Jong,R,,NED,21.5934291581,200670,7,,J J Wolf,R,,USA,23.0362765229,7-6(3) 7-6(10),3,R16,114,13,3,79,57,45,18,12,2,2,8,1,83,49,37,22,12,2,2,226,285,174,390
2022-6865,Traralgon CH,Hard,64,C,20220103,291,207830,4,,Tomas Machac,R,,CZE,21.2238193018,117361,,,Akira Santillan,R,,AUS,24.6187542779,6-1 6-2,3,R16,60,1,0,39,28,21,9,7,1,1,2,4,53,28,13,11,8,5,10,143,477,335,144
2022-6865,Traralgon CH,Hard,64,C,20220103,290,105062,8,,Mikhail Kukushkin,R,183,KAZ,34.0232717317,144817,9,,Marc Andrea Huesler,L,,SUI,25.5277207392,6-4 7-6(6),3,R16,104,2,1,68,42,30,15,11,1,3,3,2,77,44,30,18,11,5,8,182,366,186,357
2022-6865,Traralgon CH,Hard,64,C,20220103,289,106283,6,,Mitchell Krueger,R,,USA,27.9753593429,106293,11,,Kimmer Coppejans,R,180,BEL,27.9041752225,6-4 6-7(6) 6-1,3,R16,144,7,0,89,55,39,20,15,2,5,9,0,92,63,36,15,14,3,9,169,404,208,313
2022-6865,Traralgon CH,Hard,64,C,20220103,288,126120,,,Nino Serdarusic,U,,CRO,25.0568104038,200095,,,Nicola Kuhn,R,,ESP,21.7905544148,6-3 7-6(8),3,R16,93,10,3,59,35,31,16,11,0,1,2,1,68,35,27,18,10,7,9,252,246,242,255
2022-6865,Traralgon CH,Hard,64,C,20220103,287,106216,5,,Bjorn Fratangelo,R,,USA,28.4599589322,106110,10,,Filip Horansky,R,,SVK,28.9883641342,6-4 7-6(5),3,R16,101,6,2,78,57,45,11,11,3,3,4,1,79,52,38,13,11,2,3,165,422,195,346
2022-6865,Traralgon CH,Hard,64,C,20220103,286,208103,2,,Jiri Lehecka,R,,CZE,20.1533196441,109739,13,,Maximilian Marterer,L,,GER,26.5544147844,4-6 6-1 7-5,3,R16,115,6,3,82,54,42,15,15,0,2,3,2,83,53,34,18,14,3,7,141,484,229,279
2022-6865,Traralgon CH,Hard,64,C,20220103,285,104468,1,,Gilles Simon,R,183,FRA,37.0184804928,126646,,,Tim Van Rijthoven,R,,NED,24.6954140999,6-0 6-2,3,R32,72,2,0,37,27,21,7,7,0,0,0,2,36,23,10,3,7,0,5,122,597,261,229
2022-6865,Traralgon CH,Hard,64,C,20220103,284,144972,15,,Geoffrey Blancaneaux,R,,FRA,23.4058863792,126964,,,Vitaliy Sachko,R,,UKR,24.4736481862,7-5 7-6(5),3,R32,120,4,1,71,53,40,8,12,3,5,1,0,80,57,36,12,12,5,8,235,271,244,254
2022-6865,Traralgon CH,Hard,64,C,20220103,283,207411,12,,Jesper De Jong,R,,NED,21.5934291581,208502,,,Dominic Stricker,U,,SUI,19.3839835729,7-5 6-2,3,R32,84,3,1,62,40,32,9,10,5,6,5,7,73,39,24,16,10,5,9,226,285,246,253
2022-6865,Traralgon CH,Hard,64,C,20220103,282,200670,7,,J J Wolf,R,,USA,23.0362765229,104424,,,Go Soeda,R,178,JPN,37.3278576318,6-2 4-6 6-4,3,R32,188,8,3,114,72,48,23,14,10,11,3,2,102,64,37,23,14,14,17,174,390,247,253
2022-6865,Traralgon CH,Hard,64,C,20220103,281,207830,4,,Tomas Machac,R,,CZE,21.2238193018,208004,,,Harold Mayot,R,,FRA,19.9123887748,6-2 4-6 4-1 RET,3,R32,143,3,1,80,58,39,11,11,4,6,2,4,86,51,26,20,12,12,17,143,477,419,95
2022-6865,Traralgon CH,Hard,64,C,20220103,280,117361,,,Akira Santillan,R,,AUS,24.6187542779,126663,16,,Juan Pablo Ficovich,R,,ARG,24.9418206708,6-0 6-1,3,R32,42,2,1,36,26,22,6,7,0,0,1,1,32,18,8,3,6,1,6,335,144,236,267
2022-6865,Traralgon CH,Hard,64,C,20220103,279,144817,9,,Marc Andrea Huesler,L,,SUI,25.5277207392,208013,,,Dane Sweeny,R,,AUS,20.8898015058,6-4 6-2,3,R32,72,2,0,41,30,24,8,9,0,1,1,3,58,43,22,7,9,4,8,186,357,497,71
2022-6865,Traralgon CH,Hard,64,C,20220103,278,105062,8,,Mikhail Kukushkin,R,183,KAZ,34.0232717317,133297,,,Yosuke Watanuki,R,,JPN,23.7289527721,7-6(4) 6-1,3,R32,95,3,1,69,40,30,13,10,5,8,3,0,60,40,23,9,9,4,9,182,366,266,223
2022-6865,Traralgon CH,Hard,64,C,20220103,277,106283,6,,Mitchell Krueger,R,,USA,27.9753593429,207608,,,Timofey Skatov,R,,RUS,20.9500342231,6-1 6-0,3,R32,64,1,1,34,21,19,7,6,1,1,1,0,52,40,15,6,7,3,9,169,404,257,238
2022-6865,Traralgon CH,Hard,64,C,20220103,276,106293,11,,Kimmer Coppejans,R,180,BEL,27.9041752225,106398,,,Pedro Cachin,R,,ARG,26.7296372348,6-7(9) 7-6(3) 6-3,3,R32,144,3,3,106,72,50,18,16,2,5,15,2,105,82,54,11,17,1,6,208,313,245,254
2022-6865,Traralgon CH,Hard,64,C,20220103,275,126120,,,Nino Serdarusic,U,,CRO,25.0568104038,104898,14,,Robin Haase,R,190,NED,34.7460643395,6-4 6-3,3,R32,75,6,2,66,42,32,13,10,3,3,3,2,54,26,17,19,9,4,6,252,246,230,279
2022-6865,Traralgon CH,Hard,64,C,20220103,274,200095,,,Nicola Kuhn,R,,ESP,21.7905544148,144645,3,,Zdenek Kolar,R,,CZE,25.234770705,6-3 6-4,3,R32,93,13,0,73,49,30,9,10,3,7,3,2,50,33,14,4,9,3,9,242,255,142,481
2022-6865,Traralgon CH,Hard,64,C,20220103,273,106216,5,,Bjorn Fratangelo,R,,USA,28.4599589322,134329,,WC,Blake Ellis,U,,AUS,22.9924709103,6-4 6-1,3,R32,64,0,0,45,34,28,6,8,4,4,7,4,52,28,18,11,9,3,7,165,422,898,17
2022-6865,Traralgon CH,Hard,64,C,20220103,272,106110,10,,Filip Horansky,R,,SVK,28.9883641342,125804,,Alt,Brandon Walkin,R,,AUS,27.3839835729,6-2 7-5,3,R32,81,2,0,65,43,33,15,10,4,4,2,3,69,48,33,6,10,3,6,195,346,933,15
2022-6865,Traralgon CH,Hard,64,C,20220103,271,109739,13,,Maximilian Marterer,L,,GER,26.5544147844,131905,,,Manuel Guinard,U,,FRA,26.135523614,2-6 6-3 6-4,3,R32,129,4,1,89,64,45,13,14,5,8,5,4,100,58,42,17,13,13,16,229,279,243,255
2022-6865,Traralgon CH,Hard,64,C,20220103,270,208103,2,,Jiri Lehecka,R,,CZE,20.1533196441,105590,,,Uladzimir Ignatik,R,183,BLR,31.4743326489,7-5 6-7(4) 6-3,3,R32,158,10,2,101,63,48,27,16,3,3,10,1,130,76,51,30,17,13,16,141,484,413,99
2022-6865,Traralgon CH,Hard,64,C,20220103,268,126646,,,Tim Van Rijthoven,R,,NED,24.6954140999,104735,,,Tobias Kamke,R,180,GER,35.6221765914,7-6(2) 6-2,3,R64,81,17,0,60,40,35,14,10,0,0,1,3,69,44,30,12,10,5,7,261,229,255,241
2022-6865,Traralgon CH,Hard,64,C,20220103,267,126964,,,Vitaliy Sachko,R,,UKR,24.4736481862,200512,,LL,Patrick Fitzgerald,U,,AUS,25.8453114305,6-1 6-4,3,R64,73,3,1,57,36,25,12,8,1,2,1,3,49,34,14,8,9,2,7,244,254,,
2022-6865,Traralgon CH,Hard,64,C,20220103,264,208502,,,Dominic Stricker,U,,SUI,19.3839835729,104690,,Q,Divij Sharan,L,183,IND,35.8412046543,6-4 6-2,3,R64,51,13,1,50,29,28,10,9,1,1,4,4,47,30,18,9,9,0,3,246,253,,
2022-6865,Traralgon CH,Hard,64,C,20220103,263,104424,,,Go Soeda,R,178,JPN,37.3278576318,105208,,Q,Ernests Gulbis,R,190,LAT,33.3442847365,3-6 6-3 7-5,3,R64,157,2,2,101,56,36,29,15,7,9,15,6,108,61,48,19,15,9,12,247,253,191,348
2022-6865,Traralgon CH,Hard,64,C,20220103,260,208004,,,Harold Mayot,R,,FRA,19.9123887748,208432,,LL,David Hough,R,,AUS,24.128678987,6-1 6-2,3,R64,63,5,1,49,35,28,8,8,4,4,0,4,49,29,15,7,7,4,8,419,95,,
2022-6865,Traralgon CH,Hard,64,C,20220103,259,117361,,,Akira Santillan,R,,AUS,24.6187542779,104586,,,Lukas Rosol,R,196,CZE,36.4462696783,7-5 6-4,3,R64,72,6,2,57,33,26,14,11,2,4,1,2,64,34,23,13,11,3,7,335,144,273,212
2022-6865,Traralgon CH,Hard,64,C,20220103,256,208013,,,Dane Sweeny,R,,AUS,20.8898015058,106393,,,Frederico Ferreira Silva,L,,POR,26.7980835044,6-4 6-4,3,R64,85,3,3,61,41,34,9,10,5,5,5,1,63,40,28,13,10,6,8,497,71,240,262
2022-6865,Traralgon CH,Hard,64,C,20220103,255,133297,,,Yosuke Watanuki,R,,JPN,23.7289527721,210438,,,Jeremy Jin,U,,AUS,17.5195071869,6-3 7-6(1),3,R64,102,8,2,62,35,25,18,10,5,7,2,4,76,43,26,14,11,5,9,266,223,,
2022-6865,Traralgon CH,Hard,64,C,20220103,252,207608,,,Timofey Skatov,R,,RUS,20.9500342231,126106,,,Ryan Peniston,U,,GBR,26.1492128679,6-4 6-4,3,R64,117,0,0,75,57,34,13,10,5,6,2,5,73,47,31,11,10,2,5,257,238,268,216
2022-6865,Traralgon CH,Hard,64,C,20220103,251,106398,,,Pedro Cachin,R,,ARG,26.7296372348,206916,,WC,Joshua Charlton,U,,AUS,22.4339493498,6-2 6-2,3,R64,69,2,0,49,29,23,12,8,1,1,0,0,49,31,17,6,8,2,6,245,254,,
2022-6865,Traralgon CH,Hard,64,C,20220103,248,126120,,,Nino Serdarusic,U,,CRO,25.0568104038,104907,,Q,Jose Rubin Statham,R,183,NZL,34.6940451745,3-6 6-3 6-2,3,R64,103,10,2,72,43,32,21,13,2,3,9,7,72,50,40,7,13,2,5,252,246,1158,7
2022-6865,Traralgon CH,Hard,64,C,20220103,247,200095,,,Nicola Kuhn,R,,ESP,21.7905544148,210340,,WC,Philip Sekulic,U,,AUS,18.3299110198,6-7(5) 6-2 7-6(4),3,R64,165,13,3,106,67,53,21,16,9,11,7,1,97,61,46,17,16,2,6,242,255,990,12
2022-6865,Traralgon CH,Hard,64,C,20220103,244,134329,,WC,Blake Ellis,U,,AUS,22.9924709103,106254,,Q,Calum Puttergill,U,,AUS,28.1998631075,6-1 2-6 6-3,3,R64,92,12,1,69,45,34,14,12,1,3,5,5,68,36,26,15,12,4,8,898,17,883,17
2022-6865,Traralgon CH,Hard,64,C,20220103,243,125804,,Alt,Brandon Walkin,R,,AUS,27.3839835729,117358,,,Harry Bourchier,R,,AUS,25.9438740589,3-6 6-4 6-4,3,R64,114,6,4,92,59,41,16,15,3,6,4,6,84,53,41,14,14,3,6,933,15,458,81
2022-6865,Traralgon CH,Hard,64,C,20220103,240,131905,,,Manuel Guinard,U,,FRA,26.135523614,209262,,,Tristan Schoolkate,R,,AUS,20.8514715948,7-6(2) 7-6(3),3,R64,118,13,3,79,48,39,15,12,0,2,4,5,85,41,30,21,12,4,6,243,255,623,46
2022-6865,Traralgon CH,Hard,64,C,20220103,239,105590,,,Uladzimir Ignatik,R,183,BLR,31.4743326489,105655,,,Hiroki Moriya,R,170,JPN,31.2169746749,6-1 6-3,3,R64,86,11,0,58,33,22,16,8,4,5,3,1,55,33,22,4,8,4,9,413,99,289,187
2022-6865,Traralgon CH,Hard,64,C,20220103,220,105208,1,,Ernests Gulbis,R,190,LAT,33.3442847365,210436,,,Hayden Jones,U,,AUS,15.3456536619,6-3 7-5,3,Q1,92,9,2,57,34,27,14,11,0,1,3,2,61,28,18,19,10,2,5,191,348,,
2022-6865,Traralgon CH,Hard,64,C,20220103,219,106254,2,,Calum Puttergill,U,,AUS,28.1998631075,208432,5,,David Hough,R,,AUS,24.128678987,6-1 6-2,3,Q1,54,4,2,35,23,19,9,7,0,0,5,4,50,30,13,8,8,1,6,883,17,,
2022-6865,Traralgon CH,Hard,64,C,20220103,218,104907,3,,Jose Rubin Statham,R,183,NZL,34.6940451745,210437,,,Zack Vialla,U,,AUS,16.2327173169,6-1 6-3,3,Q1,65,4,1,44,32,22,9,8,2,3,3,9,54,29,19,6,8,2,7,1158,7,,
2022-6865,Traralgon CH,Hard,64,C,20220103,217,104690,4,,Divij Sharan,L,183,IND,35.8412046543,200512,6,,Patrick Fitzgerald,U,,AUS,25.8453114305,6-4 1-6 7-5,3,Q1,137,2,4,90,64,41,14,14,6,9,3,2,109,65,39,27,15,13,16,,,,
2022-9651,Blumenau CH,Clay,32,C,20220110,300,127108,5,,Igor Ribeiro Marcondes,U,,BRA,24.5694729637,208913,,,Juan Bautista Torres,U,,ARG,19.7754962355,3-6 7-5 6-1,3,F,139,4,3,92,59,43,13,14,8,11,3,8,81,55,36,10,14,3,8,326,155,473,77
2022-9651,Blumenau CH,Clay,32,C,20220110,299,127108,5,,Igor Ribeiro Marcondes,U,,BRA,24.5694729637,144821,3,,Genaro Alberto Olivieri,U,,ARG,23.4360027379,7-5 6-3,3,SF,92,6,1,54,34,27,12,11,0,2,2,0,61,38,23,11,10,6,10,326,155,309,169
2022-9651,Blumenau CH,Clay,32,C,20220110,298,208913,,,Juan Bautista Torres,U,,ARG,19.7754962355,122536,,,Juan Pablo Paz,R,,ARG,27.0171115674,6-4 3-0 RET,3,SF,82,2,2,50,34,20,9,7,5,7,4,4,42,22,13,5,6,4,8,473,77,437,89
2022-9651,Blumenau CH,Clay,32,C,20220110,297,127108,5,,Igor Ribeiro Marcondes,U,,BRA,24.5694729637,134457,,,Nicolas Moreno De Alboran,U,,ESP,24.4928131417,4-6 7-6(6) 7-6(4),3,QF,199,2,0,122,82,58,25,17,3,4,6,2,114,79,61,21,17,6,6,326,155,348,134
2022-9651,Blumenau CH,Clay,32,C,20220110,296,144821,3,,Genaro Alberto Olivieri,U,,ARG,23.4360027379,200030,,,Facundo Juarez,R,,ARG,24.2984257358,6-7(4) 6-2 6-4,3,QF,160,4,8,115,69,51,15,15,6,10,0,1,104,89,45,10,15,5,12,309,169,379,113
2022-9651,Blumenau CH,Clay,32,C,20220110,295,122536,,,Juan Pablo Paz,R,,ARG,27.0171115674,106380,,,Gonzalo Villanueva,R,,ARG,26.9924709103,6-3 6-4,3,QF,85,2,0,57,36,25,15,10,0,1,0,1,57,33,19,12,9,4,7,437,89,419,95
2022-9651,Blumenau CH,Clay,32,C,20220110,294,208913,,,Juan Bautista Torres,U,,ARG,19.7754962355,207680,8,,Facundo Diaz Acosta,L,,ARG,21.0704996578,6-4 6-4,3,QF,104,1,0,59,40,33,11,10,4,4,5,2,65,38,25,16,10,4,6,473,77,303,172
2022-9651,Blumenau CH,Clay,32,C,20220110,293,134457,,,Nicolas Moreno De Alboran,U,,ESP,24.4928131417,104269,1,,Fernando Verdasco,L,188,ESP,38.1546885695,7-5 6-3,3,R16,110,1,2,68,49,37,8,11,7,9,1,2,66,49,27,9,10,3,7,348,134,170,395
2022-9651,Blumenau CH,Clay,32,C,20220110,292,127108,5,,Igor Ribeiro Marcondes,U,,BRA,24.5694729637,210281,,WC,Matheus Amorim De Lima,U,,BRA,16.9418206708,6-0 6-1,3,R16,57,5,1,35,26,21,5,6,1,1,0,2,47,32,12,6,7,4,10,326,155,1882,1
2022-9651,Blumenau CH,Clay,32,C,20220110,291,144821,3,,Genaro Alberto Olivieri,U,,ARG,23.4360027379,105578,,,Cristian Rodriguez,R,,COL,31.5482546201,6-2 6-0,3,R16,60,0,2,48,30,22,10,7,3,3,0,1,41,22,13,4,7,5,10,309,169,448,84
2022-9651,Blumenau CH,Clay,32,C,20220110,290,200030,,,Facundo Juarez,R,,ARG,24.2984257358,208046,,WC,Pedro Boscardin Dias,U,,BRA,18.9514031485,6-3 6-0,3,R16,72,0,2,50,40,31,3,8,3,4,3,2,48,25,14,6,7,8,13,379,113,696,35
2022-9651,Blumenau CH,Clay,32,C,20220110,289,106380,,,Gonzalo Villanueva,R,,ARG,26.9924709103,202378,,Q,Ignacio Carou,U,,ARG,22.4996577687,1-6 6-1 6-2,3,R16,116,2,1,80,61,33,10,11,8,12,0,4,79,51,27,13,11,6,12,419,95,768,28
2022-9651,Blumenau CH,Clay,32,C,20220110,288,122536,,,Juan Pablo Paz,R,,ARG,27.0171115674,111511,,,Noah Rubin,R,,USA,25.8863791923,6-7(6) 7-6(1) 6-3,3,R16,162,9,5,116,63,52,29,17,5,6,4,7,100,57,42,23,16,2,4,437,89,383,111
2022-9651,Blumenau CH,Clay,32,C,20220110,287,207680,8,,Facundo Diaz Acosta,L,,ARG,21.0704996578,106203,,,Pedro Sakamoto,R,,BRA,28.5338809035,6-4 6-3,3,R16,104,4,1,63,33,23,17,10,6,8,2,2,59,41,24,6,9,6,10,303,172,368,119
2022-9651,Blumenau CH,Clay,32,C,20220110,286,208913,,,Juan Bautista Torres,U,,ARG,19.7754962355,123812,,,Jose Fco Vidal Azorin,U,,ESP,28.5804243669,4-6 6-4 6-3,3,R16,156,1,4,85,51,30,16,14,6,12,1,3,95,71,36,10,15,9,17,473,77,445,85
2022-9651,Blumenau CH,Clay,32,C,20220110,285,104269,1,,Fernando Verdasco,L,188,ESP,38.1546885695,200495,,Q,Eduardo Ribeiro,U,,BRA,23.819301848,6-3 6-2,3,R32,83,1,3,67,39,26,17,9,5,6,2,1,44,26,16,6,8,1,5,170,395,950,14
2022-9651,Blumenau CH,Clay,32,C,20220110,284,134457,,,Nicolas Moreno De Alboran,U,,ESP,24.4928131417,126177,,Alt,Strong Kirchheimer,U,,USA,26.7104722793,6-1 6-3,3,R32,73,1,1,42,30,22,7,8,0,1,0,0,47,28,15,7,8,4,9,348,134,542,61
2022-9651,Blumenau CH,Clay,32,C,20220110,283,210281,,WC,Matheus Amorim De Lima,U,,BRA,16.9418206708,200346,,,Mats Rosenkranz,L,,GER,23.3839835729,6-3 1-6 6-3,3,R32,100,3,2,86,63,43,13,13,6,8,0,2,62,28,22,21,12,1,3,1882,1,405,103
2022-9651,Blumenau CH,Clay,32,C,20220110,282,127108,5,,Igor Ribeiro Marcondes,U,,BRA,24.5694729637,127123,,Alt,Mateus Alves,R,,BRA,20.9637234771,6-4 6-4,3,R32,101,5,2,50,28,25,14,10,3,4,2,2,72,42,27,15,10,5,8,326,155,534,62
2022-9651,Blumenau CH,Clay,32,C,20220110,281,144821,3,,Genaro Alberto Olivieri,U,,ARG,23.4360027379,105700,,Q,Jose Pereira,R,,BRA,30.9568788501,6-2 2-0 RET,3,R32,66,3,1,29,17,13,6,5,2,3,1,2,48,33,13,8,5,2,6,309,169,574,53
2022-9651,Blumenau CH,Clay,32,C,20220110,280,105578,,,Cristian Rodriguez,R,,COL,31.5482546201,134792,,,Jules Okala,U,,FRA,24.3969883641,3-6 6-1 6-2,3,R32,107,11,2,73,40,31,16,12,4,7,6,7,73,41,26,9,12,3,9,448,84,496,70
2022-9651,Blumenau CH,Clay,32,C,20220110,279,200030,,,Facundo Juarez,R,,ARG,24.2984257358,206307,,Alt,Joao Lucas Reis Da Silva,R,,BRA,21.7932922656,6-1 6-0,3,R32,58,0,1,33,28,23,2,6,1,1,1,2,53,28,12,8,7,4,10,379,113,554,59
2022-9651,Blumenau CH,Clay,32,C,20220110,278,208046,,WC,Pedro Boscardin Dias,U,,BRA,18.9514031485,106292,6,,Hernan Casanova,U,,ARG,27.9260780287,6-2 6-1,3,R32,59,5,1,35,21,18,6,7,0,1,1,5,58,40,20,4,8,1,7,696,35,322,160
2022-9651,Blumenau CH,Clay,32,C,20220110,277,106380,,,Gonzalo Villanueva,R,,ARG,26.9924709103,202197,7,,Carlos Gimeno Valero,U,,ESP,20.5448323066,0-6 6-3 6-1,3,R32,124,2,2,98,65,34,14,11,10,16,1,19,73,37,21,11,11,5,12,419,95,324,156
2022-9651,Blumenau CH,Clay,32,C,20220110,276,202378,,Q,Ignacio Carou,U,,ARG,22.4996577687,208533,,WC,Joao Victor Couto Loureiro,U,,BRA,18.7898699521,6-4 1-6 6-3,3,R32,131,1,6,75,43,25,16,13,5,10,5,6,92,49,31,19,13,8,13,768,28,1299,5
2022-9651,Blumenau CH,Clay,32,C,20220110,275,111511,,,Noah Rubin,R,,USA,25.8863791923,105180,,,Daniel Dutra Da Silva,L,175,BRA,33.5167693361,6-4 4-6 6-2,3,R32,138,6,3,93,53,35,23,14,6,9,0,8,78,31,18,25,14,2,7,383,111,349,134
2022-9651,Blumenau CH,Clay,32,C,20220110,274,122536,,,Juan Pablo Paz,R,,ARG,27.0171115674,106174,4,,Gonzalo Lama,R,180,CHI,28.7063655031,6-7(1) 7-6(9) 6-3,3,R32,160,7,0,112,62,46,29,17,3,4,13,2,100,62,50,21,16,3,5,437,89,298,174
2022-9651,Blumenau CH,Clay,32,C,20220110,273,207680,8,,Facundo Diaz Acosta,L,,ARG,21.0704996578,200007,,Q,Quentin Folliot,U,,FRA,23.0280629706,6-3 6-0,3,R32,66,4,2,33,17,14,11,7,0,1,0,4,55,27,14,8,8,6,12,303,172,556,58
2022-9651,Blumenau CH,Clay,32,C,20220110,272,106203,,,Pedro Sakamoto,R,,BRA,28.5338809035,208882,,Q,Roman Andres Burruchaga,U,,ARG,19.9644079398,4-6 6-3 6-2,3,R32,146,1,2,95,55,34,24,14,8,11,1,4,78,46,30,15,13,2,7,368,119,530,62
2022-9651,Blumenau CH,Clay,32,C,20220110,271,123812,,,Jose Fco Vidal Azorin,U,,ESP,28.5804243669,106164,,Q,Tomas Lipovsek Puches,U,,ARG,28.733744011,6-3 6-3,3,R32,76,0,1,54,39,31,4,9,1,3,2,3,50,32,17,6,9,4,9,445,85,656,40
2022-9651,Blumenau CH,Clay,32,C,20220110,270,208913,,,Juan Bautista Torres,U,,ARG,19.7754962355,126197,2,,Orlando Luz,R,,BRA,23.9206023272,6-7(5) 6-4 6-4,3,R32,188,1,5,114,74,50,20,16,6,9,4,9,113,60,41,22,16,8,13,473,77,294,180
2022-9651,Blumenau CH,Clay,32,C,20220110,253,200007,1,,Quentin Folliot,U,,FRA,23.0280629706,207808,12,,Joao Marcos Nusdeo,R,,BRA,27.112936345,6-3 7-5,3,Q2,100,5,4,62,25,19,23,10,1,2,0,5,69,45,29,9,11,6,10,556,58,1418,4
2022-9651,Blumenau CH,Clay,32,C,20220110,252,208882,2,,Roman Andres Burruchaga,U,,ARG,19.9644079398,138485,7,,Conner Huertas Del Pino,U,,PER,26.0588637919,6-3 7-5,3,Q2,95,1,5,59,35,29,12,10,1,2,0,1,73,53,29,11,11,5,9,530,62,659,40
2022-9651,Blumenau CH,Clay,32,C,20220110,251,200495,10,,Eduardo Ribeiro,U,,BRA,23.819301848,106165,3,,Diego Hidalgo,U,,ECU,28.7310061602,6-7(4) 6-4 6-4,3,Q2,166,4,4,123,74,52,22,16,13,15,2,1,102,63,46,16,16,1,5,950,14,583,52
2022-9651,Blumenau CH,Clay,32,C,20220110,250,106164,8,,Tomas Lipovsek Puches,U,,ARG,28.733744011,105868,4,,Wilson Leite,R,178,BRA,30.1793292266,6-4 6-3,3,Q2,97,3,5,71,46,29,13,10,2,4,0,1,53,33,16,12,9,1,5,656,40,606,48
2022-9651,Blumenau CH,Clay,32,C,20220110,249,202378,9,,Ignacio Carou,U,,ARG,22.4996577687,105156,5,,Federico Zeballos,U,,BOL,33.6153319644,5-7 7-6(4) 6-1,3,Q2,137,2,5,105,68,45,19,16,7,11,5,4,94,43,32,22,15,5,10,768,28,621,46
2022-9651,Blumenau CH,Clay,32,C,20220110,248,105700,6,,Jose Pereira,R,,BRA,30.9568788501,127115,,,Gabriel Pascotto Tumasonis,L,,BRA,25.9685147159,6-2 6-3,3,Q2,65,5,0,44,33,24,7,9,2,4,0,2,55,36,19,6,8,7,12,574,53,1882,1
2022-9651,Blumenau CH,Clay,32,C,20220110,244,138485,7,,Conner Huertas Del Pino,U,,PER,26.0588637919,122635,,Alt,Alexander Merino,L,,PER,29.3607118412,6-1 6-0,3,Q1,54,1,1,32,23,19,6,6,2,2,0,6,42,24,10,5,7,3,9,659,40,,
2022-9651,Blumenau CH,Clay,32,C,20220110,242,200495,10,,Eduardo Ribeiro,U,,BRA,23.819301848,210218,,WC,Bruno Fernandez,U,,BRA,17.4592744695,6-1 6-3,3,Q1,60,3,1,40,33,29,4,8,0,0,1,0,60,45,20,9,8,5,9,950,14,,
2022-9651,Blumenau CH,Clay,32,C,20220110,241,105868,4,,Wilson Leite,R,178,BRA,30.1793292266,207595,,Alt,Mateo Barreiros Reyes,U,,BRA,21.0732375086,6-2 6-3,3,Q1,103,1,2,63,42,26,11,9,8,10,1,4,64,43,24,7,8,3,8,606,48,2205,1
2022-9651,Blumenau CH,Clay,32,C,20220110,240,106164,8,,Tomas Lipovsek Puches,U,,ARG,28.733744011,106262,,,Boris Arias,R,,BOL,28.1697467488,6-1 6-3,3,Q1,260,1,2,62,50,33,6,8,6,7,0,2,44,19,14,7,8,2,7,656,40,1530,3
2022-9651,Blumenau CH,Clay,32,C,20220110,237,105700,6,,Jose Pereira,R,,BRA,30.9568788501,126711,,Alt,Gabriel Roveri Sidney,L,,BRA,24.7063655031,6-0 7-5,3,Q1,74,0,1,49,30,24,11,9,0,1,2,4,51,26,17,8,9,3,8,574,53,,
2022-9651,Blumenau CH,Clay,32,C,20220110,236,127115,,,Gabriel Pascotto Tumasonis,L,,BRA,25.9685147159,207793,11,,Alec Deckers,R,,NED,21.6919917864,4-6 6-2 6-4,3,Q1,129,7,7,92,53,44,17,14,5,6,10,3,84,50,37,17,14,5,8,1882,1,912,16
2022-9637,Forli 2 CH,Hard,32,C,20220110,300,207733,8,,Jack Draper,L,,GBR,20.052019165,126652,3,,Jay Clarke,R,,GBR,23.4579055441,6-3 6-0,3,F,73,8,3,50,27,18,11,7,6,8,0,0,50,22,10,8,8,4,11,262,227,211,306
2022-9637,Forli 2 CH,Hard,32,C,20220110,299,207733,8,,Jack Draper,L,,GBR,20.052019165,200436,,,Zsombor Piros,R,,HUN,22.2450376454,6-4 3-1 RET,3,SF,54,5,1,34,21,18,10,7,0,0,1,0,41,29,17,9,7,4,6,262,227,277,206
2022-9637,Forli 2 CH,Hard,32,C,20220110,298,126652,3,,Jay Clarke,R,,GBR,23.4579055441,202090,,Q,Adrian Andreev,R,,BUL,20.6652977413,6-4 6-7(5) 6-3,3,SF,122,7,2,97,53,43,25,16,1,2,5,3,91,62,47,13,15,3,6,211,306,363,122
2022-9637,Forli 2 CH,Hard,32,C,20220110,297,200436,,,Zsombor Piros,R,,HUN,22.2450376454,105577,1,,Vasek Pospisil,R,193,CAN,31.5509924709,7-6(3) 7-6(3),3,QF,136,5,1,76,52,41,14,12,2,4,5,2,99,54,37,21,12,8,10,277,206,134,524
2022-9637,Forli 2 CH,Hard,32,C,20220110,296,207733,8,,Jack Draper,L,,GBR,20.052019165,106310,,,Alexander Ritschard,R,,SUI,27.8001368925,3-6 7-5 6-3,3,QF,130,14,9,99,49,39,25,15,7,9,4,3,82,57,41,14,15,2,5,262,227,276,207
2022-9637,Forli 2 CH,Hard,32,C,20220110,295,126652,3,,Jay Clarke,R,,GBR,23.4579055441,206703,,Q,Paul Jubb,R,,GBR,22.1957563313,6-4 7-6(0),3,QF,102,4,3,75,43,33,13,11,3,6,3,1,72,47,26,12,11,2,6,211,306,347,135
2022-9637,Forli 2 CH,Hard,32,C,20220110,294,202090,,Q,Adrian Andreev,R,,BUL,20.6652977413,145001,,,Evan Furness,R,,FRA,23.4113620808,7-6(6) 4-6 6-3,3,QF,163,5,2,95,61,44,19,16,0,3,4,1,112,76,51,16,15,8,11,363,122,289,188
2022-9637,Forli 2 CH,Hard,32,C,20220110,293,105577,1,,Vasek Pospisil,R,193,CAN,31.5509924709,209263,,,Matteo Gigante,L,,ITA,20.0164271047,7-6(8) 6-3,3,R16,105,11,3,75,47,34,19,11,3,4,3,1,65,36,28,17,10,2,4,134,524,784,25
2022-9637,Forli 2 CH,Hard,32,C,20220110,292,200436,,,Zsombor Piros,R,,HUN,22.2450376454,127339,,,Borna Gojo,R,,CRO,23.8685831622,6-7(5) 6-1 6-3,3,R16,130,4,1,92,63,44,17,14,1,2,10,4,92,62,40,13,14,6,11,277,206,284,196
2022-9637,Forli 2 CH,Hard,32,C,20220110,291,106310,,,Alexander Ritschard,R,,SUI,27.8001368925,105657,,,Marius Copil,R,193,ROU,31.2334017796,7-6(4) 6-3,3,R16,85,8,2,70,50,36,13,10,3,3,9,1,71,44,35,10,11,1,3,276,207,280,201
2022-9637,Forli 2 CH,Hard,32,C,20220110,290,207733,8,,Jack Draper,L,,GBR,20.052019165,208134,,SE,Luca Nardi,R,,ITA,18.431211499,6-0 6-1,3,R16,50,8,2,42,28,24,7,7,2,2,1,1,35,22,9,4,6,2,7,262,227,306,171
2022-9637,Forli 2 CH,Hard,32,C,20220110,289,206703,,Q,Paul Jubb,R,,GBR,22.1957563313,105649,5,,Cedrik Marcel Stebe,L,183,GER,31.2553045859,4-6 7-5 6-1,3,R16,137,4,0,93,60,35,19,15,6,11,5,2,92,63,31,14,14,10,17,347,135,237,266
2022-9637,Forli 2 CH,Hard,32,C,20220110,288,126652,3,,Jay Clarke,R,,GBR,23.4579055441,105938,,,Antoine Escoffier,U,,FRA,29.864476386,2-6 6-2 6-3,3,R16,116,3,3,92,54,31,26,13,7,9,3,3,80,41,29,20,12,8,11,211,306,314,165
2022-9637,Forli 2 CH,Hard,32,C,20220110,287,145001,,,Evan Furness,R,,FRA,23.4113620808,202420,,Q,Aidan Mchugh,U,,GBR,21.5058179329,4-6 6-1 6-4,3,R16,149,8,0,103,69,51,16,14,6,7,4,0,72,44,30,16,13,2,5,289,188,337,145
2022-9637,Forli 2 CH,Hard,32,C,20220110,286,202090,,Q,Adrian Andreev,R,,BUL,20.6652977413,126185,,,Evgenii Tiurnev,R,,RUS,24.758384668,6-4 6-3,3,R16,80,2,0,50,35,27,7,9,0,1,5,2,62,38,27,6,10,4,8,363,122,283,198
2022-9637,Forli 2 CH,Hard,32,C,20220110,285,105577,1,,Vasek Pospisil,R,193,CAN,31.5509924709,133835,,Q,Gijs Brouwer,L,,NED,25.826146475,5-7 7-6(5) 6-4,3,R32,145,17,4,102,66,56,17,17,5,7,2,5,112,69,49,24,17,5,7,134,524,367,119
2022-9637,Forli 2 CH,Hard,32,C,20220110,284,209263,,,Matteo Gigante,L,,ITA,20.0164271047,106072,,Q,Alexey Vatutin,R,,RUS,29.2046543463,6-2 6-4,3,R32,91,1,3,52,29,23,13,9,0,1,1,2,70,35,21,16,9,5,9,784,25,341,144
2022-9637,Forli 2 CH,Hard,32,C,20220110,283,200436,,,Zsombor Piros,R,,HUN,22.2450376454,206553,,WC,Luca Potenza,U,,ITA,21.453798768,6-3 6-4,3,R32,71,7,0,62,33,26,17,10,1,2,2,1,52,34,19,12,9,2,5,277,206,514,66
2022-9637,Forli 2 CH,Hard,32,C,20220110,282,127339,,,Borna Gojo,R,,CRO,23.8685831622,104797,6,,Denis Istomin,R,188,UZB,35.3429158111,6-2 6-4,3,R32,63,5,2,45,33,30,7,9,0,0,0,0,51,33,22,5,9,1,4,284,196,253,241
2022-9637,Forli 2 CH,Hard,32,C,20220110,281,105657,,,Marius Copil,R,193,ROU,31.2334017796,200303,4,,Pavel Kotov,R,,RUS,23.1457905544,7-5 5-7 6-4,3,R32,160,11,4,120,77,60,20,17,4,5,8,1,94,63,49,18,17,0,2,280,201,225,286
2022-9637,Forli 2 CH,Hard,32,C,20220110,280,106310,,,Alexander Ritschard,R,,SUI,27.8001368925,109303,,WC,Stefano Napolitano,R,,ITA,26.7515400411,7-6(5) 7-5,3,R32,103,6,1,90,61,44,11,12,7,10,15,2,74,42,33,12,12,0,4,276,207,485,74
2022-9637,Forli 2 CH,Hard,32,C,20220110,279,208134,,SE,Luca Nardi,R,,ITA,18.431211499,105060,,Q,Aldin Setkic,R,193,BIH,34.0561259411,7-6(3) 7-5,3,R32,117,7,4,71,38,30,19,12,4,6,1,3,86,53,33,15,12,5,8,306,171,395,107
2022-9637,Forli 2 CH,Hard,32,C,20220110,278,207733,8,,Jack Draper,L,,GBR,20.052019165,105933,,,Roberto Quiroz,L,193,ECU,29.8809034908,6-1 6-4,3,R32,73,5,8,52,21,18,16,9,2,3,3,4,56,37,22,6,8,5,9,262,227,311,167
2022-9637,Forli 2 CH,Hard,32,C,20220110,277,105649,5,,Cedrik Marcel Stebe,L,183,GER,31.2553045859,123983,,,Nerman Fatic,U,,BIH,27.2142368241,7-6(3) 6-4,3,R32,119,4,1,66,45,33,11,11,1,3,3,7,101,63,37,18,11,12,15,237,266,299,174
2022-9637,Forli 2 CH,Hard,32,C,20220110,276,206703,,Q,Paul Jubb,R,,GBR,22.1957563313,126555,,,Tung Lin Wu,R,,TPE,23.665982204,6-2 6-7(3) 6-1,3,R32,112,4,2,80,47,37,24,14,1,1,5,1,78,51,33,15,13,5,9,347,135,268,216
2022-9637,Forli 2 CH,Hard,32,C,20220110,275,105938,,,Antoine Escoffier,U,,FRA,29.864476386,209506,,Alt,Francesco Forti,R,,ITA,22.4613278576,7-6(6) 6-7(4) 6-3,3,R32,145,8,3,107,69,53,25,17,1,1,23,8,116,75,59,19,16,5,6,314,165,330,151
2022-9637,Forli 2 CH,Hard,32,C,20220110,274,126652,3,,Jay Clarke,R,,GBR,23.4579055441,200711,,,Nicolas Mejia,R,,COL,21.9137577002,4-6 6-3 6-4,3,R32,136,9,1,97,56,46,19,15,4,5,5,2,95,60,41,19,14,9,11,211,306,286,196
2022-9637,Forli 2 CH,Hard,32,C,20220110,273,202420,,Q,Aidan Mchugh,U,,GBR,21.5058179329,111187,7,,Kaichi Uchida,R,,JPN,27.3839835729,6-1 6-3,3,R32,80,2,2,49,32,24,10,8,5,6,0,2,53,32,16,7,8,7,12,337,145,264,225
2022-9637,Forli 2 CH,Hard,32,C,20220110,272,145001,,,Evan Furness,R,,FRA,23.4113620808,124154,,SE,Sasi Kumar Mukund,R,,IND,24.9883641342,7-6(4) 6-0,3,R32,98,2,0,64,44,31,12,9,2,3,3,3,71,44,28,10,9,8,12,289,188,352,130
2022-9637,Forli 2 CH,Hard,32,C,20220110,271,202090,,Q,Adrian Andreev,R,,BUL,20.6652977413,104291,,,Malek Jaziri,R,185,TUN,37.9739904175,6-2 6-3,3,R32,70,2,1,53,33,26,13,9,2,2,3,3,50,23,15,13,8,7,10,363,122,308,170
2022-9637,Forli 2 CH,Hard,32,C,20220110,270,126185,,,Evgenii Tiurnev,R,,RUS,24.758384668,126156,2,,Antoine Hoang,R,,FRA,26.1848049281,6-7(6) 7-6(8) 6-2,3,R32,196,7,3,114,71,54,26,16,2,3,8,4,126,78,54,26,16,5,8,283,198,200,323
2022-9637,Forli 2 CH,Hard,32,C,20220110,254,105060,,,Aldin Setkic,R,193,BIH,34.0561259411,123921,10,,Calvin Hemery,R,,FRA,26.9514031485,6-4 6-7(2) 6-3,3,Q2,150,3,5,105,74,56,14,16,3,4,16,3,92,61,48,15,15,3,6,395,107,373,117
2022-9637,Forli 2 CH,Hard,32,C,20220110,253,133835,11,,Gijs Brouwer,L,,NED,25.826146475,200188,2,,Matteo Martineau,U,,FRA,22.984257358,6-2 6-3,3,Q2,67,3,0,41,30,26,7,8,2,2,3,2,78,51,32,11,9,5,9,367,119,336,146
2022-9637,Forli 2 CH,Hard,32,C,20220110,252,202090,9,,Adrian Andreev,R,,BUL,20.6652977413,126107,3,,Michael Geerts,R,,BEL,26.9815195072,7-5 4-6 6-1,3,Q2,144,3,2,79,52,35,15,14,5,9,3,2,91,53,33,16,15,7,14,363,122,339,144
2022-9637,Forli 2 CH,Hard,32,C,20220110,251,106072,4,,Alexey Vatutin,R,,RUS,29.2046543463,106187,,,Denis Yevseyev,U,,KAZ,28.6379192334,6-2 6-2,3,Q2,65,2,2,54,29,20,18,8,2,2,3,1,55,33,17,10,8,3,7,341,144,391,108
2022-9637,Forli 2 CH,Hard,32,C,20220110,250,202420,5,,Aidan Mchugh,U,,GBR,21.5058179329,208286,8,,Matteo Arnaldi,R,183,GBR,20.8815879535,7-6(1) 6-4,3,Q2,129,2,1,93,66,43,12,11,11,13,7,4,74,45,31,12,11,5,8,337,145,364,122
2022-9637,Forli 2 CH,Hard,32,C,20220110,249,206703,7,,Paul Jubb,R,,GBR,22.1957563313,105514,,PR,Jeremy Jahn,R,180,GER,31.7672826831,6-2 6-1,3,Q2,49,6,0,33,23,19,7,7,0,1,1,4,56,29,12,12,8,5,11,347,135,565,55
2022-9637,Forli 2 CH,Hard,32,C,20220110,248,105060,,,Aldin Setkic,R,193,BIH,34.0561259411,125847,1,,Jelle Sels,U,,NED,26.4202600958,7-6(3) 6-7(5) 7-6(3),3,Q1,207,3,1,118,76,52,28,18,3,5,12,5,131,71,56,27,18,2,4,395,107,334,148
2022-9637,Forli 2 CH,Hard,32,C,20220110,247,123921,10,,Calvin Hemery,R,,FRA,26.9514031485,208300,,Alt,Omni Kumar,U,,USA,20.2518822724,6-2 7-5,3,Q1,90,8,1,54,36,27,12,10,6,8,2,3,77,34,20,18,10,6,11,373,117,526,64
2022-9637,Forli 2 CH,Hard,32,C,20220110,246,200188,2,,Matteo Martineau,U,,FRA,22.984257358,206091,,Alt,Yan Bondarevskiy,U,,RUS,21.8179329227,7-6(4) 6-3,3,Q1,95,4,9,84,49,39,13,11,8,10,1,5,65,47,30,7,10,1,4,336,146,443,85
2022-9637,Forli 2 CH,Hard,32,C,20220110,245,133835,11,,Gijs Brouwer,L,,NED,25.826146475,200247,,,Alexandar Lazarov,R,,BUL,24.1779603012,6-3 6-3,3,Q1,65,3,4,61,41,31,10,9,3,3,2,0,58,38,27,6,9,6,9,367,119,406,102
2022-9637,Forli 2 CH,Hard,32,C,20220110,244,126107,3,,Michael Geerts,R,,BEL,26.9815195072,208859,,WC,Francesco Passaro,R,,ITA,21.0075290897,6-3 6-3,3,Q1,70,5,2,45,25,23,13,9,0,0,1,1,60,42,23,10,9,6,9,339,144,602,48
2022-9637,Forli 2 CH,Hard,32,C,20220110,242,106072,4,,Alexey Vatutin,R,,RUS,29.2046543463,200255,,Alt,Alexander Weis,U,,ITA,24.7145790554,6-4 6-2,3,Q1,84,2,4,52,28,24,13,9,3,5,3,3,68,33,19,14,9,4,9,341,144,490,73
2022-9637,Forli 2 CH,Hard,32,C,20220110,241,106187,,,Denis Yevseyev,U,,KAZ,28.6379192334,202398,12,,Michael Vrbensky,R,,CZE,22.0424366872,6-3 6-2,3,Q1,67,3,3,73,41,30,16,9,3,3,3,0,46,24,15,11,8,1,4,391,108,365,122
2022-9637,Forli 2 CH,Hard,32,C,20220110,240,202420,5,,Aidan Mchugh,U,,GBR,21.5058179329,110618,,,Elmar Ejupovic,R,,BIH,28.93908282,3-6 7-6(7) 6-1,3,Q1,162,7,0,85,55,42,20,15,1,3,8,3,88,53,38,20,13,5,7,337,145,400,106
2022-9637,Forli 2 CH,Hard,32,C,20220110,239,208286,8,,Matteo Arnaldi,R,183,GBR,20.8815879535,210086,,WC,Lorenzo Angelini,U,,ITA,15.8548939083,7-5 6-4,3,Q1,79,4,3,63,40,31,12,11,2,4,1,3,79,55,36,10,11,8,12,364,122,,
2022-9637,Forli 2 CH,Hard,32,C,20220110,238,105514,,PR,Jeremy Jahn,R,180,GER,31.7672826831,127140,,Alt,Alessandro Dragoni,U,,ITA,24.4572210815,6-7(5) 7-5 6-2,3,Q1,120,10,4,103,60,46,25,16,7,9,7,8,106,67,44,19,16,6,11,565,55,1768,1
2022-9637,Forli 2 CH,Hard,32,C,20220110,237,206703,7,,Paul Jubb,R,,GBR,22.1957563313,208209,,WC,Giacomo Dambrosi,R,,ITA,20.3915126626,6-4 6-1,3,Q1,63,1,1,47,27,21,16,9,0,0,3,1,52,35,18,11,8,5,8,347,135,758,28
